doc_id,domain,corpus,drug_group,group_fold,axis1_role,cv_round1,cv_round2,cv_round3,cv_round4
cadecv2:ANTIHYPERTENSIVES-COZAAR.10,forum,cadecv2,ANTIHYPERTENSIVE,3,forum,train,train,calib,test
cadecv2:ANTIHYPERTENSIVES-COZAAR.11,forum,cadecv2,ANTIHYPERTENSIVE,3,forum,train,train,calib,test
cadecv2:ANTIHYPERTENSIVES-COZAAR.12,forum,cadecv2,ANTIHYPERTENSIVE,3,forum,train,train,calib,test
cadecv2:ANTIHYPERTENSIVES-COZAAR.13,forum,cadecv2,ANTIHYPERTENSIVE,3,forum,train,train,calib,test
cadecv2:ANTIHYPERTENSIVES-COZAAR.14,forum,cadecv2,ANTIHYPERTENSIVE,3,forum,train,train,calib,test
cadecv2:ANTIHYPERTENSIVES-COZAAR.15,forum,cadecv2,ANTIHYPERTENSIVE,3,forum,train,train,calib,test
cadecv2:ANTIHYPERTENSIVES-COZAAR.16,forum,cadecv2,ANTIHYPERTENSIVE,3,forum,train,train,calib,test
cadecv2:ANTIHYPERTENSIVES-COZAAR.17,forum,cadecv2,ANTIHYPERTENSIVE,3,forum,train,train,calib,test
cadecv2:ANTIHYPERTENSIVES-COZAAR.18,forum,cadecv2,ANTIHYPERTENSIVE,3,forum,train,train,calib,test
cadecv2:ANTIHYPERTENSIVES-COZAAR.19,forum,cadecv2,ANTIHYPERTENSIVE,3,forum,train,train,calib,test
cadecv2:ANTIHYPERTENSIVES-COZAAR.2,forum,cadecv2,ANTIHYPERTENSIVE,3,forum,train,train,calib,test
cadecv2:ANTIHYPERTENSIVES-COZAAR.24,forum,cadecv2,ANTIHYPERTENSIVE,3,forum,train,train,calib,test
cadecv2:ANTIHYPERTENSIVES-COZAAR.25,forum,cadecv2,ANTIHYPERTENSIVE,3,forum,train,train,calib,test
cadecv2:ANTIHYPERTENSIVES-COZAAR.26,forum,cadecv2,ANTIHYPERTENSIVE,3,forum,train,train,calib,test
cadecv2:ANTIHYPERTENSIVES-COZAAR.28,forum,cadecv2,ANTIHYPERTENSIVE,3,forum,train,train,calib,test
cadecv2:ANTIHYPERTENSIVES-COZAAR.29,forum,cadecv2,ANTIHYPERTENSIVE,3,forum,train,train,calib,test
cadecv2:ANTIHYPERTENSIVES-COZAAR.31,forum,cadecv2,ANTIHYPERTENSIVE,3,forum,train,train,calib,test
cadecv2:ANTIHYPERTENSIVES-COZAAR.32,forum,cadecv2,ANTIHYPERTENSIVE,3,forum,train,train,calib,test
cadecv2:ANTIHYPERTENSIVES-COZAAR.33,forum,cadecv2,ANTIHYPERTENSIVE,3,forum,train,train,calib,test
cadecv2:ANTIHYPERTENSIVES-COZAAR.34,forum,cadecv2,ANTIHYPERTENSIVE,3,forum,train,train,calib,test
cadecv2:ANTIHYPERTENSIVES-COZAAR.35,forum,cadecv2,ANTIHYPERTENSIVE,3,forum,train,train,calib,test
cadecv2:ANTIHYPERTENSIVES-COZAAR.36,forum,cadecv2,ANTIHYPERTENSIVE,3,forum,train,train,calib,test
cadecv2:ANTIHYPERTENSIVES-COZAAR.39,forum,cadecv2,ANTIHYPERTENSIVE,3,forum,train,train,calib,test
cadecv2:ANTIHYPERTENSIVES-COZAAR.4,forum,cadecv2,ANTIHYPERTENSIVE,3,forum,train,train,calib,test
cadecv2:ANTIHYPERTENSIVES-COZAAR.40,forum,cadecv2,ANTIHYPERTENSIVE,3,forum,train,train,calib,test
cadecv2:ANTIHYPERTENSIVES-COZAAR.41,forum,cadecv2,ANTIHYPERTENSIVE,3,forum,train,train,calib,test
cadecv2:ANTIHYPERTENSIVES-COZAAR.42,forum,cadecv2,ANTIHYPERTENSIVE,3,forum,train,train,calib,test
cadecv2:ANTIHYPERTENSIVES-COZAAR.43,forum,cadecv2,ANTIHYPERTENSIVE,3,forum,train,train,calib,test
cadecv2:ANTIHYPERTENSIVES-COZAAR.46,forum,cadecv2,ANTIHYPERTENSIVE,3,forum,train,train,calib,test
cadecv2:ANTIHYPERTENSIVES-COZAAR.47,forum,cadecv2,ANTIHYPERTENSIVE,3,forum,train,train,calib,test
cadecv2:ANTIHYPERTENSIVES-COZAAR.48,forum,cadecv2,ANTIHYPERTENSIVE,3,forum,train,train,calib,test
cadecv2:ANTIHYPERTENSIVES-COZAAR.49,forum,cadecv2,ANTIHYPERTENSIVE,3,forum,train,train,calib,test
cadecv2:ANTIHYPERTENSIVES-COZAAR.5,forum,cadecv2,ANTIHYPERTENSIVE,3,forum,train,train,calib,test
cadecv2:ANTIHYPERTENSIVES-COZAAR.50,forum,cadecv2,ANTIHYPERTENSIVE,3,forum,train,train,calib,test
cadecv2:ANTIHYPERTENSIVES-COZAAR.51,forum,cadecv2,ANTIHYPERTENSIVE,3,forum,train,train,calib,test
cadecv2:ANTIHYPERTENSIVES-COZAAR.52,forum,cadecv2,ANTIHYPERTENSIVE,3,forum,train,train,calib,test
cadecv2:ANTIHYPERTENSIVES-COZAAR.54,forum,cadecv2,ANTIHYPERTENSIVE,3,forum,train,train,calib,test
cadecv2:ANTIHYPERTENSIVES-COZAAR.55,forum,cadecv2,ANTIHYPERTENSIVE,3,forum,train,train,calib,test
cadecv2:ANTIHYPERTENSIVES-COZAAR.56,forum,cadecv2,ANTIHYPERTENSIVE,3,forum,train,train,calib,test
cadecv2:ANTIHYPERTENSIVES-COZAAR.59,forum,cadecv2,ANTIHYPERTENSIVE,3,forum,train,train,calib,test
cadecv2:ANTIHYPERTENSIVES-COZAAR.6,forum,cadecv2,ANTIHYPERTENSIVE,3,forum,train,train,calib,test
cadecv2:ANTIHYPERTENSIVES-COZAAR.60,forum,cadecv2,ANTIHYPERTENSIVE,3,forum,train,train,calib,test
cadecv2:ANTIHYPERTENSIVES-COZAAR.61,forum,cadecv2,ANTIHYPERTENSIVE,3,forum,train,train,calib,test
cadecv2:ANTIHYPERTENSIVES-COZAAR.62,forum,cadecv2,ANTIHYPERTENSIVE,3,forum,train,train,calib,test
cadecv2:ANTIHYPERTENSIVES-COZAAR.63,forum,cadecv2,ANTIHYPERTENSIVE,3,forum,train,train,calib,test
cadecv2:ANTIHYPERTENSIVES-COZAAR.65,forum,cadecv2,ANTIHYPERTENSIVE,3,forum,train,train,calib,test
cadecv2:ANTIHYPERTENSIVES-COZAAR.67,forum,cadecv2,ANTIHYPERTENSIVE,3,forum,train,train,calib,test
cadecv2:ANTIHYPERTENSIVES-COZAAR.68,forum,cadecv2,ANTIHYPERTENSIVE,3,forum,train,train,calib,test
cadecv2:ANTIHYPERTENSIVES-COZAAR.7,forum,cadecv2,ANTIHYPERTENSIVE,3,forum,train,train,calib,test
cadecv2:ANTIHYPERTENSIVES-COZAAR.70,forum,cadecv2,ANTIHYPERTENSIVE,3,forum,train,train,calib,test
cadecv2:ANTIHYPERTENSIVES-COZAAR.71,forum,cadecv2,ANTIHYPERTENSIVE,3,forum,train,train,calib,test
cadecv2:ANTIHYPERTENSIVES-COZAAR.72,forum,cadecv2,ANTIHYPERTENSIVE,3,forum,train,train,calib,test
cadecv2:ANTIHYPERTENSIVES-COZAAR.74,forum,cadecv2,ANTIHYPERTENSIVE,3,forum,train,train,calib,test
cadecv2:ANTIHYPERTENSIVES-COZAAR.75,forum,cadecv2,ANTIHYPERTENSIVE,3,forum,train,train,calib,test
cadecv2:ANTIHYPERTENSIVES-COZAAR.76,forum,cadecv2,ANTIHYPERTENSIVE,3,forum,train,train,calib,test
cadecv2:ANTIHYPERTENSIVES-COZAAR.77,forum,cadecv2,ANTIHYPERTENSIVE,3,forum,train,train,calib,test
cadecv2:ANTIHYPERTENSIVES-COZAAR.78,forum,cadecv2,ANTIHYPERTENSIVE,3,forum,train,train,calib,test
cadecv2:ANTIHYPERTENSIVES-COZAAR.8,forum,cadecv2,ANTIHYPERTENSIVE,3,forum,train,train,calib,test
cadecv2:ANTIHYPERTENSIVES-COZAAR.80,forum,cadecv2,ANTIHYPERTENSIVE,3,forum,train,train,calib,test
cadecv2:ANTIHYPERTENSIVES-COZAAR.81,forum,cadecv2,ANTIHYPERTENSIVE,3,forum,train,train,calib,test
cadecv2:ANTIHYPERTENSIVES-COZAAR.82,forum,cadecv2,ANTIHYPERTENSIVE,3,forum,train,train,calib,test
cadecv2:ANTIHYPERTENSIVES-COZAAR.83,forum,cadecv2,ANTIHYPERTENSIVE,3,forum,train,train,calib,test
cadecv2:ANTIHYPERTENSIVES-COZAAR.84,forum,cadecv2,ANTIHYPERTENSIVE,3,forum,train,train,calib,test
cadecv2:ANTIHYPERTENSIVES-COZAAR.85,forum,cadecv2,ANTIHYPERTENSIVE,3,forum,train,train,calib,test
cadecv2:ANTIHYPERTENSIVES-COZAAR.88,forum,cadecv2,ANTIHYPERTENSIVE,3,forum,train,train,calib,test
cadecv2:ANTIHYPERTENSIVES-COZAAR.89,forum,cadecv2,ANTIHYPERTENSIVE,3,forum,train,train,calib,test
cadecv2:ANTIHYPERTENSIVES-COZAAR.91,forum,cadecv2,ANTIHYPERTENSIVE,3,forum,train,train,calib,test
cadecv2:ANTIHYPERTENSIVES-COZAAR.93,forum,cadecv2,ANTIHYPERTENSIVE,3,forum,train,train,calib,test
cadecv2:ANTIHYPERTENSIVES-DIOVAN.1,forum,cadecv2,ANTIHYPERTENSIVE,3,forum,train,train,calib,test
cadecv2:ANTIHYPERTENSIVES-DIOVAN.10,forum,cadecv2,ANTIHYPERTENSIVE,3,forum,train,train,calib,test
cadecv2:ANTIHYPERTENSIVES-DIOVAN.102,forum,cadecv2,ANTIHYPERTENSIVE,3,forum,train,train,calib,test
cadecv2:ANTIHYPERTENSIVES-DIOVAN.103,forum,cadecv2,ANTIHYPERTENSIVE,3,forum,train,train,calib,test
cadecv2:ANTIHYPERTENSIVES-DIOVAN.105,forum,cadecv2,ANTIHYPERTENSIVE,3,forum,train,train,calib,test
cadecv2:ANTIHYPERTENSIVES-DIOVAN.107,forum,cadecv2,ANTIHYPERTENSIVE,3,forum,train,train,calib,test
cadecv2:ANTIHYPERTENSIVES-DIOVAN.109,forum,cadecv2,ANTIHYPERTENSIVE,3,forum,train,train,calib,test
cadecv2:ANTIHYPERTENSIVES-DIOVAN.11,forum,cadecv2,ANTIHYPERTENSIVE,3,forum,train,train,calib,test
cadecv2:ANTIHYPERTENSIVES-DIOVAN.111,forum,cadecv2,ANTIHYPERTENSIVE,3,forum,train,train,calib,test
cadecv2:ANTIHYPERTENSIVES-DIOVAN.112,forum,cadecv2,ANTIHYPERTENSIVE,3,forum,train,train,calib,test
cadecv2:ANTIHYPERTENSIVES-DIOVAN.113,forum,cadecv2,ANTIHYPERTENSIVE,3,forum,train,train,calib,test
cadecv2:ANTIHYPERTENSIVES-DIOVAN.115,forum,cadecv2,ANTIHYPERTENSIVE,3,forum,train,train,calib,test
cadecv2:ANTIHYPERTENSIVES-DIOVAN.116,forum,cadecv2,ANTIHYPERTENSIVE,3,forum,train,train,calib,test
cadecv2:ANTIHYPERTENSIVES-DIOVAN.117,forum,cadecv2,ANTIHYPERTENSIVE,3,forum,train,train,calib,test
cadecv2:ANTIHYPERTENSIVES-DIOVAN.119,forum,cadecv2,ANTIHYPERTENSIVE,3,forum,train,train,calib,test
cadecv2:ANTIHYPERTENSIVES-DIOVAN.12,forum,cadecv2,ANTIHYPERTENSIVE,3,forum,train,train,calib,test
cadecv2:ANTIHYPERTENSIVES-DIOVAN.120,forum,cadecv2,ANTIHYPERTENSIVE,3,forum,train,train,calib,test
cadecv2:ANTIHYPERTENSIVES-DIOVAN.121,forum,cadecv2,ANTIHYPERTENSIVE,3,forum,train,train,calib,test
cadecv2:ANTIHYPERTENSIVES-DIOVAN.122,forum,cadecv2,ANTIHYPERTENSIVE,3,forum,train,train,calib,test
cadecv2:ANTIHYPERTENSIVES-DIOVAN.124,forum,cadecv2,ANTIHYPERTENSIVE,3,forum,train,train,calib,test
cadecv2:ANTIHYPERTENSIVES-DIOVAN.125,forum,cadecv2,ANTIHYPERTENSIVE,3,forum,train,train,calib,test
cadecv2:ANTIHYPERTENSIVES-DIOVAN.126,forum,cadecv2,ANTIHYPERTENSIVE,3,forum,train,train,calib,test
cadecv2:ANTIHYPERTENSIVES-DIOVAN.127,forum,cadecv2,ANTIHYPERTENSIVE,3,forum,train,train,calib,test
cadecv2:ANTIHYPERTENSIVES-DIOVAN.128,forum,cadecv2,ANTIHYPERTENSIVE,3,forum,train,train,calib,test
cadecv2:ANTIHYPERTENSIVES-DIOVAN.129,forum,cadecv2,ANTIHYPERTENSIVE,3,forum,train,train,calib,test
cadecv2:ANTIHYPERTENSIVES-DIOVAN.13,forum,cadecv2,ANTIHYPERTENSIVE,3,forum,train,train,calib,test
cadecv2:ANTIHYPERTENSIVES-DIOVAN.130,forum,cadecv2,ANTIHYPERTENSIVE,3,forum,train,train,calib,test
cadecv2:ANTIHYPERTENSIVES-DIOVAN.131,forum,cadecv2,ANTIHYPERTENSIVE,3,forum,train,train,calib,test
cadecv2:ANTIHYPERTENSIVES-DIOVAN.132,forum,cadecv2,ANTIHYPERTENSIVE,3,forum,train,train,calib,test
cadecv2:ANTIHYPERTENSIVES-DIOVAN.134,forum,cadecv2,ANTIHYPERTENSIVE,3,forum,train,train,calib,test
cadecv2:ANTIHYPERTENSIVES-DIOVAN.135,forum,cadecv2,ANTIHYPERTENSIVE,3,forum,train,train,calib,test
cadecv2:ANTIHYPERTENSIVES-DIOVAN.136,forum,cadecv2,ANTIHYPERTENSIVE,3,forum,train,train,calib,test
cadecv2:ANTIHYPERTENSIVES-DIOVAN.138,forum,cadecv2,ANTIHYPERTENSIVE,3,forum,train,train,calib,test
cadecv2:ANTIHYPERTENSIVES-DIOVAN.139,forum,cadecv2,ANTIHYPERTENSIVE,3,forum,train,train,calib,test
cadecv2:ANTIHYPERTENSIVES-DIOVAN.14,forum,cadecv2,ANTIHYPERTENSIVE,3,forum,train,train,calib,test
cadecv2:ANTIHYPERTENSIVES-DIOVAN.140,forum,cadecv2,ANTIHYPERTENSIVE,3,forum,train,train,calib,test
cadecv2:ANTIHYPERTENSIVES-DIOVAN.141,forum,cadecv2,ANTIHYPERTENSIVE,3,forum,train,train,calib,test
cadecv2:ANTIHYPERTENSIVES-DIOVAN.143,forum,cadecv2,ANTIHYPERTENSIVE,3,forum,train,train,calib,test
cadecv2:ANTIHYPERTENSIVES-DIOVAN.144,forum,cadecv2,ANTIHYPERTENSIVE,3,forum,train,train,calib,test
cadecv2:ANTIHYPERTENSIVES-DIOVAN.145,forum,cadecv2,ANTIHYPERTENSIVE,3,forum,train,train,calib,test
cadecv2:ANTIHYPERTENSIVES-DIOVAN.146,forum,cadecv2,ANTIHYPERTENSIVE,3,forum,train,train,calib,test
cadecv2:ANTIHYPERTENSIVES-DIOVAN.147,forum,cadecv2,ANTIHYPERTENSIVE,3,forum,train,train,calib,test
cadecv2:ANTIHYPERTENSIVES-DIOVAN.148,forum,cadecv2,ANTIHYPERTENSIVE,3,forum,train,train,calib,test
cadecv2:ANTIHYPERTENSIVES-DIOVAN.15,forum,cadecv2,ANTIHYPERTENSIVE,3,forum,train,train,calib,test
cadecv2:ANTIHYPERTENSIVES-DIOVAN.150,forum,cadecv2,ANTIHYPERTENSIVE,3,forum,train,train,calib,test
cadecv2:ANTIHYPERTENSIVES-DIOVAN.151,forum,cadecv2,ANTIHYPERTENSIVE,3,forum,train,train,calib,test
cadecv2:ANTIHYPERTENSIVES-DIOVAN.152,forum,cadecv2,ANTIHYPERTENSIVE,3,forum,train,train,calib,test
cadecv2:ANTIHYPERTENSIVES-DIOVAN.153,forum,cadecv2,ANTIHYPERTENSIVE,3,forum,train,train,calib,test
cadecv2:ANTIHYPERTENSIVES-DIOVAN.157,forum,cadecv2,ANTIHYPERTENSIVE,3,forum,train,train,calib,test
cadecv2:ANTIHYPERTENSIVES-DIOVAN.158,forum,cadecv2,ANTIHYPERTENSIVE,3,forum,train,train,calib,test
cadecv2:ANTIHYPERTENSIVES-DIOVAN.159,forum,cadecv2,ANTIHYPERTENSIVE,3,forum,train,train,calib,test
cadecv2:ANTIHYPERTENSIVES-DIOVAN.16,forum,cadecv2,ANTIHYPERTENSIVE,3,forum,train,train,calib,test
cadecv2:ANTIHYPERTENSIVES-DIOVAN.161,forum,cadecv2,ANTIHYPERTENSIVE,3,forum,train,train,calib,test
cadecv2:ANTIHYPERTENSIVES-DIOVAN.162,forum,cadecv2,ANTIHYPERTENSIVE,3,forum,train,train,calib,test
cadecv2:ANTIHYPERTENSIVES-DIOVAN.163,forum,cadecv2,ANTIHYPERTENSIVE,3,forum,train,train,calib,test
cadecv2:ANTIHYPERTENSIVES-DIOVAN.164,forum,cadecv2,ANTIHYPERTENSIVE,3,forum,train,train,calib,test
cadecv2:ANTIHYPERTENSIVES-DIOVAN.17,forum,cadecv2,ANTIHYPERTENSIVE,3,forum,train,train,calib,test
cadecv2:ANTIHYPERTENSIVES-DIOVAN.18,forum,cadecv2,ANTIHYPERTENSIVE,3,forum,train,train,calib,test
cadecv2:ANTIHYPERTENSIVES-DIOVAN.2,forum,cadecv2,ANTIHYPERTENSIVE,3,forum,train,train,calib,test
cadecv2:ANTIHYPERTENSIVES-DIOVAN.20,forum,cadecv2,ANTIHYPERTENSIVE,3,forum,train,train,calib,test
cadecv2:ANTIHYPERTENSIVES-DIOVAN.21,forum,cadecv2,ANTIHYPERTENSIVE,3,forum,train,train,calib,test
cadecv2:ANTIHYPERTENSIVES-DIOVAN.22,forum,cadecv2,ANTIHYPERTENSIVE,3,forum,train,train,calib,test
cadecv2:ANTIHYPERTENSIVES-DIOVAN.23,forum,cadecv2,ANTIHYPERTENSIVE,3,forum,train,train,calib,test
cadecv2:ANTIHYPERTENSIVES-DIOVAN.25,forum,cadecv2,ANTIHYPERTENSIVE,3,forum,train,train,calib,test
cadecv2:ANTIHYPERTENSIVES-DIOVAN.26,forum,cadecv2,ANTIHYPERTENSIVE,3,forum,train,train,calib,test
cadecv2:ANTIHYPERTENSIVES-DIOVAN.28,forum,cadecv2,ANTIHYPERTENSIVE,3,forum,train,train,calib,test
cadecv2:ANTIHYPERTENSIVES-DIOVAN.29,forum,cadecv2,ANTIHYPERTENSIVE,3,forum,train,train,calib,test
cadecv2:ANTIHYPERTENSIVES-DIOVAN.30,forum,cadecv2,ANTIHYPERTENSIVE,3,forum,train,train,calib,test
cadecv2:ANTIHYPERTENSIVES-DIOVAN.31,forum,cadecv2,ANTIHYPERTENSIVE,3,forum,train,train,calib,test
cadecv2:ANTIHYPERTENSIVES-DIOVAN.32,forum,cadecv2,ANTIHYPERTENSIVE,3,forum,train,train,calib,test
cadecv2:ANTIHYPERTENSIVES-DIOVAN.33,forum,cadecv2,ANTIHYPERTENSIVE,3,forum,train,train,calib,test
cadecv2:ANTIHYPERTENSIVES-DIOVAN.34,forum,cadecv2,ANTIHYPERTENSIVE,3,forum,train,train,calib,test
cadecv2:ANTIHYPERTENSIVES-DIOVAN.35,forum,cadecv2,ANTIHYPERTENSIVE,3,forum,train,train,calib,test
cadecv2:ANTIHYPERTENSIVES-DIOVAN.36,forum,cadecv2,ANTIHYPERTENSIVE,3,forum,train,train,calib,test
cadecv2:ANTIHYPERTENSIVES-DIOVAN.37,forum,cadecv2,ANTIHYPERTENSIVE,3,forum,train,train,calib,test
cadecv2:ANTIHYPERTENSIVES-DIOVAN.38,forum,cadecv2,ANTIHYPERTENSIVE,3,forum,train,train,calib,test
cadecv2:ANTIHYPERTENSIVES-DIOVAN.39,forum,cadecv2,ANTIHYPERTENSIVE,3,forum,train,train,calib,test
cadecv2:ANTIHYPERTENSIVES-DIOVAN.4,forum,cadecv2,ANTIHYPERTENSIVE,3,forum,train,train,calib,test
cadecv2:ANTIHYPERTENSIVES-DIOVAN.40,forum,cadecv2,ANTIHYPERTENSIVE,3,forum,train,train,calib,test
cadecv2:ANTIHYPERTENSIVES-DIOVAN.41,forum,cadecv2,ANTIHYPERTENSIVE,3,forum,train,train,calib,test
cadecv2:ANTIHYPERTENSIVES-DIOVAN.42,forum,cadecv2,ANTIHYPERTENSIVE,3,forum,train,train,calib,test
cadecv2:ANTIHYPERTENSIVES-DIOVAN.43,forum,cadecv2,ANTIHYPERTENSIVE,3,forum,train,train,calib,test
cadecv2:ANTIHYPERTENSIVES-DIOVAN.45,forum,cadecv2,ANTIHYPERTENSIVE,3,forum,train,train,calib,test
cadecv2:ANTIHYPERTENSIVES-DIOVAN.46,forum,cadecv2,ANTIHYPERTENSIVE,3,forum,train,train,calib,test
cadecv2:ANTIHYPERTENSIVES-DIOVAN.47,forum,cadecv2,ANTIHYPERTENSIVE,3,forum,train,train,calib,test
cadecv2:ANTIHYPERTENSIVES-DIOVAN.48,forum,cadecv2,ANTIHYPERTENSIVE,3,forum,train,train,calib,test
cadecv2:ANTIHYPERTENSIVES-DIOVAN.49,forum,cadecv2,ANTIHYPERTENSIVE,3,forum,train,train,calib,test
cadecv2:ANTIHYPERTENSIVES-DIOVAN.5,forum,cadecv2,ANTIHYPERTENSIVE,3,forum,train,train,calib,test
cadecv2:ANTIHYPERTENSIVES-DIOVAN.50,forum,cadecv2,ANTIHYPERTENSIVE,3,forum,train,train,calib,test
cadecv2:ANTIHYPERTENSIVES-DIOVAN.51,forum,cadecv2,ANTIHYPERTENSIVE,3,forum,train,train,calib,test
cadecv2:ANTIHYPERTENSIVES-DIOVAN.52,forum,cadecv2,ANTIHYPERTENSIVE,3,forum,train,train,calib,test
cadecv2:ANTIHYPERTENSIVES-DIOVAN.53,forum,cadecv2,ANTIHYPERTENSIVE,3,forum,train,train,calib,test
cadecv2:ANTIHYPERTENSIVES-DIOVAN.54,forum,cadecv2,ANTIHYPERTENSIVE,3,forum,train,train,calib,test
cadecv2:ANTIHYPERTENSIVES-DIOVAN.55,forum,cadecv2,ANTIHYPERTENSIVE,3,forum,train,train,calib,test
cadecv2:ANTIHYPERTENSIVES-DIOVAN.56,forum,cadecv2,ANTIHYPERTENSIVE,3,forum,train,train,calib,test
cadecv2:ANTIHYPERTENSIVES-DIOVAN.57,forum,cadecv2,ANTIHYPERTENSIVE,3,forum,train,train,calib,test
cadecv2:ANTIHYPERTENSIVES-DIOVAN.58,forum,cadecv2,ANTIHYPERTENSIVE,3,forum,train,train,calib,test
cadecv2:ANTIHYPERTENSIVES-DIOVAN.59,forum,cadecv2,ANTIHYPERTENSIVE,3,forum,train,train,calib,test
cadecv2:ANTIHYPERTENSIVES-DIOVAN.60,forum,cadecv2,ANTIHYPERTENSIVE,3,forum,train,train,calib,test
cadecv2:ANTIHYPERTENSIVES-DIOVAN.62,forum,cadecv2,ANTIHYPERTENSIVE,3,forum,train,train,calib,test
cadecv2:ANTIHYPERTENSIVES-DIOVAN.64,forum,cadecv2,ANTIHYPERTENSIVE,3,forum,train,train,calib,test
cadecv2:ANTIHYPERTENSIVES-DIOVAN.65,forum,cadecv2,ANTIHYPERTENSIVE,3,forum,train,train,calib,test
cadecv2:ANTIHYPERTENSIVES-DIOVAN.66,forum,cadecv2,ANTIHYPERTENSIVE,3,forum,train,train,calib,test
cadecv2:ANTIHYPERTENSIVES-DIOVAN.67,forum,cadecv2,ANTIHYPERTENSIVE,3,forum,train,train,calib,test
cadecv2:ANTIHYPERTENSIVES-DIOVAN.68,forum,cadecv2,ANTIHYPERTENSIVE,3,forum,train,train,calib,test
cadecv2:ANTIHYPERTENSIVES-DIOVAN.69,forum,cadecv2,ANTIHYPERTENSIVE,3,forum,train,train,calib,test
cadecv2:ANTIHYPERTENSIVES-DIOVAN.7,forum,cadecv2,ANTIHYPERTENSIVE,3,forum,train,train,calib,test
cadecv2:ANTIHYPERTENSIVES-DIOVAN.70,forum,cadecv2,ANTIHYPERTENSIVE,3,forum,train,train,calib,test
cadecv2:ANTIHYPERTENSIVES-DIOVAN.72,forum,cadecv2,ANTIHYPERTENSIVE,3,forum,train,train,calib,test
cadecv2:ANTIHYPERTENSIVES-DIOVAN.73,forum,cadecv2,ANTIHYPERTENSIVE,3,forum,train,train,calib,test
cadecv2:ANTIHYPERTENSIVES-DIOVAN.74,forum,cadecv2,ANTIHYPERTENSIVE,3,forum,train,train,calib,test
cadecv2:ANTIHYPERTENSIVES-DIOVAN.75,forum,cadecv2,ANTIHYPERTENSIVE,3,forum,train,train,calib,test
cadecv2:ANTIHYPERTENSIVES-DIOVAN.76,forum,cadecv2,ANTIHYPERTENSIVE,3,forum,train,train,calib,test
cadecv2:ANTIHYPERTENSIVES-DIOVAN.77,forum,cadecv2,ANTIHYPERTENSIVE,3,forum,train,train,calib,test
cadecv2:ANTIHYPERTENSIVES-DIOVAN.79,forum,cadecv2,ANTIHYPERTENSIVE,3,forum,train,train,calib,test
cadecv2:ANTIHYPERTENSIVES-DIOVAN.8,forum,cadecv2,ANTIHYPERTENSIVE,3,forum,train,train,calib,test
cadecv2:ANTIHYPERTENSIVES-DIOVAN.80,forum,cadecv2,ANTIHYPERTENSIVE,3,forum,train,train,calib,test
cadecv2:ANTIHYPERTENSIVES-DIOVAN.81,forum,cadecv2,ANTIHYPERTENSIVE,3,forum,train,train,calib,test
cadecv2:ANTIHYPERTENSIVES-DIOVAN.82,forum,cadecv2,ANTIHYPERTENSIVE,3,forum,train,train,calib,test
cadecv2:ANTIHYPERTENSIVES-DIOVAN.83,forum,cadecv2,ANTIHYPERTENSIVE,3,forum,train,train,calib,test
cadecv2:ANTIHYPERTENSIVES-DIOVAN.84,forum,cadecv2,ANTIHYPERTENSIVE,3,forum,train,train,calib,test
cadecv2:ANTIHYPERTENSIVES-DIOVAN.85,forum,cadecv2,ANTIHYPERTENSIVE,3,forum,train,train,calib,test
cadecv2:ANTIHYPERTENSIVES-DIOVAN.89,forum,cadecv2,ANTIHYPERTENSIVE,3,forum,train,train,calib,test
cadecv2:ANTIHYPERTENSIVES-DIOVAN.9,forum,cadecv2,ANTIHYPERTENSIVE,3,forum,train,train,calib,test
cadecv2:ANTIHYPERTENSIVES-DIOVAN.91,forum,cadecv2,ANTIHYPERTENSIVE,3,forum,train,train,calib,test
cadecv2:ANTIHYPERTENSIVES-DIOVAN.92,forum,cadecv2,ANTIHYPERTENSIVE,3,forum,train,train,calib,test
cadecv2:ANTIHYPERTENSIVES-DIOVAN.94,forum,cadecv2,ANTIHYPERTENSIVE,3,forum,train,train,calib,test
cadecv2:ANTIHYPERTENSIVES-DIOVAN.95,forum,cadecv2,ANTIHYPERTENSIVE,3,forum,train,train,calib,test
cadecv2:ANTIHYPERTENSIVES-DIOVAN.96,forum,cadecv2,ANTIHYPERTENSIVE,3,forum,train,train,calib,test
cadecv2:ANTIHYPERTENSIVES-DIOVAN.98,forum,cadecv2,ANTIHYPERTENSIVE,3,forum,train,train,calib,test
cadecv2:ANTIHYPERTENSIVES-DIOVAN.99,forum,cadecv2,ANTIHYPERTENSIVE,3,forum,train,train,calib,test
cadecv2:ANTIHYPERTENSIVES-DIOVANHCT.1,forum,cadecv2,ANTIHYPERTENSIVE,3,forum,train,train,calib,test
cadecv2:ANTIHYPERTENSIVES-DIOVANHCT.10,forum,cadecv2,ANTIHYPERTENSIVE,3,forum,train,train,calib,test
cadecv2:ANTIHYPERTENSIVES-DIOVANHCT.11,forum,cadecv2,ANTIHYPERTENSIVE,3,forum,train,train,calib,test
cadecv2:ANTIHYPERTENSIVES-DIOVANHCT.12,forum,cadecv2,ANTIHYPERTENSIVE,3,forum,train,train,calib,test
cadecv2:ANTIHYPERTENSIVES-DIOVANHCT.13,forum,cadecv2,ANTIHYPERTENSIVE,3,forum,train,train,calib,test
cadecv2:ANTIHYPERTENSIVES-DIOVANHCT.16,forum,cadecv2,ANTIHYPERTENSIVE,3,forum,train,train,calib,test
cadecv2:ANTIHYPERTENSIVES-DIOVANHCT.19,forum,cadecv2,ANTIHYPERTENSIVE,3,forum,train,train,calib,test
cadecv2:ANTIHYPERTENSIVES-DIOVANHCT.2,forum,cadecv2,ANTIHYPERTENSIVE,3,forum,train,train,calib,test
cadecv2:ANTIHYPERTENSIVES-DIOVANHCT.20,forum,cadecv2,ANTIHYPERTENSIVE,3,forum,train,train,calib,test
cadecv2:ANTIHYPERTENSIVES-DIOVANHCT.21,forum,cadecv2,ANTIHYPERTENSIVE,3,forum,train,train,calib,test
cadecv2:ANTIHYPERTENSIVES-DIOVANHCT.22,forum,cadecv2,ANTIHYPERTENSIVE,3,forum,train,train,calib,test
cadecv2:ANTIHYPERTENSIVES-DIOVANHCT.23,forum,cadecv2,ANTIHYPERTENSIVE,3,forum,train,train,calib,test
cadecv2:ANTIHYPERTENSIVES-DIOVANHCT.24,forum,cadecv2,ANTIHYPERTENSIVE,3,forum,train,train,calib,test
cadecv2:ANTIHYPERTENSIVES-DIOVANHCT.26,forum,cadecv2,ANTIHYPERTENSIVE,3,forum,train,train,calib,test
cadecv2:ANTIHYPERTENSIVES-DIOVANHCT.28,forum,cadecv2,ANTIHYPERTENSIVE,3,forum,train,train,calib,test
cadecv2:ANTIHYPERTENSIVES-DIOVANHCT.29,forum,cadecv2,ANTIHYPERTENSIVE,3,forum,train,train,calib,test
cadecv2:ANTIHYPERTENSIVES-DIOVANHCT.30,forum,cadecv2,ANTIHYPERTENSIVE,3,forum,train,train,calib,test
cadecv2:ANTIHYPERTENSIVES-DIOVANHCT.31,forum,cadecv2,ANTIHYPERTENSIVE,3,forum,train,train,calib,test
cadecv2:ANTIHYPERTENSIVES-DIOVANHCT.33,forum,cadecv2,ANTIHYPERTENSIVE,3,forum,train,train,calib,test
cadecv2:ANTIHYPERTENSIVES-DIOVANHCT.34,forum,cadecv2,ANTIHYPERTENSIVE,3,forum,train,train,calib,test
cadecv2:ANTIHYPERTENSIVES-DIOVANHCT.35,forum,cadecv2,ANTIHYPERTENSIVE,3,forum,train,train,calib,test
cadecv2:ANTIHYPERTENSIVES-DIOVANHCT.36,forum,cadecv2,ANTIHYPERTENSIVE,3,forum,train,train,calib,test
cadecv2:ANTIHYPERTENSIVES-DIOVANHCT.38,forum,cadecv2,ANTIHYPERTENSIVE,3,forum,train,train,calib,test
cadecv2:ANTIHYPERTENSIVES-DIOVANHCT.39,forum,cadecv2,ANTIHYPERTENSIVE,3,forum,train,train,calib,test
cadecv2:ANTIHYPERTENSIVES-DIOVANHCT.4,forum,cadecv2,ANTIHYPERTENSIVE,3,forum,train,train,calib,test
cadecv2:ANTIHYPERTENSIVES-DIOVANHCT.40,forum,cadecv2,ANTIHYPERTENSIVE,3,forum,train,train,calib,test
cadecv2:ANTIHYPERTENSIVES-DIOVANHCT.41,forum,cadecv2,ANTIHYPERTENSIVE,3,forum,train,train,calib,test
cadecv2:ANTIHYPERTENSIVES-DIOVANHCT.43,forum,cadecv2,ANTIHYPERTENSIVE,3,forum,train,train,calib,test
cadecv2:ANTIHYPERTENSIVES-DIOVANHCT.44,forum,cadecv2,ANTIHYPERTENSIVE,3,forum,train,train,calib,test
cadecv2:ANTIHYPERTENSIVES-DIOVANHCT.45,forum,cadecv2,ANTIHYPERTENSIVE,3,forum,train,train,calib,test
cadecv2:ANTIHYPERTENSIVES-DIOVANHCT.46,forum,cadecv2,ANTIHYPERTENSIVE,3,forum,train,train,calib,test
cadecv2:ANTIHYPERTENSIVES-DIOVANHCT.48,forum,cadecv2,ANTIHYPERTENSIVE,3,forum,train,train,calib,test
cadecv2:ANTIHYPERTENSIVES-DIOVANHCT.5,forum,cadecv2,ANTIHYPERTENSIVE,3,forum,train,train,calib,test
cadecv2:ANTIHYPERTENSIVES-DIOVANHCT.6,forum,cadecv2,ANTIHYPERTENSIVE,3,forum,train,train,calib,test
cadecv2:ANTIHYPERTENSIVES-DIOVANHCT.7,forum,cadecv2,ANTIHYPERTENSIVE,3,forum,train,train,calib,test
cadecv2:ANTIHYPERTENSIVES-DIOVANHCT.8,forum,cadecv2,ANTIHYPERTENSIVE,3,forum,train,train,calib,test
cadecv2:ANTIHYPERTENSIVES-NORVASC.1,forum,cadecv2,ANTIHYPERTENSIVE,3,forum,train,train,calib,test
cadecv2:ANTIHYPERTENSIVES-NORVASC.10,forum,cadecv2,ANTIHYPERTENSIVE,3,forum,train,train,calib,test
cadecv2:ANTIHYPERTENSIVES-NORVASC.100,forum,cadecv2,ANTIHYPERTENSIVE,3,forum,train,train,calib,test
cadecv2:ANTIHYPERTENSIVES-NORVASC.101,forum,cadecv2,ANTIHYPERTENSIVE,3,forum,train,train,calib,test
cadecv2:ANTIHYPERTENSIVES-NORVASC.102,forum,cadecv2,ANTIHYPERTENSIVE,3,forum,train,train,calib,test
cadecv2:ANTIHYPERTENSIVES-NORVASC.103,forum,cadecv2,ANTIHYPERTENSIVE,3,forum,train,train,calib,test
cadecv2:ANTIHYPERTENSIVES-NORVASC.106,forum,cadecv2,ANTIHYPERTENSIVE,3,forum,train,train,calib,test
cadecv2:ANTIHYPERTENSIVES-NORVASC.107,forum,cadecv2,ANTIHYPERTENSIVE,3,forum,train,train,calib,test
cadecv2:ANTIHYPERTENSIVES-NORVASC.108,forum,cadecv2,ANTIHYPERTENSIVE,3,forum,train,train,calib,test
cadecv2:ANTIHYPERTENSIVES-NORVASC.109,forum,cadecv2,ANTIHYPERTENSIVE,3,forum,train,train,calib,test
cadecv2:ANTIHYPERTENSIVES-NORVASC.11,forum,cadecv2,ANTIHYPERTENSIVE,3,forum,train,train,calib,test
cadecv2:ANTIHYPERTENSIVES-NORVASC.110,forum,cadecv2,ANTIHYPERTENSIVE,3,forum,train,train,calib,test
cadecv2:ANTIHYPERTENSIVES-NORVASC.111,forum,cadecv2,ANTIHYPERTENSIVE,3,forum,train,train,calib,test
cadecv2:ANTIHYPERTENSIVES-NORVASC.112,forum,cadecv2,ANTIHYPERTENSIVE,3,forum,train,train,calib,test
cadecv2:ANTIHYPERTENSIVES-NORVASC.113,forum,cadecv2,ANTIHYPERTENSIVE,3,forum,train,train,calib,test
cadecv2:ANTIHYPERTENSIVES-NORVASC.114,forum,cadecv2,ANTIHYPERTENSIVE,3,forum,train,train,calib,test
cadecv2:ANTIHYPERTENSIVES-NORVASC.115,forum,cadecv2,ANTIHYPERTENSIVE,3,forum,train,train,calib,test
cadecv2:ANTIHYPERTENSIVES-NORVASC.116,forum,cadecv2,ANTIHYPERTENSIVE,3,forum,train,train,calib,test
cadecv2:ANTIHYPERTENSIVES-NORVASC.117,forum,cadecv2,ANTIHYPERTENSIVE,3,forum,train,train,calib,test
cadecv2:ANTIHYPERTENSIVES-NORVASC.118,forum,cadecv2,ANTIHYPERTENSIVE,3,forum,train,train,calib,test
cadecv2:ANTIHYPERTENSIVES-NORVASC.119,forum,cadecv2,ANTIHYPERTENSIVE,3,forum,train,train,calib,test
cadecv2:ANTIHYPERTENSIVES-NORVASC.121,forum,cadecv2,ANTIHYPERTENSIVE,3,forum,train,train,calib,test
cadecv2:ANTIHYPERTENSIVES-NORVASC.122,forum,cadecv2,ANTIHYPERTENSIVE,3,forum,train,train,calib,test
cadecv2:ANTIHYPERTENSIVES-NORVASC.123,forum,cadecv2,ANTIHYPERTENSIVE,3,forum,train,train,calib,test
cadecv2:ANTIHYPERTENSIVES-NORVASC.124,forum,cadecv2,ANTIHYPERTENSIVE,3,forum,train,train,calib,test
cadecv2:ANTIHYPERTENSIVES-NORVASC.125,forum,cadecv2,ANTIHYPERTENSIVE,3,forum,train,train,calib,test
cadecv2:ANTIHYPERTENSIVES-NORVASC.126,forum,cadecv2,ANTIHYPERTENSIVE,3,forum,train,train,calib,test
cadecv2:ANTIHYPERTENSIVES-NORVASC.128,forum,cadecv2,ANTIHYPERTENSIVE,3,forum,train,train,calib,test
cadecv2:ANTIHYPERTENSIVES-NORVASC.129,forum,cadecv2,ANTIHYPERTENSIVE,3,forum,train,train,calib,test
cadecv2:ANTIHYPERTENSIVES-NORVASC.13,forum,cadecv2,ANTIHYPERTENSIVE,3,forum,train,train,calib,test
cadecv2:ANTIHYPERTENSIVES-NORVASC.131,forum,cadecv2,ANTIHYPERTENSIVE,3,forum,train,train,calib,test
cadecv2:ANTIHYPERTENSIVES-NORVASC.132,forum,cadecv2,ANTIHYPERTENSIVE,3,forum,train,train,calib,test
cadecv2:ANTIHYPERTENSIVES-NORVASC.133,forum,cadecv2,ANTIHYPERTENSIVE,3,forum,train,train,calib,test
cadecv2:ANTIHYPERTENSIVES-NORVASC.134,forum,cadecv2,ANTIHYPERTENSIVE,3,forum,train,train,calib,test
cadecv2:ANTIHYPERTENSIVES-NORVASC.136,forum,cadecv2,ANTIHYPERTENSIVE,3,forum,train,train,calib,test
cadecv2:ANTIHYPERTENSIVES-NORVASC.137,forum,cadecv2,ANTIHYPERTENSIVE,3,forum,train,train,calib,test
cadecv2:ANTIHYPERTENSIVES-NORVASC.141,forum,cadecv2,ANTIHYPERTENSIVE,3,forum,train,train,calib,test
cadecv2:ANTIHYPERTENSIVES-NORVASC.142,forum,cadecv2,ANTIHYPERTENSIVE,3,forum,train,train,calib,test
cadecv2:ANTIHYPERTENSIVES-NORVASC.143,forum,cadecv2,ANTIHYPERTENSIVE,3,forum,train,train,calib,test
cadecv2:ANTIHYPERTENSIVES-NORVASC.144,forum,cadecv2,ANTIHYPERTENSIVE,3,forum,train,train,calib,test
cadecv2:ANTIHYPERTENSIVES-NORVASC.145,forum,cadecv2,ANTIHYPERTENSIVE,3,forum,train,train,calib,test
cadecv2:ANTIHYPERTENSIVES-NORVASC.146,forum,cadecv2,ANTIHYPERTENSIVE,3,forum,train,train,calib,test
cadecv2:ANTIHYPERTENSIVES-NORVASC.147,forum,cadecv2,ANTIHYPERTENSIVE,3,forum,train,train,calib,test
cadecv2:ANTIHYPERTENSIVES-NORVASC.149,forum,cadecv2,ANTIHYPERTENSIVE,3,forum,train,train,calib,test
cadecv2:ANTIHYPERTENSIVES-NORVASC.15,forum,cadecv2,ANTIHYPERTENSIVE,3,forum,train,train,calib,test
cadecv2:ANTIHYPERTENSIVES-NORVASC.150,forum,cadecv2,ANTIHYPERTENSIVE,3,forum,train,train,calib,test
cadecv2:ANTIHYPERTENSIVES-NORVASC.151,forum,cadecv2,ANTIHYPERTENSIVE,3,forum,train,train,calib,test
cadecv2:ANTIHYPERTENSIVES-NORVASC.152,forum,cadecv2,ANTIHYPERTENSIVE,3,forum,train,train,calib,test
cadecv2:ANTIHYPERTENSIVES-NORVASC.153,forum,cadecv2,ANTIHYPERTENSIVE,3,forum,train,train,calib,test
cadecv2:ANTIHYPERTENSIVES-NORVASC.154,forum,cadecv2,ANTIHYPERTENSIVE,3,forum,train,train,calib,test
cadecv2:ANTIHYPERTENSIVES-NORVASC.155,forum,cadecv2,ANTIHYPERTENSIVE,3,forum,train,train,calib,test
cadecv2:ANTIHYPERTENSIVES-NORVASC.156,forum,cadecv2,ANTIHYPERTENSIVE,3,forum,train,train,calib,test
cadecv2:ANTIHYPERTENSIVES-NORVASC.157,forum,cadecv2,ANTIHYPERTENSIVE,3,forum,train,train,calib,test
cadecv2:ANTIHYPERTENSIVES-NORVASC.158,forum,cadecv2,ANTIHYPERTENSIVE,3,forum,train,train,calib,test
cadecv2:ANTIHYPERTENSIVES-NORVASC.159,forum,cadecv2,ANTIHYPERTENSIVE,3,forum,train,train,calib,test
cadecv2:ANTIHYPERTENSIVES-NORVASC.16,forum,cadecv2,ANTIHYPERTENSIVE,3,forum,train,train,calib,test
cadecv2:ANTIHYPERTENSIVES-NORVASC.160,forum,cadecv2,ANTIHYPERTENSIVE,3,forum,train,train,calib,test
cadecv2:ANTIHYPERTENSIVES-NORVASC.161,forum,cadecv2,ANTIHYPERTENSIVE,3,forum,train,train,calib,test
cadecv2:ANTIHYPERTENSIVES-NORVASC.162,forum,cadecv2,ANTIHYPERTENSIVE,3,forum,train,train,calib,test
cadecv2:ANTIHYPERTENSIVES-NORVASC.164,forum,cadecv2,ANTIHYPERTENSIVE,3,forum,train,train,calib,test
cadecv2:ANTIHYPERTENSIVES-NORVASC.165,forum,cadecv2,ANTIHYPERTENSIVE,3,forum,train,train,calib,test
cadecv2:ANTIHYPERTENSIVES-NORVASC.166,forum,cadecv2,ANTIHYPERTENSIVE,3,forum,train,train,calib,test
cadecv2:ANTIHYPERTENSIVES-NORVASC.167,forum,cadecv2,ANTIHYPERTENSIVE,3,forum,train,train,calib,test
cadecv2:ANTIHYPERTENSIVES-NORVASC.168,forum,cadecv2,ANTIHYPERTENSIVE,3,forum,train,train,calib,test
cadecv2:ANTIHYPERTENSIVES-NORVASC.169,forum,cadecv2,ANTIHYPERTENSIVE,3,forum,train,train,calib,test
cadecv2:ANTIHYPERTENSIVES-NORVASC.170,forum,cadecv2,ANTIHYPERTENSIVE,3,forum,train,train,calib,test
cadecv2:ANTIHYPERTENSIVES-NORVASC.171,forum,cadecv2,ANTIHYPERTENSIVE,3,forum,train,train,calib,test
cadecv2:ANTIHYPERTENSIVES-NORVASC.172,forum,cadecv2,ANTIHYPERTENSIVE,3,forum,train,train,calib,test
cadecv2:ANTIHYPERTENSIVES-NORVASC.173,forum,cadecv2,ANTIHYPERTENSIVE,3,forum,train,train,calib,test
cadecv2:ANTIHYPERTENSIVES-NORVASC.175,forum,cadecv2,ANTIHYPERTENSIVE,3,forum,train,train,calib,test
cadecv2:ANTIHYPERTENSIVES-NORVASC.176,forum,cadecv2,ANTIHYPERTENSIVE,3,forum,train,train,calib,test
cadecv2:ANTIHYPERTENSIVES-NORVASC.177,forum,cadecv2,ANTIHYPERTENSIVE,3,forum,train,train,calib,test
cadecv2:ANTIHYPERTENSIVES-NORVASC.178,forum,cadecv2,ANTIHYPERTENSIVE,3,forum,train,train,calib,test
cadecv2:ANTIHYPERTENSIVES-NORVASC.179,forum,cadecv2,ANTIHYPERTENSIVE,3,forum,train,train,calib,test
cadecv2:ANTIHYPERTENSIVES-NORVASC.18,forum,cadecv2,ANTIHYPERTENSIVE,3,forum,train,train,calib,test
cadecv2:ANTIHYPERTENSIVES-NORVASC.180,forum,cadecv2,ANTIHYPERTENSIVE,3,forum,train,train,calib,test
cadecv2:ANTIHYPERTENSIVES-NORVASC.181,forum,cadecv2,ANTIHYPERTENSIVE,3,forum,train,train,calib,test
cadecv2:ANTIHYPERTENSIVES-NORVASC.182,forum,cadecv2,ANTIHYPERTENSIVE,3,forum,train,train,calib,test
cadecv2:ANTIHYPERTENSIVES-NORVASC.183,forum,cadecv2,ANTIHYPERTENSIVE,3,forum,train,train,calib,test
cadecv2:ANTIHYPERTENSIVES-NORVASC.184,forum,cadecv2,ANTIHYPERTENSIVE,3,forum,train,train,calib,test
cadecv2:ANTIHYPERTENSIVES-NORVASC.185,forum,cadecv2,ANTIHYPERTENSIVE,3,forum,train,train,calib,test
cadecv2:ANTIHYPERTENSIVES-NORVASC.186,forum,cadecv2,ANTIHYPERTENSIVE,3,forum,train,train,calib,test
cadecv2:ANTIHYPERTENSIVES-NORVASC.188,forum,cadecv2,ANTIHYPERTENSIVE,3,forum,train,train,calib,test
cadecv2:ANTIHYPERTENSIVES-NORVASC.189,forum,cadecv2,ANTIHYPERTENSIVE,3,forum,train,train,calib,test
cadecv2:ANTIHYPERTENSIVES-NORVASC.190,forum,cadecv2,ANTIHYPERTENSIVE,3,forum,train,train,calib,test
cadecv2:ANTIHYPERTENSIVES-NORVASC.191,forum,cadecv2,ANTIHYPERTENSIVE,3,forum,train,train,calib,test
cadecv2:ANTIHYPERTENSIVES-NORVASC.192,forum,cadecv2,ANTIHYPERTENSIVE,3,forum,train,train,calib,test
cadecv2:ANTIHYPERTENSIVES-NORVASC.194,forum,cadecv2,ANTIHYPERTENSIVE,3,forum,train,train,calib,test
cadecv2:ANTIHYPERTENSIVES-NORVASC.195,forum,cadecv2,ANTIHYPERTENSIVE,3,forum,train,train,calib,test
cadecv2:ANTIHYPERTENSIVES-NORVASC.196,forum,cadecv2,ANTIHYPERTENSIVE,3,forum,train,train,calib,test
cadecv2:ANTIHYPERTENSIVES-NORVASC.197,forum,cadecv2,ANTIHYPERTENSIVE,3,forum,train,train,calib,test
cadecv2:ANTIHYPERTENSIVES-NORVASC.198,forum,cadecv2,ANTIHYPERTENSIVE,3,forum,train,train,calib,test
cadecv2:ANTIHYPERTENSIVES-NORVASC.199,forum,cadecv2,ANTIHYPERTENSIVE,3,forum,train,train,calib,test
cadecv2:ANTIHYPERTENSIVES-NORVASC.2,forum,cadecv2,ANTIHYPERTENSIVE,3,forum,train,train,calib,test
cadecv2:ANTIHYPERTENSIVES-NORVASC.20,forum,cadecv2,ANTIHYPERTENSIVE,3,forum,train,train,calib,test
cadecv2:ANTIHYPERTENSIVES-NORVASC.202,forum,cadecv2,ANTIHYPERTENSIVE,3,forum,train,train,calib,test
cadecv2:ANTIHYPERTENSIVES-NORVASC.203,forum,cadecv2,ANTIHYPERTENSIVE,3,forum,train,train,calib,test
cadecv2:ANTIHYPERTENSIVES-NORVASC.204,forum,cadecv2,ANTIHYPERTENSIVE,3,forum,train,train,calib,test
cadecv2:ANTIHYPERTENSIVES-NORVASC.205,forum,cadecv2,ANTIHYPERTENSIVE,3,forum,train,train,calib,test
cadecv2:ANTIHYPERTENSIVES-NORVASC.206,forum,cadecv2,ANTIHYPERTENSIVE,3,forum,train,train,calib,test
cadecv2:ANTIHYPERTENSIVES-NORVASC.207,forum,cadecv2,ANTIHYPERTENSIVE,3,forum,train,train,calib,test
cadecv2:ANTIHYPERTENSIVES-NORVASC.208,forum,cadecv2,ANTIHYPERTENSIVE,3,forum,train,train,calib,test
cadecv2:ANTIHYPERTENSIVES-NORVASC.21,forum,cadecv2,ANTIHYPERTENSIVE,3,forum,train,train,calib,test
cadecv2:ANTIHYPERTENSIVES-NORVASC.210,forum,cadecv2,ANTIHYPERTENSIVE,3,forum,train,train,calib,test
cadecv2:ANTIHYPERTENSIVES-NORVASC.211,forum,cadecv2,ANTIHYPERTENSIVE,3,forum,train,train,calib,test
cadecv2:ANTIHYPERTENSIVES-NORVASC.213,forum,cadecv2,ANTIHYPERTENSIVE,3,forum,train,train,calib,test
cadecv2:ANTIHYPERTENSIVES-NORVASC.214,forum,cadecv2,ANTIHYPERTENSIVE,3,forum,train,train,calib,test
cadecv2:ANTIHYPERTENSIVES-NORVASC.216,forum,cadecv2,ANTIHYPERTENSIVE,3,forum,train,train,calib,test
cadecv2:ANTIHYPERTENSIVES-NORVASC.217,forum,cadecv2,ANTIHYPERTENSIVE,3,forum,train,train,calib,test
cadecv2:ANTIHYPERTENSIVES-NORVASC.218,forum,cadecv2,ANTIHYPERTENSIVE,3,forum,train,train,calib,test
cadecv2:ANTIHYPERTENSIVES-NORVASC.219,forum,cadecv2,ANTIHYPERTENSIVE,3,forum,train,train,calib,test
cadecv2:ANTIHYPERTENSIVES-NORVASC.22,forum,cadecv2,ANTIHYPERTENSIVE,3,forum,train,train,calib,test
cadecv2:ANTIHYPERTENSIVES-NORVASC.220,forum,cadecv2,ANTIHYPERTENSIVE,3,forum,train,train,calib,test
cadecv2:ANTIHYPERTENSIVES-NORVASC.221,forum,cadecv2,ANTIHYPERTENSIVE,3,forum,train,train,calib,test
cadecv2:ANTIHYPERTENSIVES-NORVASC.24,forum,cadecv2,ANTIHYPERTENSIVE,3,forum,train,train,calib,test
cadecv2:ANTIHYPERTENSIVES-NORVASC.25,forum,cadecv2,ANTIHYPERTENSIVE,3,forum,train,train,calib,test
cadecv2:ANTIHYPERTENSIVES-NORVASC.26,forum,cadecv2,ANTIHYPERTENSIVE,3,forum,train,train,calib,test
cadecv2:ANTIHYPERTENSIVES-NORVASC.27,forum,cadecv2,ANTIHYPERTENSIVE,3,forum,train,train,calib,test
cadecv2:ANTIHYPERTENSIVES-NORVASC.28,forum,cadecv2,ANTIHYPERTENSIVE,3,forum,train,train,calib,test
cadecv2:ANTIHYPERTENSIVES-NORVASC.29,forum,cadecv2,ANTIHYPERTENSIVE,3,forum,train,train,calib,test
cadecv2:ANTIHYPERTENSIVES-NORVASC.3,forum,cadecv2,ANTIHYPERTENSIVE,3,forum,train,train,calib,test
cadecv2:ANTIHYPERTENSIVES-NORVASC.30,forum,cadecv2,ANTIHYPERTENSIVE,3,forum,train,train,calib,test
cadecv2:ANTIHYPERTENSIVES-NORVASC.31,forum,cadecv2,ANTIHYPERTENSIVE,3,forum,train,train,calib,test
cadecv2:ANTIHYPERTENSIVES-NORVASC.34,forum,cadecv2,ANTIHYPERTENSIVE,3,forum,train,train,calib,test
cadecv2:ANTIHYPERTENSIVES-NORVASC.35,forum,cadecv2,ANTIHYPERTENSIVE,3,forum,train,train,calib,test
cadecv2:ANTIHYPERTENSIVES-NORVASC.36,forum,cadecv2,ANTIHYPERTENSIVE,3,forum,train,train,calib,test
cadecv2:ANTIHYPERTENSIVES-NORVASC.37,forum,cadecv2,ANTIHYPERTENSIVE,3,forum,train,train,calib,test
cadecv2:ANTIHYPERTENSIVES-NORVASC.38,forum,cadecv2,ANTIHYPERTENSIVE,3,forum,train,train,calib,test
cadecv2:ANTIHYPERTENSIVES-NORVASC.39,forum,cadecv2,ANTIHYPERTENSIVE,3,forum,train,train,calib,test
cadecv2:ANTIHYPERTENSIVES-NORVASC.40,forum,cadecv2,ANTIHYPERTENSIVE,3,forum,train,train,calib,test
cadecv2:ANTIHYPERTENSIVES-NORVASC.41,forum,cadecv2,ANTIHYPERTENSIVE,3,forum,train,train,calib,test
cadecv2:ANTIHYPERTENSIVES-NORVASC.43,forum,cadecv2,ANTIHYPERTENSIVE,3,forum,train,train,calib,test
cadecv2:ANTIHYPERTENSIVES-NORVASC.44,forum,cadecv2,ANTIHYPERTENSIVE,3,forum,train,train,calib,test
cadecv2:ANTIHYPERTENSIVES-NORVASC.45,forum,cadecv2,ANTIHYPERTENSIVE,3,forum,train,train,calib,test
cadecv2:ANTIHYPERTENSIVES-NORVASC.46,forum,cadecv2,ANTIHYPERTENSIVE,3,forum,train,train,calib,test
cadecv2:ANTIHYPERTENSIVES-NORVASC.47,forum,cadecv2,ANTIHYPERTENSIVE,3,forum,train,train,calib,test
cadecv2:ANTIHYPERTENSIVES-NORVASC.48,forum,cadecv2,ANTIHYPERTENSIVE,3,forum,train,train,calib,test
cadecv2:ANTIHYPERTENSIVES-NORVASC.49,forum,cadecv2,ANTIHYPERTENSIVE,3,forum,train,train,calib,test
cadecv2:ANTIHYPERTENSIVES-NORVASC.5,forum,cadecv2,ANTIHYPERTENSIVE,3,forum,train,train,calib,test
cadecv2:ANTIHYPERTENSIVES-NORVASC.50,forum,cadecv2,ANTIHYPERTENSIVE,3,forum,train,train,calib,test
cadecv2:ANTIHYPERTENSIVES-NORVASC.51,forum,cadecv2,ANTIHYPERTENSIVE,3,forum,train,train,calib,test
cadecv2:ANTIHYPERTENSIVES-NORVASC.52,forum,cadecv2,ANTIHYPERTENSIVE,3,forum,train,train,calib,test
cadecv2:ANTIHYPERTENSIVES-NORVASC.53,forum,cadecv2,ANTIHYPERTENSIVE,3,forum,train,train,calib,test
cadecv2:ANTIHYPERTENSIVES-NORVASC.54,forum,cadecv2,ANTIHYPERTENSIVE,3,forum,train,train,calib,test
cadecv2:ANTIHYPERTENSIVES-NORVASC.55,forum,cadecv2,ANTIHYPERTENSIVE,3,forum,train,train,calib,test
cadecv2:ANTIHYPERTENSIVES-NORVASC.56,forum,cadecv2,ANTIHYPERTENSIVE,3,forum,train,train,calib,test
cadecv2:ANTIHYPERTENSIVES-NORVASC.57,forum,cadecv2,ANTIHYPERTENSIVE,3,forum,train,train,calib,test
cadecv2:ANTIHYPERTENSIVES-NORVASC.58,forum,cadecv2,ANTIHYPERTENSIVE,3,forum,train,train,calib,test
cadecv2:ANTIHYPERTENSIVES-NORVASC.59,forum,cadecv2,ANTIHYPERTENSIVE,3,forum,train,train,calib,test
cadecv2:ANTIHYPERTENSIVES-NORVASC.6,forum,cadecv2,ANTIHYPERTENSIVE,3,forum,train,train,calib,test
cadecv2:ANTIHYPERTENSIVES-NORVASC.61,forum,cadecv2,ANTIHYPERTENSIVE,3,forum,train,train,calib,test
cadecv2:ANTIHYPERTENSIVES-NORVASC.66,forum,cadecv2,ANTIHYPERTENSIVE,3,forum,train,train,calib,test
cadecv2:ANTIHYPERTENSIVES-NORVASC.67,forum,cadecv2,ANTIHYPERTENSIVE,3,forum,train,train,calib,test
cadecv2:ANTIHYPERTENSIVES-NORVASC.68,forum,cadecv2,ANTIHYPERTENSIVE,3,forum,train,train,calib,test
cadecv2:ANTIHYPERTENSIVES-NORVASC.69,forum,cadecv2,ANTIHYPERTENSIVE,3,forum,train,train,calib,test
cadecv2:ANTIHYPERTENSIVES-NORVASC.7,forum,cadecv2,ANTIHYPERTENSIVE,3,forum,train,train,calib,test
cadecv2:ANTIHYPERTENSIVES-NORVASC.70,forum,cadecv2,ANTIHYPERTENSIVE,3,forum,train,train,calib,test
cadecv2:ANTIHYPERTENSIVES-NORVASC.72,forum,cadecv2,ANTIHYPERTENSIVE,3,forum,train,train,calib,test
cadecv2:ANTIHYPERTENSIVES-NORVASC.73,forum,cadecv2,ANTIHYPERTENSIVE,3,forum,train,train,calib,test
cadecv2:ANTIHYPERTENSIVES-NORVASC.74,forum,cadecv2,ANTIHYPERTENSIVE,3,forum,train,train,calib,test
cadecv2:ANTIHYPERTENSIVES-NORVASC.75,forum,cadecv2,ANTIHYPERTENSIVE,3,forum,train,train,calib,test
cadecv2:ANTIHYPERTENSIVES-NORVASC.76,forum,cadecv2,ANTIHYPERTENSIVE,3,forum,train,train,calib,test
cadecv2:ANTIHYPERTENSIVES-NORVASC.77,forum,cadecv2,ANTIHYPERTENSIVE,3,forum,train,train,calib,test
cadecv2:ANTIHYPERTENSIVES-NORVASC.78,forum,cadecv2,ANTIHYPERTENSIVE,3,forum,train,train,calib,test
cadecv2:ANTIHYPERTENSIVES-NORVASC.80,forum,cadecv2,ANTIHYPERTENSIVE,3,forum,train,train,calib,test
cadecv2:ANTIHYPERTENSIVES-NORVASC.82,forum,cadecv2,ANTIHYPERTENSIVE,3,forum,train,train,calib,test
cadecv2:ANTIHYPERTENSIVES-NORVASC.83,forum,cadecv2,ANTIHYPERTENSIVE,3,forum,train,train,calib,test
cadecv2:ANTIHYPERTENSIVES-NORVASC.84,forum,cadecv2,ANTIHYPERTENSIVE,3,forum,train,train,calib,test
cadecv2:ANTIHYPERTENSIVES-NORVASC.85,forum,cadecv2,ANTIHYPERTENSIVE,3,forum,train,train,calib,test
cadecv2:ANTIHYPERTENSIVES-NORVASC.86,forum,cadecv2,ANTIHYPERTENSIVE,3,forum,train,train,calib,test
cadecv2:ANTIHYPERTENSIVES-NORVASC.89,forum,cadecv2,ANTIHYPERTENSIVE,3,forum,train,train,calib,test
cadecv2:ANTIHYPERTENSIVES-NORVASC.9,forum,cadecv2,ANTIHYPERTENSIVE,3,forum,train,train,calib,test
cadecv2:ANTIHYPERTENSIVES-NORVASC.90,forum,cadecv2,ANTIHYPERTENSIVE,3,forum,train,train,calib,test
cadecv2:ANTIHYPERTENSIVES-NORVASC.91,forum,cadecv2,ANTIHYPERTENSIVE,3,forum,train,train,calib,test
cadecv2:ANTIHYPERTENSIVES-NORVASC.95,forum,cadecv2,ANTIHYPERTENSIVE,3,forum,train,train,calib,test
cadecv2:ANTIHYPERTENSIVES-NORVASC.96,forum,cadecv2,ANTIHYPERTENSIVE,3,forum,train,train,calib,test
cadecv2:ANTIHYPERTENSIVES-NORVASC.97,forum,cadecv2,ANTIHYPERTENSIVE,3,forum,train,train,calib,test
cadecv2:ANTIHYPERTENSIVES-VALSARTAN.1,forum,cadecv2,ANTIHYPERTENSIVE,3,forum,train,train,calib,test
cadecv2:ANTIHYPERTENSIVES-VALSARTAN.2,forum,cadecv2,ANTIHYPERTENSIVE,3,forum,train,train,calib,test
cadecv2:CYMBALTA-CYMBALTA.1,forum,cadecv2,ANTIDEPRESSANT,0,forum,test,train,train,calib
cadecv2:CYMBALTA-CYMBALTA.10,forum,cadecv2,ANTIDEPRESSANT,0,forum,test,train,train,calib
cadecv2:CYMBALTA-CYMBALTA.100,forum,cadecv2,ANTIDEPRESSANT,0,forum,test,train,train,calib
cadecv2:CYMBALTA-CYMBALTA.1000,forum,cadecv2,ANTIDEPRESSANT,0,forum,test,train,train,calib
cadecv2:CYMBALTA-CYMBALTA.1002,forum,cadecv2,ANTIDEPRESSANT,0,forum,test,train,train,calib
cadecv2:CYMBALTA-CYMBALTA.1003,forum,cadecv2,ANTIDEPRESSANT,0,forum,test,train,train,calib
cadecv2:CYMBALTA-CYMBALTA.1004,forum,cadecv2,ANTIDEPRESSANT,0,forum,test,train,train,calib
cadecv2:CYMBALTA-CYMBALTA.1005,forum,cadecv2,ANTIDEPRESSANT,0,forum,test,train,train,calib
cadecv2:CYMBALTA-CYMBALTA.1006,forum,cadecv2,ANTIDEPRESSANT,0,forum,test,train,train,calib
cadecv2:CYMBALTA-CYMBALTA.1007,forum,cadecv2,ANTIDEPRESSANT,0,forum,test,train,train,calib
cadecv2:CYMBALTA-CYMBALTA.1009,forum,cadecv2,ANTIDEPRESSANT,0,forum,test,train,train,calib
cadecv2:CYMBALTA-CYMBALTA.101,forum,cadecv2,ANTIDEPRESSANT,0,forum,test,train,train,calib
cadecv2:CYMBALTA-CYMBALTA.1011,forum,cadecv2,ANTIDEPRESSANT,0,forum,test,train,train,calib
cadecv2:CYMBALTA-CYMBALTA.1012,forum,cadecv2,ANTIDEPRESSANT,0,forum,test,train,train,calib
cadecv2:CYMBALTA-CYMBALTA.1015,forum,cadecv2,ANTIDEPRESSANT,0,forum,test,train,train,calib
cadecv2:CYMBALTA-CYMBALTA.1016,forum,cadecv2,ANTIDEPRESSANT,0,forum,test,train,train,calib
cadecv2:CYMBALTA-CYMBALTA.102,forum,cadecv2,ANTIDEPRESSANT,0,forum,test,train,train,calib
cadecv2:CYMBALTA-CYMBALTA.1020,forum,cadecv2,ANTIDEPRESSANT,0,forum,test,train,train,calib
cadecv2:CYMBALTA-CYMBALTA.1021,forum,cadecv2,ANTIDEPRESSANT,0,forum,test,train,train,calib
cadecv2:CYMBALTA-CYMBALTA.1022,forum,cadecv2,ANTIDEPRESSANT,0,forum,test,train,train,calib
cadecv2:CYMBALTA-CYMBALTA.1023,forum,cadecv2,ANTIDEPRESSANT,0,forum,test,train,train,calib
cadecv2:CYMBALTA-CYMBALTA.1025,forum,cadecv2,ANTIDEPRESSANT,0,forum,test,train,train,calib
cadecv2:CYMBALTA-CYMBALTA.1026,forum,cadecv2,ANTIDEPRESSANT,0,forum,test,train,train,calib
cadecv2:CYMBALTA-CYMBALTA.1027,forum,cadecv2,ANTIDEPRESSANT,0,forum,test,train,train,calib
cadecv2:CYMBALTA-CYMBALTA.1028,forum,cadecv2,ANTIDEPRESSANT,0,forum,test,train,train,calib
cadecv2:CYMBALTA-CYMBALTA.1029,forum,cadecv2,ANTIDEPRESSANT,0,forum,test,train,train,calib
cadecv2:CYMBALTA-CYMBALTA.103,forum,cadecv2,ANTIDEPRESSANT,0,forum,test,train,train,calib
cadecv2:CYMBALTA-CYMBALTA.1031,forum,cadecv2,ANTIDEPRESSANT,0,forum,test,train,train,calib
cadecv2:CYMBALTA-CYMBALTA.1032,forum,cadecv2,ANTIDEPRESSANT,0,forum,test,train,train,calib
cadecv2:CYMBALTA-CYMBALTA.1033,forum,cadecv2,ANTIDEPRESSANT,0,forum,test,train,train,calib
cadecv2:CYMBALTA-CYMBALTA.1035,forum,cadecv2,ANTIDEPRESSANT,0,forum,test,train,train,calib
cadecv2:CYMBALTA-CYMBALTA.1037,forum,cadecv2,ANTIDEPRESSANT,0,forum,test,train,train,calib
cadecv2:CYMBALTA-CYMBALTA.1038,forum,cadecv2,ANTIDEPRESSANT,0,forum,test,train,train,calib
cadecv2:CYMBALTA-CYMBALTA.1039,forum,cadecv2,ANTIDEPRESSANT,0,forum,test,train,train,calib
cadecv2:CYMBALTA-CYMBALTA.1040,forum,cadecv2,ANTIDEPRESSANT,0,forum,test,train,train,calib
cadecv2:CYMBALTA-CYMBALTA.1041,forum,cadecv2,ANTIDEPRESSANT,0,forum,test,train,train,calib
cadecv2:CYMBALTA-CYMBALTA.1042,forum,cadecv2,ANTIDEPRESSANT,0,forum,test,train,train,calib
cadecv2:CYMBALTA-CYMBALTA.1043,forum,cadecv2,ANTIDEPRESSANT,0,forum,test,train,train,calib
cadecv2:CYMBALTA-CYMBALTA.1044,forum,cadecv2,ANTIDEPRESSANT,0,forum,test,train,train,calib
cadecv2:CYMBALTA-CYMBALTA.1046,forum,cadecv2,ANTIDEPRESSANT,0,forum,test,train,train,calib
cadecv2:CYMBALTA-CYMBALTA.1047,forum,cadecv2,ANTIDEPRESSANT,0,forum,test,train,train,calib
cadecv2:CYMBALTA-CYMBALTA.1049,forum,cadecv2,ANTIDEPRESSANT,0,forum,test,train,train,calib
cadecv2:CYMBALTA-CYMBALTA.1052,forum,cadecv2,ANTIDEPRESSANT,0,forum,test,train,train,calib
cadecv2:CYMBALTA-CYMBALTA.1053,forum,cadecv2,ANTIDEPRESSANT,0,forum,test,train,train,calib
cadecv2:CYMBALTA-CYMBALTA.1054,forum,cadecv2,ANTIDEPRESSANT,0,forum,test,train,train,calib
cadecv2:CYMBALTA-CYMBALTA.1057,forum,cadecv2,ANTIDEPRESSANT,0,forum,test,train,train,calib
cadecv2:CYMBALTA-CYMBALTA.1058,forum,cadecv2,ANTIDEPRESSANT,0,forum,test,train,train,calib
cadecv2:CYMBALTA-CYMBALTA.1059,forum,cadecv2,ANTIDEPRESSANT,0,forum,test,train,train,calib
cadecv2:CYMBALTA-CYMBALTA.1061,forum,cadecv2,ANTIDEPRESSANT,0,forum,test,train,train,calib
cadecv2:CYMBALTA-CYMBALTA.1062,forum,cadecv2,ANTIDEPRESSANT,0,forum,test,train,train,calib
cadecv2:CYMBALTA-CYMBALTA.1064,forum,cadecv2,ANTIDEPRESSANT,0,forum,test,train,train,calib
cadecv2:CYMBALTA-CYMBALTA.1065,forum,cadecv2,ANTIDEPRESSANT,0,forum,test,train,train,calib
cadecv2:CYMBALTA-CYMBALTA.1066,forum,cadecv2,ANTIDEPRESSANT,0,forum,test,train,train,calib
cadecv2:CYMBALTA-CYMBALTA.1067,forum,cadecv2,ANTIDEPRESSANT,0,forum,test,train,train,calib
cadecv2:CYMBALTA-CYMBALTA.107,forum,cadecv2,ANTIDEPRESSANT,0,forum,test,train,train,calib
cadecv2:CYMBALTA-CYMBALTA.1071,forum,cadecv2,ANTIDEPRESSANT,0,forum,test,train,train,calib
cadecv2:CYMBALTA-CYMBALTA.1072,forum,cadecv2,ANTIDEPRESSANT,0,forum,test,train,train,calib
cadecv2:CYMBALTA-CYMBALTA.1073,forum,cadecv2,ANTIDEPRESSANT,0,forum,test,train,train,calib
cadecv2:CYMBALTA-CYMBALTA.1074,forum,cadecv2,ANTIDEPRESSANT,0,forum,test,train,train,calib
cadecv2:CYMBALTA-CYMBALTA.1075,forum,cadecv2,ANTIDEPRESSANT,0,forum,test,train,train,calib
cadecv2:CYMBALTA-CYMBALTA.1076,forum,cadecv2,ANTIDEPRESSANT,0,forum,test,train,train,calib
cadecv2:CYMBALTA-CYMBALTA.1077,forum,cadecv2,ANTIDEPRESSANT,0,forum,test,train,train,calib
cadecv2:CYMBALTA-CYMBALTA.1078,forum,cadecv2,ANTIDEPRESSANT,0,forum,test,train,train,calib
cadecv2:CYMBALTA-CYMBALTA.1079,forum,cadecv2,ANTIDEPRESSANT,0,forum,test,train,train,calib
cadecv2:CYMBALTA-CYMBALTA.108,forum,cadecv2,ANTIDEPRESSANT,0,forum,test,train,train,calib
cadecv2:CYMBALTA-CYMBALTA.1080,forum,cadecv2,ANTIDEPRESSANT,0,forum,test,train,train,calib
cadecv2:CYMBALTA-CYMBALTA.1083,forum,cadecv2,ANTIDEPRESSANT,0,forum,test,train,train,calib
cadecv2:CYMBALTA-CYMBALTA.1085,forum,cadecv2,ANTIDEPRESSANT,0,forum,test,train,train,calib
cadecv2:CYMBALTA-CYMBALTA.1086,forum,cadecv2,ANTIDEPRESSANT,0,forum,test,train,train,calib
cadecv2:CYMBALTA-CYMBALTA.1087,forum,cadecv2,ANTIDEPRESSANT,0,forum,test,train,train,calib
cadecv2:CYMBALTA-CYMBALTA.1088,forum,cadecv2,ANTIDEPRESSANT,0,forum,test,train,train,calib
cadecv2:CYMBALTA-CYMBALTA.1089,forum,cadecv2,ANTIDEPRESSANT,0,forum,test,train,train,calib
cadecv2:CYMBALTA-CYMBALTA.109,forum,cadecv2,ANTIDEPRESSANT,0,forum,test,train,train,calib
cadecv2:CYMBALTA-CYMBALTA.1090,forum,cadecv2,ANTIDEPRESSANT,0,forum,test,train,train,calib
cadecv2:CYMBALTA-CYMBALTA.1091,forum,cadecv2,ANTIDEPRESSANT,0,forum,test,train,train,calib
cadecv2:CYMBALTA-CYMBALTA.1092,forum,cadecv2,ANTIDEPRESSANT,0,forum,test,train,train,calib
cadecv2:CYMBALTA-CYMBALTA.1094,forum,cadecv2,ANTIDEPRESSANT,0,forum,test,train,train,calib
cadecv2:CYMBALTA-CYMBALTA.1097,forum,cadecv2,ANTIDEPRESSANT,0,forum,test,train,train,calib
cadecv2:CYMBALTA-CYMBALTA.1098,forum,cadecv2,ANTIDEPRESSANT,0,forum,test,train,train,calib
cadecv2:CYMBALTA-CYMBALTA.1099,forum,cadecv2,ANTIDEPRESSANT,0,forum,test,train,train,calib
cadecv2:CYMBALTA-CYMBALTA.11,forum,cadecv2,ANTIDEPRESSANT,0,forum,test,train,train,calib
cadecv2:CYMBALTA-CYMBALTA.110,forum,cadecv2,ANTIDEPRESSANT,0,forum,test,train,train,calib
cadecv2:CYMBALTA-CYMBALTA.1101,forum,cadecv2,ANTIDEPRESSANT,0,forum,test,train,train,calib
cadecv2:CYMBALTA-CYMBALTA.1102,forum,cadecv2,ANTIDEPRESSANT,0,forum,test,train,train,calib
cadecv2:CYMBALTA-CYMBALTA.1103,forum,cadecv2,ANTIDEPRESSANT,0,forum,test,train,train,calib
cadecv2:CYMBALTA-CYMBALTA.1104,forum,cadecv2,ANTIDEPRESSANT,0,forum,test,train,train,calib
cadecv2:CYMBALTA-CYMBALTA.1106,forum,cadecv2,ANTIDEPRESSANT,0,forum,test,train,train,calib
cadecv2:CYMBALTA-CYMBALTA.1108,forum,cadecv2,ANTIDEPRESSANT,0,forum,test,train,train,calib
cadecv2:CYMBALTA-CYMBALTA.1109,forum,cadecv2,ANTIDEPRESSANT,0,forum,test,train,train,calib
cadecv2:CYMBALTA-CYMBALTA.1110,forum,cadecv2,ANTIDEPRESSANT,0,forum,test,train,train,calib
cadecv2:CYMBALTA-CYMBALTA.1112,forum,cadecv2,ANTIDEPRESSANT,0,forum,test,train,train,calib
cadecv2:CYMBALTA-CYMBALTA.1114,forum,cadecv2,ANTIDEPRESSANT,0,forum,test,train,train,calib
cadecv2:CYMBALTA-CYMBALTA.1117,forum,cadecv2,ANTIDEPRESSANT,0,forum,test,train,train,calib
cadecv2:CYMBALTA-CYMBALTA.1119,forum,cadecv2,ANTIDEPRESSANT,0,forum,test,train,train,calib
cadecv2:CYMBALTA-CYMBALTA.112,forum,cadecv2,ANTIDEPRESSANT,0,forum,test,train,train,calib
cadecv2:CYMBALTA-CYMBALTA.1122,forum,cadecv2,ANTIDEPRESSANT,0,forum,test,train,train,calib
cadecv2:CYMBALTA-CYMBALTA.1123,forum,cadecv2,ANTIDEPRESSANT,0,forum,test,train,train,calib
cadecv2:CYMBALTA-CYMBALTA.1124,forum,cadecv2,ANTIDEPRESSANT,0,forum,test,train,train,calib
cadecv2:CYMBALTA-CYMBALTA.1126,forum,cadecv2,ANTIDEPRESSANT,0,forum,test,train,train,calib
cadecv2:CYMBALTA-CYMBALTA.113,forum,cadecv2,ANTIDEPRESSANT,0,forum,test,train,train,calib
cadecv2:CYMBALTA-CYMBALTA.1130,forum,cadecv2,ANTIDEPRESSANT,0,forum,test,train,train,calib
cadecv2:CYMBALTA-CYMBALTA.1131,forum,cadecv2,ANTIDEPRESSANT,0,forum,test,train,train,calib
cadecv2:CYMBALTA-CYMBALTA.1132,forum,cadecv2,ANTIDEPRESSANT,0,forum,test,train,train,calib
cadecv2:CYMBALTA-CYMBALTA.1133,forum,cadecv2,ANTIDEPRESSANT,0,forum,test,train,train,calib
cadecv2:CYMBALTA-CYMBALTA.1134,forum,cadecv2,ANTIDEPRESSANT,0,forum,test,train,train,calib
cadecv2:CYMBALTA-CYMBALTA.1135,forum,cadecv2,ANTIDEPRESSANT,0,forum,test,train,train,calib
cadecv2:CYMBALTA-CYMBALTA.1136,forum,cadecv2,ANTIDEPRESSANT,0,forum,test,train,train,calib
cadecv2:CYMBALTA-CYMBALTA.1137,forum,cadecv2,ANTIDEPRESSANT,0,forum,test,train,train,calib
cadecv2:CYMBALTA-CYMBALTA.1139,forum,cadecv2,ANTIDEPRESSANT,0,forum,test,train,train,calib
cadecv2:CYMBALTA-CYMBALTA.114,forum,cadecv2,ANTIDEPRESSANT,0,forum,test,train,train,calib
cadecv2:CYMBALTA-CYMBALTA.1140,forum,cadecv2,ANTIDEPRESSANT,0,forum,test,train,train,calib
cadecv2:CYMBALTA-CYMBALTA.1141,forum,cadecv2,ANTIDEPRESSANT,0,forum,test,train,train,calib
cadecv2:CYMBALTA-CYMBALTA.1142,forum,cadecv2,ANTIDEPRESSANT,0,forum,test,train,train,calib
cadecv2:CYMBALTA-CYMBALTA.1143,forum,cadecv2,ANTIDEPRESSANT,0,forum,test,train,train,calib
cadecv2:CYMBALTA-CYMBALTA.1144,forum,cadecv2,ANTIDEPRESSANT,0,forum,test,train,train,calib
cadecv2:CYMBALTA-CYMBALTA.1145,forum,cadecv2,ANTIDEPRESSANT,0,forum,test,train,train,calib
cadecv2:CYMBALTA-CYMBALTA.1146,forum,cadecv2,ANTIDEPRESSANT,0,forum,test,train,train,calib
cadecv2:CYMBALTA-CYMBALTA.1147,forum,cadecv2,ANTIDEPRESSANT,0,forum,test,train,train,calib
cadecv2:CYMBALTA-CYMBALTA.1149,forum,cadecv2,ANTIDEPRESSANT,0,forum,test,train,train,calib
cadecv2:CYMBALTA-CYMBALTA.115,forum,cadecv2,ANTIDEPRESSANT,0,forum,test,train,train,calib
cadecv2:CYMBALTA-CYMBALTA.1150,forum,cadecv2,ANTIDEPRESSANT,0,forum,test,train,train,calib
cadecv2:CYMBALTA-CYMBALTA.1151,forum,cadecv2,ANTIDEPRESSANT,0,forum,test,train,train,calib
cadecv2:CYMBALTA-CYMBALTA.1152,forum,cadecv2,ANTIDEPRESSANT,0,forum,test,train,train,calib
cadecv2:CYMBALTA-CYMBALTA.1153,forum,cadecv2,ANTIDEPRESSANT,0,forum,test,train,train,calib
cadecv2:CYMBALTA-CYMBALTA.1154,forum,cadecv2,ANTIDEPRESSANT,0,forum,test,train,train,calib
cadecv2:CYMBALTA-CYMBALTA.1156,forum,cadecv2,ANTIDEPRESSANT,0,forum,test,train,train,calib
cadecv2:CYMBALTA-CYMBALTA.1157,forum,cadecv2,ANTIDEPRESSANT,0,forum,test,train,train,calib
cadecv2:CYMBALTA-CYMBALTA.1158,forum,cadecv2,ANTIDEPRESSANT,0,forum,test,train,train,calib
cadecv2:CYMBALTA-CYMBALTA.116,forum,cadecv2,ANTIDEPRESSANT,0,forum,test,train,train,calib
cadecv2:CYMBALTA-CYMBALTA.1160,forum,cadecv2,ANTIDEPRESSANT,0,forum,test,train,train,calib
cadecv2:CYMBALTA-CYMBALTA.1161,forum,cadecv2,ANTIDEPRESSANT,0,forum,test,train,train,calib
cadecv2:CYMBALTA-CYMBALTA.1162,forum,cadecv2,ANTIDEPRESSANT,0,forum,test,train,train,calib
cadecv2:CYMBALTA-CYMBALTA.1163,forum,cadecv2,ANTIDEPRESSANT,0,forum,test,train,train,calib
cadecv2:CYMBALTA-CYMBALTA.1166,forum,cadecv2,ANTIDEPRESSANT,0,forum,test,train,train,calib
cadecv2:CYMBALTA-CYMBALTA.1167,forum,cadecv2,ANTIDEPRESSANT,0,forum,test,train,train,calib
cadecv2:CYMBALTA-CYMBALTA.117,forum,cadecv2,ANTIDEPRESSANT,0,forum,test,train,train,calib
cadecv2:CYMBALTA-CYMBALTA.1170,forum,cadecv2,ANTIDEPRESSANT,0,forum,test,train,train,calib
cadecv2:CYMBALTA-CYMBALTA.1171,forum,cadecv2,ANTIDEPRESSANT,0,forum,test,train,train,calib
cadecv2:CYMBALTA-CYMBALTA.1172,forum,cadecv2,ANTIDEPRESSANT,0,forum,test,train,train,calib
cadecv2:CYMBALTA-CYMBALTA.1173,forum,cadecv2,ANTIDEPRESSANT,0,forum,test,train,train,calib
cadecv2:CYMBALTA-CYMBALTA.1174,forum,cadecv2,ANTIDEPRESSANT,0,forum,test,train,train,calib
cadecv2:CYMBALTA-CYMBALTA.1175,forum,cadecv2,ANTIDEPRESSANT,0,forum,test,train,train,calib
cadecv2:CYMBALTA-CYMBALTA.1177,forum,cadecv2,ANTIDEPRESSANT,0,forum,test,train,train,calib
cadecv2:CYMBALTA-CYMBALTA.1179,forum,cadecv2,ANTIDEPRESSANT,0,forum,test,train,train,calib
cadecv2:CYMBALTA-CYMBALTA.118,forum,cadecv2,ANTIDEPRESSANT,0,forum,test,train,train,calib
cadecv2:CYMBALTA-CYMBALTA.1180,forum,cadecv2,ANTIDEPRESSANT,0,forum,test,train,train,calib
cadecv2:CYMBALTA-CYMBALTA.1181,forum,cadecv2,ANTIDEPRESSANT,0,forum,test,train,train,calib
cadecv2:CYMBALTA-CYMBALTA.1182,forum,cadecv2,ANTIDEPRESSANT,0,forum,test,train,train,calib
cadecv2:CYMBALTA-CYMBALTA.1183,forum,cadecv2,ANTIDEPRESSANT,0,forum,test,train,train,calib
cadecv2:CYMBALTA-CYMBALTA.1184,forum,cadecv2,ANTIDEPRESSANT,0,forum,test,train,train,calib
cadecv2:CYMBALTA-CYMBALTA.1185,forum,cadecv2,ANTIDEPRESSANT,0,forum,test,train,train,calib
cadecv2:CYMBALTA-CYMBALTA.1186,forum,cadecv2,ANTIDEPRESSANT,0,forum,test,train,train,calib
cadecv2:CYMBALTA-CYMBALTA.1187,forum,cadecv2,ANTIDEPRESSANT,0,forum,test,train,train,calib
cadecv2:CYMBALTA-CYMBALTA.1188,forum,cadecv2,ANTIDEPRESSANT,0,forum,test,train,train,calib
cadecv2:CYMBALTA-CYMBALTA.1189,forum,cadecv2,ANTIDEPRESSANT,0,forum,test,train,train,calib
cadecv2:CYMBALTA-CYMBALTA.119,forum,cadecv2,ANTIDEPRESSANT,0,forum,test,train,train,calib
cadecv2:CYMBALTA-CYMBALTA.1191,forum,cadecv2,ANTIDEPRESSANT,0,forum,test,train,train,calib
cadecv2:CYMBALTA-CYMBALTA.1192,forum,cadecv2,ANTIDEPRESSANT,0,forum,test,train,train,calib
cadecv2:CYMBALTA-CYMBALTA.1193,forum,cadecv2,ANTIDEPRESSANT,0,forum,test,train,train,calib
cadecv2:CYMBALTA-CYMBALTA.1194,forum,cadecv2,ANTIDEPRESSANT,0,forum,test,train,train,calib
cadecv2:CYMBALTA-CYMBALTA.1195,forum,cadecv2,ANTIDEPRESSANT,0,forum,test,train,train,calib
cadecv2:CYMBALTA-CYMBALTA.1196,forum,cadecv2,ANTIDEPRESSANT,0,forum,test,train,train,calib
cadecv2:CYMBALTA-CYMBALTA.1197,forum,cadecv2,ANTIDEPRESSANT,0,forum,test,train,train,calib
cadecv2:CYMBALTA-CYMBALTA.1199,forum,cadecv2,ANTIDEPRESSANT,0,forum,test,train,train,calib
cadecv2:CYMBALTA-CYMBALTA.12,forum,cadecv2,ANTIDEPRESSANT,0,forum,test,train,train,calib
cadecv2:CYMBALTA-CYMBALTA.1200,forum,cadecv2,ANTIDEPRESSANT,0,forum,test,train,train,calib
cadecv2:CYMBALTA-CYMBALTA.1201,forum,cadecv2,ANTIDEPRESSANT,0,forum,test,train,train,calib
cadecv2:CYMBALTA-CYMBALTA.1202,forum,cadecv2,ANTIDEPRESSANT,0,forum,test,train,train,calib
cadecv2:CYMBALTA-CYMBALTA.1203,forum,cadecv2,ANTIDEPRESSANT,0,forum,test,train,train,calib
cadecv2:CYMBALTA-CYMBALTA.1204,forum,cadecv2,ANTIDEPRESSANT,0,forum,test,train,train,calib
cadecv2:CYMBALTA-CYMBALTA.1206,forum,cadecv2,ANTIDEPRESSANT,0,forum,test,train,train,calib
cadecv2:CYMBALTA-CYMBALTA.1208,forum,cadecv2,ANTIDEPRESSANT,0,forum,test,train,train,calib
cadecv2:CYMBALTA-CYMBALTA.1209,forum,cadecv2,ANTIDEPRESSANT,0,forum,test,train,train,calib
cadecv2:CYMBALTA-CYMBALTA.121,forum,cadecv2,ANTIDEPRESSANT,0,forum,test,train,train,calib
cadecv2:CYMBALTA-CYMBALTA.1210,forum,cadecv2,ANTIDEPRESSANT,0,forum,test,train,train,calib
cadecv2:CYMBALTA-CYMBALTA.1211,forum,cadecv2,ANTIDEPRESSANT,0,forum,test,train,train,calib
cadecv2:CYMBALTA-CYMBALTA.1213,forum,cadecv2,ANTIDEPRESSANT,0,forum,test,train,train,calib
cadecv2:CYMBALTA-CYMBALTA.1215,forum,cadecv2,ANTIDEPRESSANT,0,forum,test,train,train,calib
cadecv2:CYMBALTA-CYMBALTA.1216,forum,cadecv2,ANTIDEPRESSANT,0,forum,test,train,train,calib
cadecv2:CYMBALTA-CYMBALTA.1217,forum,cadecv2,ANTIDEPRESSANT,0,forum,test,train,train,calib
cadecv2:CYMBALTA-CYMBALTA.1218,forum,cadecv2,ANTIDEPRESSANT,0,forum,test,train,train,calib
cadecv2:CYMBALTA-CYMBALTA.122,forum,cadecv2,ANTIDEPRESSANT,0,forum,test,train,train,calib
cadecv2:CYMBALTA-CYMBALTA.1220,forum,cadecv2,ANTIDEPRESSANT,0,forum,test,train,train,calib
cadecv2:CYMBALTA-CYMBALTA.1224,forum,cadecv2,ANTIDEPRESSANT,0,forum,test,train,train,calib
cadecv2:CYMBALTA-CYMBALTA.1225,forum,cadecv2,ANTIDEPRESSANT,0,forum,test,train,train,calib
cadecv2:CYMBALTA-CYMBALTA.1226,forum,cadecv2,ANTIDEPRESSANT,0,forum,test,train,train,calib
cadecv2:CYMBALTA-CYMBALTA.1227,forum,cadecv2,ANTIDEPRESSANT,0,forum,test,train,train,calib
cadecv2:CYMBALTA-CYMBALTA.1228,forum,cadecv2,ANTIDEPRESSANT,0,forum,test,train,train,calib
cadecv2:CYMBALTA-CYMBALTA.1229,forum,cadecv2,ANTIDEPRESSANT,0,forum,test,train,train,calib
cadecv2:CYMBALTA-CYMBALTA.1230,forum,cadecv2,ANTIDEPRESSANT,0,forum,test,train,train,calib
cadecv2:CYMBALTA-CYMBALTA.1231,forum,cadecv2,ANTIDEPRESSANT,0,forum,test,train,train,calib
cadecv2:CYMBALTA-CYMBALTA.1232,forum,cadecv2,ANTIDEPRESSANT,0,forum,test,train,train,calib
cadecv2:CYMBALTA-CYMBALTA.1233,forum,cadecv2,ANTIDEPRESSANT,0,forum,test,train,train,calib
cadecv2:CYMBALTA-CYMBALTA.1235,forum,cadecv2,ANTIDEPRESSANT,0,forum,test,train,train,calib
cadecv2:CYMBALTA-CYMBALTA.1236,forum,cadecv2,ANTIDEPRESSANT,0,forum,test,train,train,calib
cadecv2:CYMBALTA-CYMBALTA.1237,forum,cadecv2,ANTIDEPRESSANT,0,forum,test,train,train,calib
cadecv2:CYMBALTA-CYMBALTA.1239,forum,cadecv2,ANTIDEPRESSANT,0,forum,test,train,train,calib
cadecv2:CYMBALTA-CYMBALTA.124,forum,cadecv2,ANTIDEPRESSANT,0,forum,test,train,train,calib
cadecv2:CYMBALTA-CYMBALTA.1243,forum,cadecv2,ANTIDEPRESSANT,0,forum,test,train,train,calib
cadecv2:CYMBALTA-CYMBALTA.1244,forum,cadecv2,ANTIDEPRESSANT,0,forum,test,train,train,calib
cadecv2:CYMBALTA-CYMBALTA.1245,forum,cadecv2,ANTIDEPRESSANT,0,forum,test,train,train,calib
cadecv2:CYMBALTA-CYMBALTA.1246,forum,cadecv2,ANTIDEPRESSANT,0,forum,test,train,train,calib
cadecv2:CYMBALTA-CYMBALTA.1247,forum,cadecv2,ANTIDEPRESSANT,0,forum,test,train,train,calib
cadecv2:CYMBALTA-CYMBALTA.1248,forum,cadecv2,ANTIDEPRESSANT,0,forum,test,train,train,calib
cadecv2:CYMBALTA-CYMBALTA.1249,forum,cadecv2,ANTIDEPRESSANT,0,forum,test,train,train,calib
cadecv2:CYMBALTA-CYMBALTA.125,forum,cadecv2,ANTIDEPRESSANT,0,forum,test,train,train,calib
cadecv2:CYMBALTA-CYMBALTA.1252,forum,cadecv2,ANTIDEPRESSANT,0,forum,test,train,train,calib
cadecv2:CYMBALTA-CYMBALTA.1253,forum,cadecv2,ANTIDEPRESSANT,0,forum,test,train,train,calib
cadecv2:CYMBALTA-CYMBALTA.1254,forum,cadecv2,ANTIDEPRESSANT,0,forum,test,train,train,calib
cadecv2:CYMBALTA-CYMBALTA.1255,forum,cadecv2,ANTIDEPRESSANT,0,forum,test,train,train,calib
cadecv2:CYMBALTA-CYMBALTA.1257,forum,cadecv2,ANTIDEPRESSANT,0,forum,test,train,train,calib
cadecv2:CYMBALTA-CYMBALTA.1258,forum,cadecv2,ANTIDEPRESSANT,0,forum,test,train,train,calib
cadecv2:CYMBALTA-CYMBALTA.1260,forum,cadecv2,ANTIDEPRESSANT,0,forum,test,train,train,calib
cadecv2:CYMBALTA-CYMBALTA.1261,forum,cadecv2,ANTIDEPRESSANT,0,forum,test,train,train,calib
cadecv2:CYMBALTA-CYMBALTA.1262,forum,cadecv2,ANTIDEPRESSANT,0,forum,test,train,train,calib
cadecv2:CYMBALTA-CYMBALTA.1263,forum,cadecv2,ANTIDEPRESSANT,0,forum,test,train,train,calib
cadecv2:CYMBALTA-CYMBALTA.1265,forum,cadecv2,ANTIDEPRESSANT,0,forum,test,train,train,calib
cadecv2:CYMBALTA-CYMBALTA.1266,forum,cadecv2,ANTIDEPRESSANT,0,forum,test,train,train,calib
cadecv2:CYMBALTA-CYMBALTA.1267,forum,cadecv2,ANTIDEPRESSANT,0,forum,test,train,train,calib
cadecv2:CYMBALTA-CYMBALTA.1268,forum,cadecv2,ANTIDEPRESSANT,0,forum,test,train,train,calib
cadecv2:CYMBALTA-CYMBALTA.1269,forum,cadecv2,ANTIDEPRESSANT,0,forum,test,train,train,calib
cadecv2:CYMBALTA-CYMBALTA.1270,forum,cadecv2,ANTIDEPRESSANT,0,forum,test,train,train,calib
cadecv2:CYMBALTA-CYMBALTA.1271,forum,cadecv2,ANTIDEPRESSANT,0,forum,test,train,train,calib
cadecv2:CYMBALTA-CYMBALTA.1272,forum,cadecv2,ANTIDEPRESSANT,0,forum,test,train,train,calib
cadecv2:CYMBALTA-CYMBALTA.1274,forum,cadecv2,ANTIDEPRESSANT,0,forum,test,train,train,calib
cadecv2:CYMBALTA-CYMBALTA.1275,forum,cadecv2,ANTIDEPRESSANT,0,forum,test,train,train,calib
cadecv2:CYMBALTA-CYMBALTA.1276,forum,cadecv2,ANTIDEPRESSANT,0,forum,test,train,train,calib
cadecv2:CYMBALTA-CYMBALTA.1278,forum,cadecv2,ANTIDEPRESSANT,0,forum,test,train,train,calib
cadecv2:CYMBALTA-CYMBALTA.1279,forum,cadecv2,ANTIDEPRESSANT,0,forum,test,train,train,calib
cadecv2:CYMBALTA-CYMBALTA.1280,forum,cadecv2,ANTIDEPRESSANT,0,forum,test,train,train,calib
cadecv2:CYMBALTA-CYMBALTA.1281,forum,cadecv2,ANTIDEPRESSANT,0,forum,test,train,train,calib
cadecv2:CYMBALTA-CYMBALTA.1282,forum,cadecv2,ANTIDEPRESSANT,0,forum,test,train,train,calib
cadecv2:CYMBALTA-CYMBALTA.1283,forum,cadecv2,ANTIDEPRESSANT,0,forum,test,train,train,calib
cadecv2:CYMBALTA-CYMBALTA.1284,forum,cadecv2,ANTIDEPRESSANT,0,forum,test,train,train,calib
cadecv2:CYMBALTA-CYMBALTA.1285,forum,cadecv2,ANTIDEPRESSANT,0,forum,test,train,train,calib
cadecv2:CYMBALTA-CYMBALTA.1287,forum,cadecv2,ANTIDEPRESSANT,0,forum,test,train,train,calib
cadecv2:CYMBALTA-CYMBALTA.1288,forum,cadecv2,ANTIDEPRESSANT,0,forum,test,train,train,calib
cadecv2:CYMBALTA-CYMBALTA.1289,forum,cadecv2,ANTIDEPRESSANT,0,forum,test,train,train,calib
cadecv2:CYMBALTA-CYMBALTA.129,forum,cadecv2,ANTIDEPRESSANT,0,forum,test,train,train,calib
cadecv2:CYMBALTA-CYMBALTA.1291,forum,cadecv2,ANTIDEPRESSANT,0,forum,test,train,train,calib
cadecv2:CYMBALTA-CYMBALTA.1292,forum,cadecv2,ANTIDEPRESSANT,0,forum,test,train,train,calib
cadecv2:CYMBALTA-CYMBALTA.1293,forum,cadecv2,ANTIDEPRESSANT,0,forum,test,train,train,calib
cadecv2:CYMBALTA-CYMBALTA.1294,forum,cadecv2,ANTIDEPRESSANT,0,forum,test,train,train,calib
cadecv2:CYMBALTA-CYMBALTA.1295,forum,cadecv2,ANTIDEPRESSANT,0,forum,test,train,train,calib
cadecv2:CYMBALTA-CYMBALTA.1296,forum,cadecv2,ANTIDEPRESSANT,0,forum,test,train,train,calib
cadecv2:CYMBALTA-CYMBALTA.1297,forum,cadecv2,ANTIDEPRESSANT,0,forum,test,train,train,calib
cadecv2:CYMBALTA-CYMBALTA.1298,forum,cadecv2,ANTIDEPRESSANT,0,forum,test,train,train,calib
cadecv2:CYMBALTA-CYMBALTA.13,forum,cadecv2,ANTIDEPRESSANT,0,forum,test,train,train,calib
cadecv2:CYMBALTA-CYMBALTA.1300,forum,cadecv2,ANTIDEPRESSANT,0,forum,test,train,train,calib
cadecv2:CYMBALTA-CYMBALTA.1301,forum,cadecv2,ANTIDEPRESSANT,0,forum,test,train,train,calib
cadecv2:CYMBALTA-CYMBALTA.1302,forum,cadecv2,ANTIDEPRESSANT,0,forum,test,train,train,calib
cadecv2:CYMBALTA-CYMBALTA.1305,forum,cadecv2,ANTIDEPRESSANT,0,forum,test,train,train,calib
cadecv2:CYMBALTA-CYMBALTA.1306,forum,cadecv2,ANTIDEPRESSANT,0,forum,test,train,train,calib
cadecv2:CYMBALTA-CYMBALTA.1307,forum,cadecv2,ANTIDEPRESSANT,0,forum,test,train,train,calib
cadecv2:CYMBALTA-CYMBALTA.1308,forum,cadecv2,ANTIDEPRESSANT,0,forum,test,train,train,calib
cadecv2:CYMBALTA-CYMBALTA.131,forum,cadecv2,ANTIDEPRESSANT,0,forum,test,train,train,calib
cadecv2:CYMBALTA-CYMBALTA.1310,forum,cadecv2,ANTIDEPRESSANT,0,forum,test,train,train,calib
cadecv2:CYMBALTA-CYMBALTA.1311,forum,cadecv2,ANTIDEPRESSANT,0,forum,test,train,train,calib
cadecv2:CYMBALTA-CYMBALTA.1312,forum,cadecv2,ANTIDEPRESSANT,0,forum,test,train,train,calib
cadecv2:CYMBALTA-CYMBALTA.1313,forum,cadecv2,ANTIDEPRESSANT,0,forum,test,train,train,calib
cadecv2:CYMBALTA-CYMBALTA.1314,forum,cadecv2,ANTIDEPRESSANT,0,forum,test,train,train,calib
cadecv2:CYMBALTA-CYMBALTA.1315,forum,cadecv2,ANTIDEPRESSANT,0,forum,test,train,train,calib
cadecv2:CYMBALTA-CYMBALTA.1316,forum,cadecv2,ANTIDEPRESSANT,0,forum,test,train,train,calib
cadecv2:CYMBALTA-CYMBALTA.1317,forum,cadecv2,ANTIDEPRESSANT,0,forum,test,train,train,calib
cadecv2:CYMBALTA-CYMBALTA.1318,forum,cadecv2,ANTIDEPRESSANT,0,forum,test,train,train,calib
cadecv2:CYMBALTA-CYMBALTA.1319,forum,cadecv2,ANTIDEPRESSANT,0,forum,test,train,train,calib
cadecv2:CYMBALTA-CYMBALTA.132,forum,cadecv2,ANTIDEPRESSANT,0,forum,test,train,train,calib
cadecv2:CYMBALTA-CYMBALTA.1321,forum,cadecv2,ANTIDEPRESSANT,0,forum,test,train,train,calib
cadecv2:CYMBALTA-CYMBALTA.1322,forum,cadecv2,ANTIDEPRESSANT,0,forum,test,train,train,calib
cadecv2:CYMBALTA-CYMBALTA.1323,forum,cadecv2,ANTIDEPRESSANT,0,forum,test,train,train,calib
cadecv2:CYMBALTA-CYMBALTA.1324,forum,cadecv2,ANTIDEPRESSANT,0,forum,test,train,train,calib
cadecv2:CYMBALTA-CYMBALTA.1325,forum,cadecv2,ANTIDEPRESSANT,0,forum,test,train,train,calib
cadecv2:CYMBALTA-CYMBALTA.1327,forum,cadecv2,ANTIDEPRESSANT,0,forum,test,train,train,calib
cadecv2:CYMBALTA-CYMBALTA.1328,forum,cadecv2,ANTIDEPRESSANT,0,forum,test,train,train,calib
cadecv2:CYMBALTA-CYMBALTA.1329,forum,cadecv2,ANTIDEPRESSANT,0,forum,test,train,train,calib
cadecv2:CYMBALTA-CYMBALTA.1331,forum,cadecv2,ANTIDEPRESSANT,0,forum,test,train,train,calib
cadecv2:CYMBALTA-CYMBALTA.1333,forum,cadecv2,ANTIDEPRESSANT,0,forum,test,train,train,calib
cadecv2:CYMBALTA-CYMBALTA.1334,forum,cadecv2,ANTIDEPRESSANT,0,forum,test,train,train,calib
cadecv2:CYMBALTA-CYMBALTA.1335,forum,cadecv2,ANTIDEPRESSANT,0,forum,test,train,train,calib
cadecv2:CYMBALTA-CYMBALTA.1337,forum,cadecv2,ANTIDEPRESSANT,0,forum,test,train,train,calib
cadecv2:CYMBALTA-CYMBALTA.1338,forum,cadecv2,ANTIDEPRESSANT,0,forum,test,train,train,calib
cadecv2:CYMBALTA-CYMBALTA.1339,forum,cadecv2,ANTIDEPRESSANT,0,forum,test,train,train,calib
cadecv2:CYMBALTA-CYMBALTA.134,forum,cadecv2,ANTIDEPRESSANT,0,forum,test,train,train,calib
cadecv2:CYMBALTA-CYMBALTA.1340,forum,cadecv2,ANTIDEPRESSANT,0,forum,test,train,train,calib
cadecv2:CYMBALTA-CYMBALTA.1341,forum,cadecv2,ANTIDEPRESSANT,0,forum,test,train,train,calib
cadecv2:CYMBALTA-CYMBALTA.1342,forum,cadecv2,ANTIDEPRESSANT,0,forum,test,train,train,calib
cadecv2:CYMBALTA-CYMBALTA.1343,forum,cadecv2,ANTIDEPRESSANT,0,forum,test,train,train,calib
cadecv2:CYMBALTA-CYMBALTA.1345,forum,cadecv2,ANTIDEPRESSANT,0,forum,test,train,train,calib
cadecv2:CYMBALTA-CYMBALTA.1346,forum,cadecv2,ANTIDEPRESSANT,0,forum,test,train,train,calib
cadecv2:CYMBALTA-CYMBALTA.1347,forum,cadecv2,ANTIDEPRESSANT,0,forum,test,train,train,calib
cadecv2:CYMBALTA-CYMBALTA.1348,forum,cadecv2,ANTIDEPRESSANT,0,forum,test,train,train,calib
cadecv2:CYMBALTA-CYMBALTA.1349,forum,cadecv2,ANTIDEPRESSANT,0,forum,test,train,train,calib
cadecv2:CYMBALTA-CYMBALTA.135,forum,cadecv2,ANTIDEPRESSANT,0,forum,test,train,train,calib
cadecv2:CYMBALTA-CYMBALTA.1350,forum,cadecv2,ANTIDEPRESSANT,0,forum,test,train,train,calib
cadecv2:CYMBALTA-CYMBALTA.1351,forum,cadecv2,ANTIDEPRESSANT,0,forum,test,train,train,calib
cadecv2:CYMBALTA-CYMBALTA.1353,forum,cadecv2,ANTIDEPRESSANT,0,forum,test,train,train,calib
cadecv2:CYMBALTA-CYMBALTA.1355,forum,cadecv2,ANTIDEPRESSANT,0,forum,test,train,train,calib
cadecv2:CYMBALTA-CYMBALTA.1356,forum,cadecv2,ANTIDEPRESSANT,0,forum,test,train,train,calib
cadecv2:CYMBALTA-CYMBALTA.1358,forum,cadecv2,ANTIDEPRESSANT,0,forum,test,train,train,calib
cadecv2:CYMBALTA-CYMBALTA.1359,forum,cadecv2,ANTIDEPRESSANT,0,forum,test,train,train,calib
cadecv2:CYMBALTA-CYMBALTA.136,forum,cadecv2,ANTIDEPRESSANT,0,forum,test,train,train,calib
cadecv2:CYMBALTA-CYMBALTA.1360,forum,cadecv2,ANTIDEPRESSANT,0,forum,test,train,train,calib
cadecv2:CYMBALTA-CYMBALTA.1361,forum,cadecv2,ANTIDEPRESSANT,0,forum,test,train,train,calib
cadecv2:CYMBALTA-CYMBALTA.1362,forum,cadecv2,ANTIDEPRESSANT,0,forum,test,train,train,calib
cadecv2:CYMBALTA-CYMBALTA.1364,forum,cadecv2,ANTIDEPRESSANT,0,forum,test,train,train,calib
cadecv2:CYMBALTA-CYMBALTA.1366,forum,cadecv2,ANTIDEPRESSANT,0,forum,test,train,train,calib
cadecv2:CYMBALTA-CYMBALTA.1367,forum,cadecv2,ANTIDEPRESSANT,0,forum,test,train,train,calib
cadecv2:CYMBALTA-CYMBALTA.1368,forum,cadecv2,ANTIDEPRESSANT,0,forum,test,train,train,calib
cadecv2:CYMBALTA-CYMBALTA.137,forum,cadecv2,ANTIDEPRESSANT,0,forum,test,train,train,calib
cadecv2:CYMBALTA-CYMBALTA.1370,forum,cadecv2,ANTIDEPRESSANT,0,forum,test,train,train,calib
cadecv2:CYMBALTA-CYMBALTA.1371,forum,cadecv2,ANTIDEPRESSANT,0,forum,test,train,train,calib
cadecv2:CYMBALTA-CYMBALTA.1372,forum,cadecv2,ANTIDEPRESSANT,0,forum,test,train,train,calib
cadecv2:CYMBALTA-CYMBALTA.1373,forum,cadecv2,ANTIDEPRESSANT,0,forum,test,train,train,calib
cadecv2:CYMBALTA-CYMBALTA.1374,forum,cadecv2,ANTIDEPRESSANT,0,forum,test,train,train,calib
cadecv2:CYMBALTA-CYMBALTA.1375,forum,cadecv2,ANTIDEPRESSANT,0,forum,test,train,train,calib
cadecv2:CYMBALTA-CYMBALTA.1376,forum,cadecv2,ANTIDEPRESSANT,0,forum,test,train,train,calib
cadecv2:CYMBALTA-CYMBALTA.1379,forum,cadecv2,ANTIDEPRESSANT,0,forum,test,train,train,calib
cadecv2:CYMBALTA-CYMBALTA.138,forum,cadecv2,ANTIDEPRESSANT,0,forum,test,train,train,calib
cadecv2:CYMBALTA-CYMBALTA.1381,forum,cadecv2,ANTIDEPRESSANT,0,forum,test,train,train,calib
cadecv2:CYMBALTA-CYMBALTA.1387,forum,cadecv2,ANTIDEPRESSANT,0,forum,test,train,train,calib
cadecv2:CYMBALTA-CYMBALTA.1388,forum,cadecv2,ANTIDEPRESSANT,0,forum,test,train,train,calib
cadecv2:CYMBALTA-CYMBALTA.1389,forum,cadecv2,ANTIDEPRESSANT,0,forum,test,train,train,calib
cadecv2:CYMBALTA-CYMBALTA.139,forum,cadecv2,ANTIDEPRESSANT,0,forum,test,train,train,calib
cadecv2:CYMBALTA-CYMBALTA.1390,forum,cadecv2,ANTIDEPRESSANT,0,forum,test,train,train,calib
cadecv2:CYMBALTA-CYMBALTA.1391,forum,cadecv2,ANTIDEPRESSANT,0,forum,test,train,train,calib
cadecv2:CYMBALTA-CYMBALTA.1393,forum,cadecv2,ANTIDEPRESSANT,0,forum,test,train,train,calib
cadecv2:CYMBALTA-CYMBALTA.1394,forum,cadecv2,ANTIDEPRESSANT,0,forum,test,train,train,calib
cadecv2:CYMBALTA-CYMBALTA.1396,forum,cadecv2,ANTIDEPRESSANT,0,forum,test,train,train,calib
cadecv2:CYMBALTA-CYMBALTA.1397,forum,cadecv2,ANTIDEPRESSANT,0,forum,test,train,train,calib
cadecv2:CYMBALTA-CYMBALTA.1398,forum,cadecv2,ANTIDEPRESSANT,0,forum,test,train,train,calib
cadecv2:CYMBALTA-CYMBALTA.1399,forum,cadecv2,ANTIDEPRESSANT,0,forum,test,train,train,calib
cadecv2:CYMBALTA-CYMBALTA.14,forum,cadecv2,ANTIDEPRESSANT,0,forum,test,train,train,calib
cadecv2:CYMBALTA-CYMBALTA.140,forum,cadecv2,ANTIDEPRESSANT,0,forum,test,train,train,calib
cadecv2:CYMBALTA-CYMBALTA.1400,forum,cadecv2,ANTIDEPRESSANT,0,forum,test,train,train,calib
cadecv2:CYMBALTA-CYMBALTA.1402,forum,cadecv2,ANTIDEPRESSANT,0,forum,test,train,train,calib
cadecv2:CYMBALTA-CYMBALTA.1403,forum,cadecv2,ANTIDEPRESSANT,0,forum,test,train,train,calib
cadecv2:CYMBALTA-CYMBALTA.1404,forum,cadecv2,ANTIDEPRESSANT,0,forum,test,train,train,calib
cadecv2:CYMBALTA-CYMBALTA.1405,forum,cadecv2,ANTIDEPRESSANT,0,forum,test,train,train,calib
cadecv2:CYMBALTA-CYMBALTA.1406,forum,cadecv2,ANTIDEPRESSANT,0,forum,test,train,train,calib
cadecv2:CYMBALTA-CYMBALTA.1407,forum,cadecv2,ANTIDEPRESSANT,0,forum,test,train,train,calib
cadecv2:CYMBALTA-CYMBALTA.1408,forum,cadecv2,ANTIDEPRESSANT,0,forum,test,train,train,calib
cadecv2:CYMBALTA-CYMBALTA.1409,forum,cadecv2,ANTIDEPRESSANT,0,forum,test,train,train,calib
cadecv2:CYMBALTA-CYMBALTA.141,forum,cadecv2,ANTIDEPRESSANT,0,forum,test,train,train,calib
cadecv2:CYMBALTA-CYMBALTA.1410,forum,cadecv2,ANTIDEPRESSANT,0,forum,test,train,train,calib
cadecv2:CYMBALTA-CYMBALTA.1411,forum,cadecv2,ANTIDEPRESSANT,0,forum,test,train,train,calib
cadecv2:CYMBALTA-CYMBALTA.1412,forum,cadecv2,ANTIDEPRESSANT,0,forum,test,train,train,calib
cadecv2:CYMBALTA-CYMBALTA.1414,forum,cadecv2,ANTIDEPRESSANT,0,forum,test,train,train,calib
cadecv2:CYMBALTA-CYMBALTA.1415,forum,cadecv2,ANTIDEPRESSANT,0,forum,test,train,train,calib
cadecv2:CYMBALTA-CYMBALTA.1416,forum,cadecv2,ANTIDEPRESSANT,0,forum,test,train,train,calib
cadecv2:CYMBALTA-CYMBALTA.1418,forum,cadecv2,ANTIDEPRESSANT,0,forum,test,train,train,calib
cadecv2:CYMBALTA-CYMBALTA.1419,forum,cadecv2,ANTIDEPRESSANT,0,forum,test,train,train,calib
cadecv2:CYMBALTA-CYMBALTA.142,forum,cadecv2,ANTIDEPRESSANT,0,forum,test,train,train,calib
cadecv2:CYMBALTA-CYMBALTA.1420,forum,cadecv2,ANTIDEPRESSANT,0,forum,test,train,train,calib
cadecv2:CYMBALTA-CYMBALTA.1422,forum,cadecv2,ANTIDEPRESSANT,0,forum,test,train,train,calib
cadecv2:CYMBALTA-CYMBALTA.1424,forum,cadecv2,ANTIDEPRESSANT,0,forum,test,train,train,calib
cadecv2:CYMBALTA-CYMBALTA.1425,forum,cadecv2,ANTIDEPRESSANT,0,forum,test,train,train,calib
cadecv2:CYMBALTA-CYMBALTA.1426,forum,cadecv2,ANTIDEPRESSANT,0,forum,test,train,train,calib
cadecv2:CYMBALTA-CYMBALTA.1427,forum,cadecv2,ANTIDEPRESSANT,0,forum,test,train,train,calib
cadecv2:CYMBALTA-CYMBALTA.1428,forum,cadecv2,ANTIDEPRESSANT,0,forum,test,train,train,calib
cadecv2:CYMBALTA-CYMBALTA.1429,forum,cadecv2,ANTIDEPRESSANT,0,forum,test,train,train,calib
cadecv2:CYMBALTA-CYMBALTA.143,forum,cadecv2,ANTIDEPRESSANT,0,forum,test,train,train,calib
cadecv2:CYMBALTA-CYMBALTA.1430,forum,cadecv2,ANTIDEPRESSANT,0,forum,test,train,train,calib
cadecv2:CYMBALTA-CYMBALTA.1431,forum,cadecv2,ANTIDEPRESSANT,0,forum,test,train,train,calib
cadecv2:CYMBALTA-CYMBALTA.1433,forum,cadecv2,ANTIDEPRESSANT,0,forum,test,train,train,calib
cadecv2:CYMBALTA-CYMBALTA.1434,forum,cadecv2,ANTIDEPRESSANT,0,forum,test,train,train,calib
cadecv2:CYMBALTA-CYMBALTA.1435,forum,cadecv2,ANTIDEPRESSANT,0,forum,test,train,train,calib
cadecv2:CYMBALTA-CYMBALTA.1436,forum,cadecv2,ANTIDEPRESSANT,0,forum,test,train,train,calib
cadecv2:CYMBALTA-CYMBALTA.1438,forum,cadecv2,ANTIDEPRESSANT,0,forum,test,train,train,calib
cadecv2:CYMBALTA-CYMBALTA.1439,forum,cadecv2,ANTIDEPRESSANT,0,forum,test,train,train,calib
cadecv2:CYMBALTA-CYMBALTA.1440,forum,cadecv2,ANTIDEPRESSANT,0,forum,test,train,train,calib
cadecv2:CYMBALTA-CYMBALTA.1441,forum,cadecv2,ANTIDEPRESSANT,0,forum,test,train,train,calib
cadecv2:CYMBALTA-CYMBALTA.1442,forum,cadecv2,ANTIDEPRESSANT,0,forum,test,train,train,calib
cadecv2:CYMBALTA-CYMBALTA.1444,forum,cadecv2,ANTIDEPRESSANT,0,forum,test,train,train,calib
cadecv2:CYMBALTA-CYMBALTA.1445,forum,cadecv2,ANTIDEPRESSANT,0,forum,test,train,train,calib
cadecv2:CYMBALTA-CYMBALTA.1446,forum,cadecv2,ANTIDEPRESSANT,0,forum,test,train,train,calib
cadecv2:CYMBALTA-CYMBALTA.1447,forum,cadecv2,ANTIDEPRESSANT,0,forum,test,train,train,calib
cadecv2:CYMBALTA-CYMBALTA.1449,forum,cadecv2,ANTIDEPRESSANT,0,forum,test,train,train,calib
cadecv2:CYMBALTA-CYMBALTA.145,forum,cadecv2,ANTIDEPRESSANT,0,forum,test,train,train,calib
cadecv2:CYMBALTA-CYMBALTA.1451,forum,cadecv2,ANTIDEPRESSANT,0,forum,test,train,train,calib
cadecv2:CYMBALTA-CYMBALTA.1452,forum,cadecv2,ANTIDEPRESSANT,0,forum,test,train,train,calib
cadecv2:CYMBALTA-CYMBALTA.1453,forum,cadecv2,ANTIDEPRESSANT,0,forum,test,train,train,calib
cadecv2:CYMBALTA-CYMBALTA.1454,forum,cadecv2,ANTIDEPRESSANT,0,forum,test,train,train,calib
cadecv2:CYMBALTA-CYMBALTA.1455,forum,cadecv2,ANTIDEPRESSANT,0,forum,test,train,train,calib
cadecv2:CYMBALTA-CYMBALTA.1456,forum,cadecv2,ANTIDEPRESSANT,0,forum,test,train,train,calib
cadecv2:CYMBALTA-CYMBALTA.1457,forum,cadecv2,ANTIDEPRESSANT,0,forum,test,train,train,calib
cadecv2:CYMBALTA-CYMBALTA.1458,forum,cadecv2,ANTIDEPRESSANT,0,forum,test,train,train,calib
cadecv2:CYMBALTA-CYMBALTA.1459,forum,cadecv2,ANTIDEPRESSANT,0,forum,test,train,train,calib
cadecv2:CYMBALTA-CYMBALTA.1460,forum,cadecv2,ANTIDEPRESSANT,0,forum,test,train,train,calib
cadecv2:CYMBALTA-CYMBALTA.1462,forum,cadecv2,ANTIDEPRESSANT,0,forum,test,train,train,calib
cadecv2:CYMBALTA-CYMBALTA.1463,forum,cadecv2,ANTIDEPRESSANT,0,forum,test,train,train,calib
cadecv2:CYMBALTA-CYMBALTA.1465,forum,cadecv2,ANTIDEPRESSANT,0,forum,test,train,train,calib
cadecv2:CYMBALTA-CYMBALTA.1466,forum,cadecv2,ANTIDEPRESSANT,0,forum,test,train,train,calib
cadecv2:CYMBALTA-CYMBALTA.1467,forum,cadecv2,ANTIDEPRESSANT,0,forum,test,train,train,calib
cadecv2:CYMBALTA-CYMBALTA.1468,forum,cadecv2,ANTIDEPRESSANT,0,forum,test,train,train,calib
cadecv2:CYMBALTA-CYMBALTA.1469,forum,cadecv2,ANTIDEPRESSANT,0,forum,test,train,train,calib
cadecv2:CYMBALTA-CYMBALTA.147,forum,cadecv2,ANTIDEPRESSANT,0,forum,test,train,train,calib
cadecv2:CYMBALTA-CYMBALTA.1470,forum,cadecv2,ANTIDEPRESSANT,0,forum,test,train,train,calib
cadecv2:CYMBALTA-CYMBALTA.1471,forum,cadecv2,ANTIDEPRESSANT,0,forum,test,train,train,calib
cadecv2:CYMBALTA-CYMBALTA.1472,forum,cadecv2,ANTIDEPRESSANT,0,forum,test,train,train,calib
cadecv2:CYMBALTA-CYMBALTA.1473,forum,cadecv2,ANTIDEPRESSANT,0,forum,test,train,train,calib
cadecv2:CYMBALTA-CYMBALTA.1475,forum,cadecv2,ANTIDEPRESSANT,0,forum,test,train,train,calib
cadecv2:CYMBALTA-CYMBALTA.1478,forum,cadecv2,ANTIDEPRESSANT,0,forum,test,train,train,calib
cadecv2:CYMBALTA-CYMBALTA.1481,forum,cadecv2,ANTIDEPRESSANT,0,forum,test,train,train,calib
cadecv2:CYMBALTA-CYMBALTA.1483,forum,cadecv2,ANTIDEPRESSANT,0,forum,test,train,train,calib
cadecv2:CYMBALTA-CYMBALTA.1484,forum,cadecv2,ANTIDEPRESSANT,0,forum,test,train,train,calib
cadecv2:CYMBALTA-CYMBALTA.1485,forum,cadecv2,ANTIDEPRESSANT,0,forum,test,train,train,calib
cadecv2:CYMBALTA-CYMBALTA.1486,forum,cadecv2,ANTIDEPRESSANT,0,forum,test,train,train,calib
cadecv2:CYMBALTA-CYMBALTA.1487,forum,cadecv2,ANTIDEPRESSANT,0,forum,test,train,train,calib
cadecv2:CYMBALTA-CYMBALTA.1488,forum,cadecv2,ANTIDEPRESSANT,0,forum,test,train,train,calib
cadecv2:CYMBALTA-CYMBALTA.1489,forum,cadecv2,ANTIDEPRESSANT,0,forum,test,train,train,calib
cadecv2:CYMBALTA-CYMBALTA.149,forum,cadecv2,ANTIDEPRESSANT,0,forum,test,train,train,calib
cadecv2:CYMBALTA-CYMBALTA.1491,forum,cadecv2,ANTIDEPRESSANT,0,forum,test,train,train,calib
cadecv2:CYMBALTA-CYMBALTA.1492,forum,cadecv2,ANTIDEPRESSANT,0,forum,test,train,train,calib
cadecv2:CYMBALTA-CYMBALTA.1493,forum,cadecv2,ANTIDEPRESSANT,0,forum,test,train,train,calib
cadecv2:CYMBALTA-CYMBALTA.1494,forum,cadecv2,ANTIDEPRESSANT,0,forum,test,train,train,calib
cadecv2:CYMBALTA-CYMBALTA.1495,forum,cadecv2,ANTIDEPRESSANT,0,forum,test,train,train,calib
cadecv2:CYMBALTA-CYMBALTA.1496,forum,cadecv2,ANTIDEPRESSANT,0,forum,test,train,train,calib
cadecv2:CYMBALTA-CYMBALTA.1497,forum,cadecv2,ANTIDEPRESSANT,0,forum,test,train,train,calib
cadecv2:CYMBALTA-CYMBALTA.1498,forum,cadecv2,ANTIDEPRESSANT,0,forum,test,train,train,calib
cadecv2:CYMBALTA-CYMBALTA.15,forum,cadecv2,ANTIDEPRESSANT,0,forum,test,train,train,calib
cadecv2:CYMBALTA-CYMBALTA.1500,forum,cadecv2,ANTIDEPRESSANT,0,forum,test,train,train,calib
cadecv2:CYMBALTA-CYMBALTA.1501,forum,cadecv2,ANTIDEPRESSANT,0,forum,test,train,train,calib
cadecv2:CYMBALTA-CYMBALTA.1502,forum,cadecv2,ANTIDEPRESSANT,0,forum,test,train,train,calib
cadecv2:CYMBALTA-CYMBALTA.1503,forum,cadecv2,ANTIDEPRESSANT,0,forum,test,train,train,calib
cadecv2:CYMBALTA-CYMBALTA.1504,forum,cadecv2,ANTIDEPRESSANT,0,forum,test,train,train,calib
cadecv2:CYMBALTA-CYMBALTA.1505,forum,cadecv2,ANTIDEPRESSANT,0,forum,test,train,train,calib
cadecv2:CYMBALTA-CYMBALTA.1507,forum,cadecv2,ANTIDEPRESSANT,0,forum,test,train,train,calib
cadecv2:CYMBALTA-CYMBALTA.1508,forum,cadecv2,ANTIDEPRESSANT,0,forum,test,train,train,calib
cadecv2:CYMBALTA-CYMBALTA.1509,forum,cadecv2,ANTIDEPRESSANT,0,forum,test,train,train,calib
cadecv2:CYMBALTA-CYMBALTA.151,forum,cadecv2,ANTIDEPRESSANT,0,forum,test,train,train,calib
cadecv2:CYMBALTA-CYMBALTA.1510,forum,cadecv2,ANTIDEPRESSANT,0,forum,test,train,train,calib
cadecv2:CYMBALTA-CYMBALTA.1511,forum,cadecv2,ANTIDEPRESSANT,0,forum,test,train,train,calib
cadecv2:CYMBALTA-CYMBALTA.1512,forum,cadecv2,ANTIDEPRESSANT,0,forum,test,train,train,calib
cadecv2:CYMBALTA-CYMBALTA.1513,forum,cadecv2,ANTIDEPRESSANT,0,forum,test,train,train,calib
cadecv2:CYMBALTA-CYMBALTA.1514,forum,cadecv2,ANTIDEPRESSANT,0,forum,test,train,train,calib
cadecv2:CYMBALTA-CYMBALTA.1516,forum,cadecv2,ANTIDEPRESSANT,0,forum,test,train,train,calib
cadecv2:CYMBALTA-CYMBALTA.1517,forum,cadecv2,ANTIDEPRESSANT,0,forum,test,train,train,calib
cadecv2:CYMBALTA-CYMBALTA.1518,forum,cadecv2,ANTIDEPRESSANT,0,forum,test,train,train,calib
cadecv2:CYMBALTA-CYMBALTA.1519,forum,cadecv2,ANTIDEPRESSANT,0,forum,test,train,train,calib
cadecv2:CYMBALTA-CYMBALTA.152,forum,cadecv2,ANTIDEPRESSANT,0,forum,test,train,train,calib
cadecv2:CYMBALTA-CYMBALTA.1521,forum,cadecv2,ANTIDEPRESSANT,0,forum,test,train,train,calib
cadecv2:CYMBALTA-CYMBALTA.1523,forum,cadecv2,ANTIDEPRESSANT,0,forum,test,train,train,calib
cadecv2:CYMBALTA-CYMBALTA.1525,forum,cadecv2,ANTIDEPRESSANT,0,forum,test,train,train,calib
cadecv2:CYMBALTA-CYMBALTA.1526,forum,cadecv2,ANTIDEPRESSANT,0,forum,test,train,train,calib
cadecv2:CYMBALTA-CYMBALTA.1527,forum,cadecv2,ANTIDEPRESSANT,0,forum,test,train,train,calib
cadecv2:CYMBALTA-CYMBALTA.1529,forum,cadecv2,ANTIDEPRESSANT,0,forum,test,train,train,calib
cadecv2:CYMBALTA-CYMBALTA.153,forum,cadecv2,ANTIDEPRESSANT,0,forum,test,train,train,calib
cadecv2:CYMBALTA-CYMBALTA.1530,forum,cadecv2,ANTIDEPRESSANT,0,forum,test,train,train,calib
cadecv2:CYMBALTA-CYMBALTA.1531,forum,cadecv2,ANTIDEPRESSANT,0,forum,test,train,train,calib
cadecv2:CYMBALTA-CYMBALTA.1532,forum,cadecv2,ANTIDEPRESSANT,0,forum,test,train,train,calib
cadecv2:CYMBALTA-CYMBALTA.1533,forum,cadecv2,ANTIDEPRESSANT,0,forum,test,train,train,calib
cadecv2:CYMBALTA-CYMBALTA.1534,forum,cadecv2,ANTIDEPRESSANT,0,forum,test,train,train,calib
cadecv2:CYMBALTA-CYMBALTA.1535,forum,cadecv2,ANTIDEPRESSANT,0,forum,test,train,train,calib
cadecv2:CYMBALTA-CYMBALTA.1536,forum,cadecv2,ANTIDEPRESSANT,0,forum,test,train,train,calib
cadecv2:CYMBALTA-CYMBALTA.1537,forum,cadecv2,ANTIDEPRESSANT,0,forum,test,train,train,calib
cadecv2:CYMBALTA-CYMBALTA.1538,forum,cadecv2,ANTIDEPRESSANT,0,forum,test,train,train,calib
cadecv2:CYMBALTA-CYMBALTA.1539,forum,cadecv2,ANTIDEPRESSANT,0,forum,test,train,train,calib
cadecv2:CYMBALTA-CYMBALTA.154,forum,cadecv2,ANTIDEPRESSANT,0,forum,test,train,train,calib
cadecv2:CYMBALTA-CYMBALTA.1540,forum,cadecv2,ANTIDEPRESSANT,0,forum,test,train,train,calib
cadecv2:CYMBALTA-CYMBALTA.1541,forum,cadecv2,ANTIDEPRESSANT,0,forum,test,train,train,calib
cadecv2:CYMBALTA-CYMBALTA.1542,forum,cadecv2,ANTIDEPRESSANT,0,forum,test,train,train,calib
cadecv2:CYMBALTA-CYMBALTA.1543,forum,cadecv2,ANTIDEPRESSANT,0,forum,test,train,train,calib
cadecv2:CYMBALTA-CYMBALTA.1544,forum,cadecv2,ANTIDEPRESSANT,0,forum,test,train,train,calib
cadecv2:CYMBALTA-CYMBALTA.1547,forum,cadecv2,ANTIDEPRESSANT,0,forum,test,train,train,calib
cadecv2:CYMBALTA-CYMBALTA.1548,forum,cadecv2,ANTIDEPRESSANT,0,forum,test,train,train,calib
cadecv2:CYMBALTA-CYMBALTA.1550,forum,cadecv2,ANTIDEPRESSANT,0,forum,test,train,train,calib
cadecv2:CYMBALTA-CYMBALTA.1551,forum,cadecv2,ANTIDEPRESSANT,0,forum,test,train,train,calib
cadecv2:CYMBALTA-CYMBALTA.1552,forum,cadecv2,ANTIDEPRESSANT,0,forum,test,train,train,calib
cadecv2:CYMBALTA-CYMBALTA.1554,forum,cadecv2,ANTIDEPRESSANT,0,forum,test,train,train,calib
cadecv2:CYMBALTA-CYMBALTA.1555,forum,cadecv2,ANTIDEPRESSANT,0,forum,test,train,train,calib
cadecv2:CYMBALTA-CYMBALTA.1556,forum,cadecv2,ANTIDEPRESSANT,0,forum,test,train,train,calib
cadecv2:CYMBALTA-CYMBALTA.1558,forum,cadecv2,ANTIDEPRESSANT,0,forum,test,train,train,calib
cadecv2:CYMBALTA-CYMBALTA.1559,forum,cadecv2,ANTIDEPRESSANT,0,forum,test,train,train,calib
cadecv2:CYMBALTA-CYMBALTA.156,forum,cadecv2,ANTIDEPRESSANT,0,forum,test,train,train,calib
cadecv2:CYMBALTA-CYMBALTA.1560,forum,cadecv2,ANTIDEPRESSANT,0,forum,test,train,train,calib
cadecv2:CYMBALTA-CYMBALTA.1561,forum,cadecv2,ANTIDEPRESSANT,0,forum,test,train,train,calib
cadecv2:CYMBALTA-CYMBALTA.1562,forum,cadecv2,ANTIDEPRESSANT,0,forum,test,train,train,calib
cadecv2:CYMBALTA-CYMBALTA.1563,forum,cadecv2,ANTIDEPRESSANT,0,forum,test,train,train,calib
cadecv2:CYMBALTA-CYMBALTA.1564,forum,cadecv2,ANTIDEPRESSANT,0,forum,test,train,train,calib
cadecv2:CYMBALTA-CYMBALTA.1565,forum,cadecv2,ANTIDEPRESSANT,0,forum,test,train,train,calib
cadecv2:CYMBALTA-CYMBALTA.1566,forum,cadecv2,ANTIDEPRESSANT,0,forum,test,train,train,calib
cadecv2:CYMBALTA-CYMBALTA.1567,forum,cadecv2,ANTIDEPRESSANT,0,forum,test,train,train,calib
cadecv2:CYMBALTA-CYMBALTA.1568,forum,cadecv2,ANTIDEPRESSANT,0,forum,test,train,train,calib
cadecv2:CYMBALTA-CYMBALTA.1572,forum,cadecv2,ANTIDEPRESSANT,0,forum,test,train,train,calib
cadecv2:CYMBALTA-CYMBALTA.1573,forum,cadecv2,ANTIDEPRESSANT,0,forum,test,train,train,calib
cadecv2:CYMBALTA-CYMBALTA.1574,forum,cadecv2,ANTIDEPRESSANT,0,forum,test,train,train,calib
cadecv2:CYMBALTA-CYMBALTA.1577,forum,cadecv2,ANTIDEPRESSANT,0,forum,test,train,train,calib
cadecv2:CYMBALTA-CYMBALTA.1578,forum,cadecv2,ANTIDEPRESSANT,0,forum,test,train,train,calib
cadecv2:CYMBALTA-CYMBALTA.158,forum,cadecv2,ANTIDEPRESSANT,0,forum,test,train,train,calib
cadecv2:CYMBALTA-CYMBALTA.1580,forum,cadecv2,ANTIDEPRESSANT,0,forum,test,train,train,calib
cadecv2:CYMBALTA-CYMBALTA.1581,forum,cadecv2,ANTIDEPRESSANT,0,forum,test,train,train,calib
cadecv2:CYMBALTA-CYMBALTA.1582,forum,cadecv2,ANTIDEPRESSANT,0,forum,test,train,train,calib
cadecv2:CYMBALTA-CYMBALTA.1583,forum,cadecv2,ANTIDEPRESSANT,0,forum,test,train,train,calib
cadecv2:CYMBALTA-CYMBALTA.1584,forum,cadecv2,ANTIDEPRESSANT,0,forum,test,train,train,calib
cadecv2:CYMBALTA-CYMBALTA.1585,forum,cadecv2,ANTIDEPRESSANT,0,forum,test,train,train,calib
cadecv2:CYMBALTA-CYMBALTA.1586,forum,cadecv2,ANTIDEPRESSANT,0,forum,test,train,train,calib
cadecv2:CYMBALTA-CYMBALTA.1587,forum,cadecv2,ANTIDEPRESSANT,0,forum,test,train,train,calib
cadecv2:CYMBALTA-CYMBALTA.1588,forum,cadecv2,ANTIDEPRESSANT,0,forum,test,train,train,calib
cadecv2:CYMBALTA-CYMBALTA.1589,forum,cadecv2,ANTIDEPRESSANT,0,forum,test,train,train,calib
cadecv2:CYMBALTA-CYMBALTA.159,forum,cadecv2,ANTIDEPRESSANT,0,forum,test,train,train,calib
cadecv2:CYMBALTA-CYMBALTA.1590,forum,cadecv2,ANTIDEPRESSANT,0,forum,test,train,train,calib
cadecv2:CYMBALTA-CYMBALTA.1592,forum,cadecv2,ANTIDEPRESSANT,0,forum,test,train,train,calib
cadecv2:CYMBALTA-CYMBALTA.1593,forum,cadecv2,ANTIDEPRESSANT,0,forum,test,train,train,calib
cadecv2:CYMBALTA-CYMBALTA.1596,forum,cadecv2,ANTIDEPRESSANT,0,forum,test,train,train,calib
cadecv2:CYMBALTA-CYMBALTA.1598,forum,cadecv2,ANTIDEPRESSANT,0,forum,test,train,train,calib
cadecv2:CYMBALTA-CYMBALTA.1599,forum,cadecv2,ANTIDEPRESSANT,0,forum,test,train,train,calib
cadecv2:CYMBALTA-CYMBALTA.16,forum,cadecv2,ANTIDEPRESSANT,0,forum,test,train,train,calib
cadecv2:CYMBALTA-CYMBALTA.1602,forum,cadecv2,ANTIDEPRESSANT,0,forum,test,train,train,calib
cadecv2:CYMBALTA-CYMBALTA.1603,forum,cadecv2,ANTIDEPRESSANT,0,forum,test,train,train,calib
cadecv2:CYMBALTA-CYMBALTA.1605,forum,cadecv2,ANTIDEPRESSANT,0,forum,test,train,train,calib
cadecv2:CYMBALTA-CYMBALTA.1607,forum,cadecv2,ANTIDEPRESSANT,0,forum,test,train,train,calib
cadecv2:CYMBALTA-CYMBALTA.1609,forum,cadecv2,ANTIDEPRESSANT,0,forum,test,train,train,calib
cadecv2:CYMBALTA-CYMBALTA.161,forum,cadecv2,ANTIDEPRESSANT,0,forum,test,train,train,calib
cadecv2:CYMBALTA-CYMBALTA.1610,forum,cadecv2,ANTIDEPRESSANT,0,forum,test,train,train,calib
cadecv2:CYMBALTA-CYMBALTA.1611,forum,cadecv2,ANTIDEPRESSANT,0,forum,test,train,train,calib
cadecv2:CYMBALTA-CYMBALTA.1612,forum,cadecv2,ANTIDEPRESSANT,0,forum,test,train,train,calib
cadecv2:CYMBALTA-CYMBALTA.1614,forum,cadecv2,ANTIDEPRESSANT,0,forum,test,train,train,calib
cadecv2:CYMBALTA-CYMBALTA.1615,forum,cadecv2,ANTIDEPRESSANT,0,forum,test,train,train,calib
cadecv2:CYMBALTA-CYMBALTA.1616,forum,cadecv2,ANTIDEPRESSANT,0,forum,test,train,train,calib
cadecv2:CYMBALTA-CYMBALTA.1618,forum,cadecv2,ANTIDEPRESSANT,0,forum,test,train,train,calib
cadecv2:CYMBALTA-CYMBALTA.1620,forum,cadecv2,ANTIDEPRESSANT,0,forum,test,train,train,calib
cadecv2:CYMBALTA-CYMBALTA.1621,forum,cadecv2,ANTIDEPRESSANT,0,forum,test,train,train,calib
cadecv2:CYMBALTA-CYMBALTA.1622,forum,cadecv2,ANTIDEPRESSANT,0,forum,test,train,train,calib
cadecv2:CYMBALTA-CYMBALTA.1623,forum,cadecv2,ANTIDEPRESSANT,0,forum,test,train,train,calib
cadecv2:CYMBALTA-CYMBALTA.1624,forum,cadecv2,ANTIDEPRESSANT,0,forum,test,train,train,calib
cadecv2:CYMBALTA-CYMBALTA.1625,forum,cadecv2,ANTIDEPRESSANT,0,forum,test,train,train,calib
cadecv2:CYMBALTA-CYMBALTA.1626,forum,cadecv2,ANTIDEPRESSANT,0,forum,test,train,train,calib
cadecv2:CYMBALTA-CYMBALTA.1627,forum,cadecv2,ANTIDEPRESSANT,0,forum,test,train,train,calib
cadecv2:CYMBALTA-CYMBALTA.1628,forum,cadecv2,ANTIDEPRESSANT,0,forum,test,train,train,calib
cadecv2:CYMBALTA-CYMBALTA.163,forum,cadecv2,ANTIDEPRESSANT,0,forum,test,train,train,calib
cadecv2:CYMBALTA-CYMBALTA.1630,forum,cadecv2,ANTIDEPRESSANT,0,forum,test,train,train,calib
cadecv2:CYMBALTA-CYMBALTA.1632,forum,cadecv2,ANTIDEPRESSANT,0,forum,test,train,train,calib
cadecv2:CYMBALTA-CYMBALTA.1634,forum,cadecv2,ANTIDEPRESSANT,0,forum,test,train,train,calib
cadecv2:CYMBALTA-CYMBALTA.1635,forum,cadecv2,ANTIDEPRESSANT,0,forum,test,train,train,calib
cadecv2:CYMBALTA-CYMBALTA.1636,forum,cadecv2,ANTIDEPRESSANT,0,forum,test,train,train,calib
cadecv2:CYMBALTA-CYMBALTA.1637,forum,cadecv2,ANTIDEPRESSANT,0,forum,test,train,train,calib
cadecv2:CYMBALTA-CYMBALTA.1638,forum,cadecv2,ANTIDEPRESSANT,0,forum,test,train,train,calib
cadecv2:CYMBALTA-CYMBALTA.1639,forum,cadecv2,ANTIDEPRESSANT,0,forum,test,train,train,calib
cadecv2:CYMBALTA-CYMBALTA.164,forum,cadecv2,ANTIDEPRESSANT,0,forum,test,train,train,calib
cadecv2:CYMBALTA-CYMBALTA.1640,forum,cadecv2,ANTIDEPRESSANT,0,forum,test,train,train,calib
cadecv2:CYMBALTA-CYMBALTA.1641,forum,cadecv2,ANTIDEPRESSANT,0,forum,test,train,train,calib
cadecv2:CYMBALTA-CYMBALTA.1643,forum,cadecv2,ANTIDEPRESSANT,0,forum,test,train,train,calib
cadecv2:CYMBALTA-CYMBALTA.1644,forum,cadecv2,ANTIDEPRESSANT,0,forum,test,train,train,calib
cadecv2:CYMBALTA-CYMBALTA.1646,forum,cadecv2,ANTIDEPRESSANT,0,forum,test,train,train,calib
cadecv2:CYMBALTA-CYMBALTA.1648,forum,cadecv2,ANTIDEPRESSANT,0,forum,test,train,train,calib
cadecv2:CYMBALTA-CYMBALTA.165,forum,cadecv2,ANTIDEPRESSANT,0,forum,test,train,train,calib
cadecv2:CYMBALTA-CYMBALTA.1651,forum,cadecv2,ANTIDEPRESSANT,0,forum,test,train,train,calib
cadecv2:CYMBALTA-CYMBALTA.1652,forum,cadecv2,ANTIDEPRESSANT,0,forum,test,train,train,calib
cadecv2:CYMBALTA-CYMBALTA.1653,forum,cadecv2,ANTIDEPRESSANT,0,forum,test,train,train,calib
cadecv2:CYMBALTA-CYMBALTA.1654,forum,cadecv2,ANTIDEPRESSANT,0,forum,test,train,train,calib
cadecv2:CYMBALTA-CYMBALTA.1655,forum,cadecv2,ANTIDEPRESSANT,0,forum,test,train,train,calib
cadecv2:CYMBALTA-CYMBALTA.1656,forum,cadecv2,ANTIDEPRESSANT,0,forum,test,train,train,calib
cadecv2:CYMBALTA-CYMBALTA.1657,forum,cadecv2,ANTIDEPRESSANT,0,forum,test,train,train,calib
cadecv2:CYMBALTA-CYMBALTA.1658,forum,cadecv2,ANTIDEPRESSANT,0,forum,test,train,train,calib
cadecv2:CYMBALTA-CYMBALTA.1659,forum,cadecv2,ANTIDEPRESSANT,0,forum,test,train,train,calib
cadecv2:CYMBALTA-CYMBALTA.166,forum,cadecv2,ANTIDEPRESSANT,0,forum,test,train,train,calib
cadecv2:CYMBALTA-CYMBALTA.1660,forum,cadecv2,ANTIDEPRESSANT,0,forum,test,train,train,calib
cadecv2:CYMBALTA-CYMBALTA.1661,forum,cadecv2,ANTIDEPRESSANT,0,forum,test,train,train,calib
cadecv2:CYMBALTA-CYMBALTA.1663,forum,cadecv2,ANTIDEPRESSANT,0,forum,test,train,train,calib
cadecv2:CYMBALTA-CYMBALTA.1664,forum,cadecv2,ANTIDEPRESSANT,0,forum,test,train,train,calib
cadecv2:CYMBALTA-CYMBALTA.1665,forum,cadecv2,ANTIDEPRESSANT,0,forum,test,train,train,calib
cadecv2:CYMBALTA-CYMBALTA.1667,forum,cadecv2,ANTIDEPRESSANT,0,forum,test,train,train,calib
cadecv2:CYMBALTA-CYMBALTA.1668,forum,cadecv2,ANTIDEPRESSANT,0,forum,test,train,train,calib
cadecv2:CYMBALTA-CYMBALTA.167,forum,cadecv2,ANTIDEPRESSANT,0,forum,test,train,train,calib
cadecv2:CYMBALTA-CYMBALTA.1672,forum,cadecv2,ANTIDEPRESSANT,0,forum,test,train,train,calib
cadecv2:CYMBALTA-CYMBALTA.1675,forum,cadecv2,ANTIDEPRESSANT,0,forum,test,train,train,calib
cadecv2:CYMBALTA-CYMBALTA.1676,forum,cadecv2,ANTIDEPRESSANT,0,forum,test,train,train,calib
cadecv2:CYMBALTA-CYMBALTA.1677,forum,cadecv2,ANTIDEPRESSANT,0,forum,test,train,train,calib
cadecv2:CYMBALTA-CYMBALTA.1679,forum,cadecv2,ANTIDEPRESSANT,0,forum,test,train,train,calib
cadecv2:CYMBALTA-CYMBALTA.168,forum,cadecv2,ANTIDEPRESSANT,0,forum,test,train,train,calib
cadecv2:CYMBALTA-CYMBALTA.1680,forum,cadecv2,ANTIDEPRESSANT,0,forum,test,train,train,calib
cadecv2:CYMBALTA-CYMBALTA.1681,forum,cadecv2,ANTIDEPRESSANT,0,forum,test,train,train,calib
cadecv2:CYMBALTA-CYMBALTA.1682,forum,cadecv2,ANTIDEPRESSANT,0,forum,test,train,train,calib
cadecv2:CYMBALTA-CYMBALTA.1683,forum,cadecv2,ANTIDEPRESSANT,0,forum,test,train,train,calib
cadecv2:CYMBALTA-CYMBALTA.1684,forum,cadecv2,ANTIDEPRESSANT,0,forum,test,train,train,calib
cadecv2:CYMBALTA-CYMBALTA.1686,forum,cadecv2,ANTIDEPRESSANT,0,forum,test,train,train,calib
cadecv2:CYMBALTA-CYMBALTA.1687,forum,cadecv2,ANTIDEPRESSANT,0,forum,test,train,train,calib
cadecv2:CYMBALTA-CYMBALTA.1688,forum,cadecv2,ANTIDEPRESSANT,0,forum,test,train,train,calib
cadecv2:CYMBALTA-CYMBALTA.1689,forum,cadecv2,ANTIDEPRESSANT,0,forum,test,train,train,calib
cadecv2:CYMBALTA-CYMBALTA.169,forum,cadecv2,ANTIDEPRESSANT,0,forum,test,train,train,calib
cadecv2:CYMBALTA-CYMBALTA.1690,forum,cadecv2,ANTIDEPRESSANT,0,forum,test,train,train,calib
cadecv2:CYMBALTA-CYMBALTA.1691,forum,cadecv2,ANTIDEPRESSANT,0,forum,test,train,train,calib
cadecv2:CYMBALTA-CYMBALTA.1693,forum,cadecv2,ANTIDEPRESSANT,0,forum,test,train,train,calib
cadecv2:CYMBALTA-CYMBALTA.1694,forum,cadecv2,ANTIDEPRESSANT,0,forum,test,train,train,calib
cadecv2:CYMBALTA-CYMBALTA.1697,forum,cadecv2,ANTIDEPRESSANT,0,forum,test,train,train,calib
cadecv2:CYMBALTA-CYMBALTA.1699,forum,cadecv2,ANTIDEPRESSANT,0,forum,test,train,train,calib
cadecv2:CYMBALTA-CYMBALTA.17,forum,cadecv2,ANTIDEPRESSANT,0,forum,test,train,train,calib
cadecv2:CYMBALTA-CYMBALTA.1701,forum,cadecv2,ANTIDEPRESSANT,0,forum,test,train,train,calib
cadecv2:CYMBALTA-CYMBALTA.1703,forum,cadecv2,ANTIDEPRESSANT,0,forum,test,train,train,calib
cadecv2:CYMBALTA-CYMBALTA.1707,forum,cadecv2,ANTIDEPRESSANT,0,forum,test,train,train,calib
cadecv2:CYMBALTA-CYMBALTA.1708,forum,cadecv2,ANTIDEPRESSANT,0,forum,test,train,train,calib
cadecv2:CYMBALTA-CYMBALTA.1709,forum,cadecv2,ANTIDEPRESSANT,0,forum,test,train,train,calib
cadecv2:CYMBALTA-CYMBALTA.171,forum,cadecv2,ANTIDEPRESSANT,0,forum,test,train,train,calib
cadecv2:CYMBALTA-CYMBALTA.1710,forum,cadecv2,ANTIDEPRESSANT,0,forum,test,train,train,calib
cadecv2:CYMBALTA-CYMBALTA.1712,forum,cadecv2,ANTIDEPRESSANT,0,forum,test,train,train,calib
cadecv2:CYMBALTA-CYMBALTA.1713,forum,cadecv2,ANTIDEPRESSANT,0,forum,test,train,train,calib
cadecv2:CYMBALTA-CYMBALTA.1714,forum,cadecv2,ANTIDEPRESSANT,0,forum,test,train,train,calib
cadecv2:CYMBALTA-CYMBALTA.1715,forum,cadecv2,ANTIDEPRESSANT,0,forum,test,train,train,calib
cadecv2:CYMBALTA-CYMBALTA.1717,forum,cadecv2,ANTIDEPRESSANT,0,forum,test,train,train,calib
cadecv2:CYMBALTA-CYMBALTA.1718,forum,cadecv2,ANTIDEPRESSANT,0,forum,test,train,train,calib
cadecv2:CYMBALTA-CYMBALTA.1719,forum,cadecv2,ANTIDEPRESSANT,0,forum,test,train,train,calib
cadecv2:CYMBALTA-CYMBALTA.172,forum,cadecv2,ANTIDEPRESSANT,0,forum,test,train,train,calib
cadecv2:CYMBALTA-CYMBALTA.1720,forum,cadecv2,ANTIDEPRESSANT,0,forum,test,train,train,calib
cadecv2:CYMBALTA-CYMBALTA.1721,forum,cadecv2,ANTIDEPRESSANT,0,forum,test,train,train,calib
cadecv2:CYMBALTA-CYMBALTA.1722,forum,cadecv2,ANTIDEPRESSANT,0,forum,test,train,train,calib
cadecv2:CYMBALTA-CYMBALTA.1723,forum,cadecv2,ANTIDEPRESSANT,0,forum,test,train,train,calib
cadecv2:CYMBALTA-CYMBALTA.1725,forum,cadecv2,ANTIDEPRESSANT,0,forum,test,train,train,calib
cadecv2:CYMBALTA-CYMBALTA.1726,forum,cadecv2,ANTIDEPRESSANT,0,forum,test,train,train,calib
cadecv2:CYMBALTA-CYMBALTA.1727,forum,cadecv2,ANTIDEPRESSANT,0,forum,test,train,train,calib
cadecv2:CYMBALTA-CYMBALTA.1728,forum,cadecv2,ANTIDEPRESSANT,0,forum,test,train,train,calib
cadecv2:CYMBALTA-CYMBALTA.1729,forum,cadecv2,ANTIDEPRESSANT,0,forum,test,train,train,calib
cadecv2:CYMBALTA-CYMBALTA.173,forum,cadecv2,ANTIDEPRESSANT,0,forum,test,train,train,calib
cadecv2:CYMBALTA-CYMBALTA.1730,forum,cadecv2,ANTIDEPRESSANT,0,forum,test,train,train,calib
cadecv2:CYMBALTA-CYMBALTA.1731,forum,cadecv2,ANTIDEPRESSANT,0,forum,test,train,train,calib
cadecv2:CYMBALTA-CYMBALTA.1732,forum,cadecv2,ANTIDEPRESSANT,0,forum,test,train,train,calib
cadecv2:CYMBALTA-CYMBALTA.1734,forum,cadecv2,ANTIDEPRESSANT,0,forum,test,train,train,calib
cadecv2:CYMBALTA-CYMBALTA.1735,forum,cadecv2,ANTIDEPRESSANT,0,forum,test,train,train,calib
cadecv2:CYMBALTA-CYMBALTA.1736,forum,cadecv2,ANTIDEPRESSANT,0,forum,test,train,train,calib
cadecv2:CYMBALTA-CYMBALTA.1737,forum,cadecv2,ANTIDEPRESSANT,0,forum,test,train,train,calib
cadecv2:CYMBALTA-CYMBALTA.1738,forum,cadecv2,ANTIDEPRESSANT,0,forum,test,train,train,calib
cadecv2:CYMBALTA-CYMBALTA.174,forum,cadecv2,ANTIDEPRESSANT,0,forum,test,train,train,calib
cadecv2:CYMBALTA-CYMBALTA.1740,forum,cadecv2,ANTIDEPRESSANT,0,forum,test,train,train,calib
cadecv2:CYMBALTA-CYMBALTA.1743,forum,cadecv2,ANTIDEPRESSANT,0,forum,test,train,train,calib
cadecv2:CYMBALTA-CYMBALTA.1744,forum,cadecv2,ANTIDEPRESSANT,0,forum,test,train,train,calib
cadecv2:CYMBALTA-CYMBALTA.1745,forum,cadecv2,ANTIDEPRESSANT,0,forum,test,train,train,calib
cadecv2:CYMBALTA-CYMBALTA.1747,forum,cadecv2,ANTIDEPRESSANT,0,forum,test,train,train,calib
cadecv2:CYMBALTA-CYMBALTA.1748,forum,cadecv2,ANTIDEPRESSANT,0,forum,test,train,train,calib
cadecv2:CYMBALTA-CYMBALTA.1749,forum,cadecv2,ANTIDEPRESSANT,0,forum,test,train,train,calib
cadecv2:CYMBALTA-CYMBALTA.175,forum,cadecv2,ANTIDEPRESSANT,0,forum,test,train,train,calib
cadecv2:CYMBALTA-CYMBALTA.1750,forum,cadecv2,ANTIDEPRESSANT,0,forum,test,train,train,calib
cadecv2:CYMBALTA-CYMBALTA.1751,forum,cadecv2,ANTIDEPRESSANT,0,forum,test,train,train,calib
cadecv2:CYMBALTA-CYMBALTA.1752,forum,cadecv2,ANTIDEPRESSANT,0,forum,test,train,train,calib
cadecv2:CYMBALTA-CYMBALTA.1753,forum,cadecv2,ANTIDEPRESSANT,0,forum,test,train,train,calib
cadecv2:CYMBALTA-CYMBALTA.1756,forum,cadecv2,ANTIDEPRESSANT,0,forum,test,train,train,calib
cadecv2:CYMBALTA-CYMBALTA.1757,forum,cadecv2,ANTIDEPRESSANT,0,forum,test,train,train,calib
cadecv2:CYMBALTA-CYMBALTA.176,forum,cadecv2,ANTIDEPRESSANT,0,forum,test,train,train,calib
cadecv2:CYMBALTA-CYMBALTA.1760,forum,cadecv2,ANTIDEPRESSANT,0,forum,test,train,train,calib
cadecv2:CYMBALTA-CYMBALTA.1761,forum,cadecv2,ANTIDEPRESSANT,0,forum,test,train,train,calib
cadecv2:CYMBALTA-CYMBALTA.1763,forum,cadecv2,ANTIDEPRESSANT,0,forum,test,train,train,calib
cadecv2:CYMBALTA-CYMBALTA.1765,forum,cadecv2,ANTIDEPRESSANT,0,forum,test,train,train,calib
cadecv2:CYMBALTA-CYMBALTA.1766,forum,cadecv2,ANTIDEPRESSANT,0,forum,test,train,train,calib
cadecv2:CYMBALTA-CYMBALTA.1767,forum,cadecv2,ANTIDEPRESSANT,0,forum,test,train,train,calib
cadecv2:CYMBALTA-CYMBALTA.1768,forum,cadecv2,ANTIDEPRESSANT,0,forum,test,train,train,calib
cadecv2:CYMBALTA-CYMBALTA.1769,forum,cadecv2,ANTIDEPRESSANT,0,forum,test,train,train,calib
cadecv2:CYMBALTA-CYMBALTA.177,forum,cadecv2,ANTIDEPRESSANT,0,forum,test,train,train,calib
cadecv2:CYMBALTA-CYMBALTA.1770,forum,cadecv2,ANTIDEPRESSANT,0,forum,test,train,train,calib
cadecv2:CYMBALTA-CYMBALTA.1771,forum,cadecv2,ANTIDEPRESSANT,0,forum,test,train,train,calib
cadecv2:CYMBALTA-CYMBALTA.1772,forum,cadecv2,ANTIDEPRESSANT,0,forum,test,train,train,calib
cadecv2:CYMBALTA-CYMBALTA.1773,forum,cadecv2,ANTIDEPRESSANT,0,forum,test,train,train,calib
cadecv2:CYMBALTA-CYMBALTA.1774,forum,cadecv2,ANTIDEPRESSANT,0,forum,test,train,train,calib
cadecv2:CYMBALTA-CYMBALTA.1775,forum,cadecv2,ANTIDEPRESSANT,0,forum,test,train,train,calib
cadecv2:CYMBALTA-CYMBALTA.1776,forum,cadecv2,ANTIDEPRESSANT,0,forum,test,train,train,calib
cadecv2:CYMBALTA-CYMBALTA.1777,forum,cadecv2,ANTIDEPRESSANT,0,forum,test,train,train,calib
cadecv2:CYMBALTA-CYMBALTA.1779,forum,cadecv2,ANTIDEPRESSANT,0,forum,test,train,train,calib
cadecv2:CYMBALTA-CYMBALTA.1780,forum,cadecv2,ANTIDEPRESSANT,0,forum,test,train,train,calib
cadecv2:CYMBALTA-CYMBALTA.1782,forum,cadecv2,ANTIDEPRESSANT,0,forum,test,train,train,calib
cadecv2:CYMBALTA-CYMBALTA.1783,forum,cadecv2,ANTIDEPRESSANT,0,forum,test,train,train,calib
cadecv2:CYMBALTA-CYMBALTA.1784,forum,cadecv2,ANTIDEPRESSANT,0,forum,test,train,train,calib
cadecv2:CYMBALTA-CYMBALTA.1785,forum,cadecv2,ANTIDEPRESSANT,0,forum,test,train,train,calib
cadecv2:CYMBALTA-CYMBALTA.1788,forum,cadecv2,ANTIDEPRESSANT,0,forum,test,train,train,calib
cadecv2:CYMBALTA-CYMBALTA.1789,forum,cadecv2,ANTIDEPRESSANT,0,forum,test,train,train,calib
cadecv2:CYMBALTA-CYMBALTA.179,forum,cadecv2,ANTIDEPRESSANT,0,forum,test,train,train,calib
cadecv2:CYMBALTA-CYMBALTA.1790,forum,cadecv2,ANTIDEPRESSANT,0,forum,test,train,train,calib
cadecv2:CYMBALTA-CYMBALTA.1791,forum,cadecv2,ANTIDEPRESSANT,0,forum,test,train,train,calib
cadecv2:CYMBALTA-CYMBALTA.1792,forum,cadecv2,ANTIDEPRESSANT,0,forum,test,train,train,calib
cadecv2:CYMBALTA-CYMBALTA.1793,forum,cadecv2,ANTIDEPRESSANT,0,forum,test,train,train,calib
cadecv2:CYMBALTA-CYMBALTA.1794,forum,cadecv2,ANTIDEPRESSANT,0,forum,test,train,train,calib
cadecv2:CYMBALTA-CYMBALTA.1795,forum,cadecv2,ANTIDEPRESSANT,0,forum,test,train,train,calib
cadecv2:CYMBALTA-CYMBALTA.1796,forum,cadecv2,ANTIDEPRESSANT,0,forum,test,train,train,calib
cadecv2:CYMBALTA-CYMBALTA.1797,forum,cadecv2,ANTIDEPRESSANT,0,forum,test,train,train,calib
cadecv2:CYMBALTA-CYMBALTA.1799,forum,cadecv2,ANTIDEPRESSANT,0,forum,test,train,train,calib
cadecv2:CYMBALTA-CYMBALTA.18,forum,cadecv2,ANTIDEPRESSANT,0,forum,test,train,train,calib
cadecv2:CYMBALTA-CYMBALTA.180,forum,cadecv2,ANTIDEPRESSANT,0,forum,test,train,train,calib
cadecv2:CYMBALTA-CYMBALTA.1800,forum,cadecv2,ANTIDEPRESSANT,0,forum,test,train,train,calib
cadecv2:CYMBALTA-CYMBALTA.1801,forum,cadecv2,ANTIDEPRESSANT,0,forum,test,train,train,calib
cadecv2:CYMBALTA-CYMBALTA.1803,forum,cadecv2,ANTIDEPRESSANT,0,forum,test,train,train,calib
cadecv2:CYMBALTA-CYMBALTA.1804,forum,cadecv2,ANTIDEPRESSANT,0,forum,test,train,train,calib
cadecv2:CYMBALTA-CYMBALTA.1805,forum,cadecv2,ANTIDEPRESSANT,0,forum,test,train,train,calib
cadecv2:CYMBALTA-CYMBALTA.1806,forum,cadecv2,ANTIDEPRESSANT,0,forum,test,train,train,calib
cadecv2:CYMBALTA-CYMBALTA.1807,forum,cadecv2,ANTIDEPRESSANT,0,forum,test,train,train,calib
cadecv2:CYMBALTA-CYMBALTA.1808,forum,cadecv2,ANTIDEPRESSANT,0,forum,test,train,train,calib
cadecv2:CYMBALTA-CYMBALTA.1809,forum,cadecv2,ANTIDEPRESSANT,0,forum,test,train,train,calib
cadecv2:CYMBALTA-CYMBALTA.181,forum,cadecv2,ANTIDEPRESSANT,0,forum,test,train,train,calib
cadecv2:CYMBALTA-CYMBALTA.1810,forum,cadecv2,ANTIDEPRESSANT,0,forum,test,train,train,calib
cadecv2:CYMBALTA-CYMBALTA.1811,forum,cadecv2,ANTIDEPRESSANT,0,forum,test,train,train,calib
cadecv2:CYMBALTA-CYMBALTA.1812,forum,cadecv2,ANTIDEPRESSANT,0,forum,test,train,train,calib
cadecv2:CYMBALTA-CYMBALTA.1813,forum,cadecv2,ANTIDEPRESSANT,0,forum,test,train,train,calib
cadecv2:CYMBALTA-CYMBALTA.1814,forum,cadecv2,ANTIDEPRESSANT,0,forum,test,train,train,calib
cadecv2:CYMBALTA-CYMBALTA.1815,forum,cadecv2,ANTIDEPRESSANT,0,forum,test,train,train,calib
cadecv2:CYMBALTA-CYMBALTA.1816,forum,cadecv2,ANTIDEPRESSANT,0,forum,test,train,train,calib
cadecv2:CYMBALTA-CYMBALTA.1817,forum,cadecv2,ANTIDEPRESSANT,0,forum,test,train,train,calib
cadecv2:CYMBALTA-CYMBALTA.1818,forum,cadecv2,ANTIDEPRESSANT,0,forum,test,train,train,calib
cadecv2:CYMBALTA-CYMBALTA.1819,forum,cadecv2,ANTIDEPRESSANT,0,forum,test,train,train,calib
cadecv2:CYMBALTA-CYMBALTA.182,forum,cadecv2,ANTIDEPRESSANT,0,forum,test,train,train,calib
cadecv2:CYMBALTA-CYMBALTA.1820,forum,cadecv2,ANTIDEPRESSANT,0,forum,test,train,train,calib
cadecv2:CYMBALTA-CYMBALTA.1821,forum,cadecv2,ANTIDEPRESSANT,0,forum,test,train,train,calib
cadecv2:CYMBALTA-CYMBALTA.1822,forum,cadecv2,ANTIDEPRESSANT,0,forum,test,train,train,calib
cadecv2:CYMBALTA-CYMBALTA.1824,forum,cadecv2,ANTIDEPRESSANT,0,forum,test,train,train,calib
cadecv2:CYMBALTA-CYMBALTA.1825,forum,cadecv2,ANTIDEPRESSANT,0,forum,test,train,train,calib
cadecv2:CYMBALTA-CYMBALTA.1826,forum,cadecv2,ANTIDEPRESSANT,0,forum,test,train,train,calib
cadecv2:CYMBALTA-CYMBALTA.1828,forum,cadecv2,ANTIDEPRESSANT,0,forum,test,train,train,calib
cadecv2:CYMBALTA-CYMBALTA.1829,forum,cadecv2,ANTIDEPRESSANT,0,forum,test,train,train,calib
cadecv2:CYMBALTA-CYMBALTA.183,forum,cadecv2,ANTIDEPRESSANT,0,forum,test,train,train,calib
cadecv2:CYMBALTA-CYMBALTA.1830,forum,cadecv2,ANTIDEPRESSANT,0,forum,test,train,train,calib
cadecv2:CYMBALTA-CYMBALTA.1831,forum,cadecv2,ANTIDEPRESSANT,0,forum,test,train,train,calib
cadecv2:CYMBALTA-CYMBALTA.1833,forum,cadecv2,ANTIDEPRESSANT,0,forum,test,train,train,calib
cadecv2:CYMBALTA-CYMBALTA.1834,forum,cadecv2,ANTIDEPRESSANT,0,forum,test,train,train,calib
cadecv2:CYMBALTA-CYMBALTA.1836,forum,cadecv2,ANTIDEPRESSANT,0,forum,test,train,train,calib
cadecv2:CYMBALTA-CYMBALTA.1837,forum,cadecv2,ANTIDEPRESSANT,0,forum,test,train,train,calib
cadecv2:CYMBALTA-CYMBALTA.1838,forum,cadecv2,ANTIDEPRESSANT,0,forum,test,train,train,calib
cadecv2:CYMBALTA-CYMBALTA.1839,forum,cadecv2,ANTIDEPRESSANT,0,forum,test,train,train,calib
cadecv2:CYMBALTA-CYMBALTA.1840,forum,cadecv2,ANTIDEPRESSANT,0,forum,test,train,train,calib
cadecv2:CYMBALTA-CYMBALTA.1841,forum,cadecv2,ANTIDEPRESSANT,0,forum,test,train,train,calib
cadecv2:CYMBALTA-CYMBALTA.1842,forum,cadecv2,ANTIDEPRESSANT,0,forum,test,train,train,calib
cadecv2:CYMBALTA-CYMBALTA.1843,forum,cadecv2,ANTIDEPRESSANT,0,forum,test,train,train,calib
cadecv2:CYMBALTA-CYMBALTA.1844,forum,cadecv2,ANTIDEPRESSANT,0,forum,test,train,train,calib
cadecv2:CYMBALTA-CYMBALTA.1846,forum,cadecv2,ANTIDEPRESSANT,0,forum,test,train,train,calib
cadecv2:CYMBALTA-CYMBALTA.1847,forum,cadecv2,ANTIDEPRESSANT,0,forum,test,train,train,calib
cadecv2:CYMBALTA-CYMBALTA.1848,forum,cadecv2,ANTIDEPRESSANT,0,forum,test,train,train,calib
cadecv2:CYMBALTA-CYMBALTA.1849,forum,cadecv2,ANTIDEPRESSANT,0,forum,test,train,train,calib
cadecv2:CYMBALTA-CYMBALTA.185,forum,cadecv2,ANTIDEPRESSANT,0,forum,test,train,train,calib
cadecv2:CYMBALTA-CYMBALTA.1851,forum,cadecv2,ANTIDEPRESSANT,0,forum,test,train,train,calib
cadecv2:CYMBALTA-CYMBALTA.1852,forum,cadecv2,ANTIDEPRESSANT,0,forum,test,train,train,calib
cadecv2:CYMBALTA-CYMBALTA.1855,forum,cadecv2,ANTIDEPRESSANT,0,forum,test,train,train,calib
cadecv2:CYMBALTA-CYMBALTA.1856,forum,cadecv2,ANTIDEPRESSANT,0,forum,test,train,train,calib
cadecv2:CYMBALTA-CYMBALTA.1857,forum,cadecv2,ANTIDEPRESSANT,0,forum,test,train,train,calib
cadecv2:CYMBALTA-CYMBALTA.1858,forum,cadecv2,ANTIDEPRESSANT,0,forum,test,train,train,calib
cadecv2:CYMBALTA-CYMBALTA.1859,forum,cadecv2,ANTIDEPRESSANT,0,forum,test,train,train,calib
cadecv2:CYMBALTA-CYMBALTA.186,forum,cadecv2,ANTIDEPRESSANT,0,forum,test,train,train,calib
cadecv2:CYMBALTA-CYMBALTA.1860,forum,cadecv2,ANTIDEPRESSANT,0,forum,test,train,train,calib
cadecv2:CYMBALTA-CYMBALTA.1861,forum,cadecv2,ANTIDEPRESSANT,0,forum,test,train,train,calib
cadecv2:CYMBALTA-CYMBALTA.1862,forum,cadecv2,ANTIDEPRESSANT,0,forum,test,train,train,calib
cadecv2:CYMBALTA-CYMBALTA.1863,forum,cadecv2,ANTIDEPRESSANT,0,forum,test,train,train,calib
cadecv2:CYMBALTA-CYMBALTA.1864,forum,cadecv2,ANTIDEPRESSANT,0,forum,test,train,train,calib
cadecv2:CYMBALTA-CYMBALTA.1866,forum,cadecv2,ANTIDEPRESSANT,0,forum,test,train,train,calib
cadecv2:CYMBALTA-CYMBALTA.1868,forum,cadecv2,ANTIDEPRESSANT,0,forum,test,train,train,calib
cadecv2:CYMBALTA-CYMBALTA.1870,forum,cadecv2,ANTIDEPRESSANT,0,forum,test,train,train,calib
cadecv2:CYMBALTA-CYMBALTA.1871,forum,cadecv2,ANTIDEPRESSANT,0,forum,test,train,train,calib
cadecv2:CYMBALTA-CYMBALTA.1872,forum,cadecv2,ANTIDEPRESSANT,0,forum,test,train,train,calib
cadecv2:CYMBALTA-CYMBALTA.1873,forum,cadecv2,ANTIDEPRESSANT,0,forum,test,train,train,calib
cadecv2:CYMBALTA-CYMBALTA.1874,forum,cadecv2,ANTIDEPRESSANT,0,forum,test,train,train,calib
cadecv2:CYMBALTA-CYMBALTA.1875,forum,cadecv2,ANTIDEPRESSANT,0,forum,test,train,train,calib
cadecv2:CYMBALTA-CYMBALTA.1876,forum,cadecv2,ANTIDEPRESSANT,0,forum,test,train,train,calib
cadecv2:CYMBALTA-CYMBALTA.1877,forum,cadecv2,ANTIDEPRESSANT,0,forum,test,train,train,calib
cadecv2:CYMBALTA-CYMBALTA.1878,forum,cadecv2,ANTIDEPRESSANT,0,forum,test,train,train,calib
cadecv2:CYMBALTA-CYMBALTA.1879,forum,cadecv2,ANTIDEPRESSANT,0,forum,test,train,train,calib
cadecv2:CYMBALTA-CYMBALTA.188,forum,cadecv2,ANTIDEPRESSANT,0,forum,test,train,train,calib
cadecv2:CYMBALTA-CYMBALTA.1880,forum,cadecv2,ANTIDEPRESSANT,0,forum,test,train,train,calib
cadecv2:CYMBALTA-CYMBALTA.1881,forum,cadecv2,ANTIDEPRESSANT,0,forum,test,train,train,calib
cadecv2:CYMBALTA-CYMBALTA.1882,forum,cadecv2,ANTIDEPRESSANT,0,forum,test,train,train,calib
cadecv2:CYMBALTA-CYMBALTA.1884,forum,cadecv2,ANTIDEPRESSANT,0,forum,test,train,train,calib
cadecv2:CYMBALTA-CYMBALTA.1885,forum,cadecv2,ANTIDEPRESSANT,0,forum,test,train,train,calib
cadecv2:CYMBALTA-CYMBALTA.1886,forum,cadecv2,ANTIDEPRESSANT,0,forum,test,train,train,calib
cadecv2:CYMBALTA-CYMBALTA.1887,forum,cadecv2,ANTIDEPRESSANT,0,forum,test,train,train,calib
cadecv2:CYMBALTA-CYMBALTA.1888,forum,cadecv2,ANTIDEPRESSANT,0,forum,test,train,train,calib
cadecv2:CYMBALTA-CYMBALTA.1889,forum,cadecv2,ANTIDEPRESSANT,0,forum,test,train,train,calib
cadecv2:CYMBALTA-CYMBALTA.189,forum,cadecv2,ANTIDEPRESSANT,0,forum,test,train,train,calib
cadecv2:CYMBALTA-CYMBALTA.1890,forum,cadecv2,ANTIDEPRESSANT,0,forum,test,train,train,calib
cadecv2:CYMBALTA-CYMBALTA.1891,forum,cadecv2,ANTIDEPRESSANT,0,forum,test,train,train,calib
cadecv2:CYMBALTA-CYMBALTA.1892,forum,cadecv2,ANTIDEPRESSANT,0,forum,test,train,train,calib
cadecv2:CYMBALTA-CYMBALTA.1893,forum,cadecv2,ANTIDEPRESSANT,0,forum,test,train,train,calib
cadecv2:CYMBALTA-CYMBALTA.1894,forum,cadecv2,ANTIDEPRESSANT,0,forum,test,train,train,calib
cadecv2:CYMBALTA-CYMBALTA.1895,forum,cadecv2,ANTIDEPRESSANT,0,forum,test,train,train,calib
cadecv2:CYMBALTA-CYMBALTA.1897,forum,cadecv2,ANTIDEPRESSANT,0,forum,test,train,train,calib
cadecv2:CYMBALTA-CYMBALTA.1898,forum,cadecv2,ANTIDEPRESSANT,0,forum,test,train,train,calib
cadecv2:CYMBALTA-CYMBALTA.1899,forum,cadecv2,ANTIDEPRESSANT,0,forum,test,train,train,calib
cadecv2:CYMBALTA-CYMBALTA.19,forum,cadecv2,ANTIDEPRESSANT,0,forum,test,train,train,calib
cadecv2:CYMBALTA-CYMBALTA.190,forum,cadecv2,ANTIDEPRESSANT,0,forum,test,train,train,calib
cadecv2:CYMBALTA-CYMBALTA.1900,forum,cadecv2,ANTIDEPRESSANT,0,forum,test,train,train,calib
cadecv2:CYMBALTA-CYMBALTA.1902,forum,cadecv2,ANTIDEPRESSANT,0,forum,test,train,train,calib
cadecv2:CYMBALTA-CYMBALTA.1904,forum,cadecv2,ANTIDEPRESSANT,0,forum,test,train,train,calib
cadecv2:CYMBALTA-CYMBALTA.1905,forum,cadecv2,ANTIDEPRESSANT,0,forum,test,train,train,calib
cadecv2:CYMBALTA-CYMBALTA.1906,forum,cadecv2,ANTIDEPRESSANT,0,forum,test,train,train,calib
cadecv2:CYMBALTA-CYMBALTA.1907,forum,cadecv2,ANTIDEPRESSANT,0,forum,test,train,train,calib
cadecv2:CYMBALTA-CYMBALTA.1908,forum,cadecv2,ANTIDEPRESSANT,0,forum,test,train,train,calib
cadecv2:CYMBALTA-CYMBALTA.1909,forum,cadecv2,ANTIDEPRESSANT,0,forum,test,train,train,calib
cadecv2:CYMBALTA-CYMBALTA.191,forum,cadecv2,ANTIDEPRESSANT,0,forum,test,train,train,calib
cadecv2:CYMBALTA-CYMBALTA.1911,forum,cadecv2,ANTIDEPRESSANT,0,forum,test,train,train,calib
cadecv2:CYMBALTA-CYMBALTA.1912,forum,cadecv2,ANTIDEPRESSANT,0,forum,test,train,train,calib
cadecv2:CYMBALTA-CYMBALTA.1913,forum,cadecv2,ANTIDEPRESSANT,0,forum,test,train,train,calib
cadecv2:CYMBALTA-CYMBALTA.1914,forum,cadecv2,ANTIDEPRESSANT,0,forum,test,train,train,calib
cadecv2:CYMBALTA-CYMBALTA.1916,forum,cadecv2,ANTIDEPRESSANT,0,forum,test,train,train,calib
cadecv2:CYMBALTA-CYMBALTA.1918,forum,cadecv2,ANTIDEPRESSANT,0,forum,test,train,train,calib
cadecv2:CYMBALTA-CYMBALTA.1919,forum,cadecv2,ANTIDEPRESSANT,0,forum,test,train,train,calib
cadecv2:CYMBALTA-CYMBALTA.192,forum,cadecv2,ANTIDEPRESSANT,0,forum,test,train,train,calib
cadecv2:CYMBALTA-CYMBALTA.1922,forum,cadecv2,ANTIDEPRESSANT,0,forum,test,train,train,calib
cadecv2:CYMBALTA-CYMBALTA.1924,forum,cadecv2,ANTIDEPRESSANT,0,forum,test,train,train,calib
cadecv2:CYMBALTA-CYMBALTA.1925,forum,cadecv2,ANTIDEPRESSANT,0,forum,test,train,train,calib
cadecv2:CYMBALTA-CYMBALTA.1926,forum,cadecv2,ANTIDEPRESSANT,0,forum,test,train,train,calib
cadecv2:CYMBALTA-CYMBALTA.1927,forum,cadecv2,ANTIDEPRESSANT,0,forum,test,train,train,calib
cadecv2:CYMBALTA-CYMBALTA.1928,forum,cadecv2,ANTIDEPRESSANT,0,forum,test,train,train,calib
cadecv2:CYMBALTA-CYMBALTA.1929,forum,cadecv2,ANTIDEPRESSANT,0,forum,test,train,train,calib
cadecv2:CYMBALTA-CYMBALTA.193,forum,cadecv2,ANTIDEPRESSANT,0,forum,test,train,train,calib
cadecv2:CYMBALTA-CYMBALTA.1930,forum,cadecv2,ANTIDEPRESSANT,0,forum,test,train,train,calib
cadecv2:CYMBALTA-CYMBALTA.1931,forum,cadecv2,ANTIDEPRESSANT,0,forum,test,train,train,calib
cadecv2:CYMBALTA-CYMBALTA.1932,forum,cadecv2,ANTIDEPRESSANT,0,forum,test,train,train,calib
cadecv2:CYMBALTA-CYMBALTA.1934,forum,cadecv2,ANTIDEPRESSANT,0,forum,test,train,train,calib
cadecv2:CYMBALTA-CYMBALTA.1936,forum,cadecv2,ANTIDEPRESSANT,0,forum,test,train,train,calib
cadecv2:CYMBALTA-CYMBALTA.1937,forum,cadecv2,ANTIDEPRESSANT,0,forum,test,train,train,calib
cadecv2:CYMBALTA-CYMBALTA.1938,forum,cadecv2,ANTIDEPRESSANT,0,forum,test,train,train,calib
cadecv2:CYMBALTA-CYMBALTA.194,forum,cadecv2,ANTIDEPRESSANT,0,forum,test,train,train,calib
cadecv2:CYMBALTA-CYMBALTA.1940,forum,cadecv2,ANTIDEPRESSANT,0,forum,test,train,train,calib
cadecv2:CYMBALTA-CYMBALTA.1941,forum,cadecv2,ANTIDEPRESSANT,0,forum,test,train,train,calib
cadecv2:CYMBALTA-CYMBALTA.1942,forum,cadecv2,ANTIDEPRESSANT,0,forum,test,train,train,calib
cadecv2:CYMBALTA-CYMBALTA.1944,forum,cadecv2,ANTIDEPRESSANT,0,forum,test,train,train,calib
cadecv2:CYMBALTA-CYMBALTA.1945,forum,cadecv2,ANTIDEPRESSANT,0,forum,test,train,train,calib
cadecv2:CYMBALTA-CYMBALTA.1946,forum,cadecv2,ANTIDEPRESSANT,0,forum,test,train,train,calib
cadecv2:CYMBALTA-CYMBALTA.1947,forum,cadecv2,ANTIDEPRESSANT,0,forum,test,train,train,calib
cadecv2:CYMBALTA-CYMBALTA.1948,forum,cadecv2,ANTIDEPRESSANT,0,forum,test,train,train,calib
cadecv2:CYMBALTA-CYMBALTA.1949,forum,cadecv2,ANTIDEPRESSANT,0,forum,test,train,train,calib
cadecv2:CYMBALTA-CYMBALTA.195,forum,cadecv2,ANTIDEPRESSANT,0,forum,test,train,train,calib
cadecv2:CYMBALTA-CYMBALTA.1950,forum,cadecv2,ANTIDEPRESSANT,0,forum,test,train,train,calib
cadecv2:CYMBALTA-CYMBALTA.1952,forum,cadecv2,ANTIDEPRESSANT,0,forum,test,train,train,calib
cadecv2:CYMBALTA-CYMBALTA.1954,forum,cadecv2,ANTIDEPRESSANT,0,forum,test,train,train,calib
cadecv2:CYMBALTA-CYMBALTA.1955,forum,cadecv2,ANTIDEPRESSANT,0,forum,test,train,train,calib
cadecv2:CYMBALTA-CYMBALTA.1956,forum,cadecv2,ANTIDEPRESSANT,0,forum,test,train,train,calib
cadecv2:CYMBALTA-CYMBALTA.1957,forum,cadecv2,ANTIDEPRESSANT,0,forum,test,train,train,calib
cadecv2:CYMBALTA-CYMBALTA.1958,forum,cadecv2,ANTIDEPRESSANT,0,forum,test,train,train,calib
cadecv2:CYMBALTA-CYMBALTA.1959,forum,cadecv2,ANTIDEPRESSANT,0,forum,test,train,train,calib
cadecv2:CYMBALTA-CYMBALTA.196,forum,cadecv2,ANTIDEPRESSANT,0,forum,test,train,train,calib
cadecv2:CYMBALTA-CYMBALTA.1960,forum,cadecv2,ANTIDEPRESSANT,0,forum,test,train,train,calib
cadecv2:CYMBALTA-CYMBALTA.1961,forum,cadecv2,ANTIDEPRESSANT,0,forum,test,train,train,calib
cadecv2:CYMBALTA-CYMBALTA.1962,forum,cadecv2,ANTIDEPRESSANT,0,forum,test,train,train,calib
cadecv2:CYMBALTA-CYMBALTA.1964,forum,cadecv2,ANTIDEPRESSANT,0,forum,test,train,train,calib
cadecv2:CYMBALTA-CYMBALTA.1965,forum,cadecv2,ANTIDEPRESSANT,0,forum,test,train,train,calib
cadecv2:CYMBALTA-CYMBALTA.1966,forum,cadecv2,ANTIDEPRESSANT,0,forum,test,train,train,calib
cadecv2:CYMBALTA-CYMBALTA.1968,forum,cadecv2,ANTIDEPRESSANT,0,forum,test,train,train,calib
cadecv2:CYMBALTA-CYMBALTA.1969,forum,cadecv2,ANTIDEPRESSANT,0,forum,test,train,train,calib
cadecv2:CYMBALTA-CYMBALTA.197,forum,cadecv2,ANTIDEPRESSANT,0,forum,test,train,train,calib
cadecv2:CYMBALTA-CYMBALTA.1970,forum,cadecv2,ANTIDEPRESSANT,0,forum,test,train,train,calib
cadecv2:CYMBALTA-CYMBALTA.1971,forum,cadecv2,ANTIDEPRESSANT,0,forum,test,train,train,calib
cadecv2:CYMBALTA-CYMBALTA.1972,forum,cadecv2,ANTIDEPRESSANT,0,forum,test,train,train,calib
cadecv2:CYMBALTA-CYMBALTA.1973,forum,cadecv2,ANTIDEPRESSANT,0,forum,test,train,train,calib
cadecv2:CYMBALTA-CYMBALTA.1974,forum,cadecv2,ANTIDEPRESSANT,0,forum,test,train,train,calib
cadecv2:CYMBALTA-CYMBALTA.1975,forum,cadecv2,ANTIDEPRESSANT,0,forum,test,train,train,calib
cadecv2:CYMBALTA-CYMBALTA.1976,forum,cadecv2,ANTIDEPRESSANT,0,forum,test,train,train,calib
cadecv2:CYMBALTA-CYMBALTA.1977,forum,cadecv2,ANTIDEPRESSANT,0,forum,test,train,train,calib
cadecv2:CYMBALTA-CYMBALTA.1980,forum,cadecv2,ANTIDEPRESSANT,0,forum,test,train,train,calib
cadecv2:CYMBALTA-CYMBALTA.1982,forum,cadecv2,ANTIDEPRESSANT,0,forum,test,train,train,calib
cadecv2:CYMBALTA-CYMBALTA.1983,forum,cadecv2,ANTIDEPRESSANT,0,forum,test,train,train,calib
cadecv2:CYMBALTA-CYMBALTA.1984,forum,cadecv2,ANTIDEPRESSANT,0,forum,test,train,train,calib
cadecv2:CYMBALTA-CYMBALTA.1985,forum,cadecv2,ANTIDEPRESSANT,0,forum,test,train,train,calib
cadecv2:CYMBALTA-CYMBALTA.1986,forum,cadecv2,ANTIDEPRESSANT,0,forum,test,train,train,calib
cadecv2:CYMBALTA-CYMBALTA.1988,forum,cadecv2,ANTIDEPRESSANT,0,forum,test,train,train,calib
cadecv2:CYMBALTA-CYMBALTA.1989,forum,cadecv2,ANTIDEPRESSANT,0,forum,test,train,train,calib
cadecv2:CYMBALTA-CYMBALTA.1990,forum,cadecv2,ANTIDEPRESSANT,0,forum,test,train,train,calib
cadecv2:CYMBALTA-CYMBALTA.1992,forum,cadecv2,ANTIDEPRESSANT,0,forum,test,train,train,calib
cadecv2:CYMBALTA-CYMBALTA.1993,forum,cadecv2,ANTIDEPRESSANT,0,forum,test,train,train,calib
cadecv2:CYMBALTA-CYMBALTA.1994,forum,cadecv2,ANTIDEPRESSANT,0,forum,test,train,train,calib
cadecv2:CYMBALTA-CYMBALTA.2,forum,cadecv2,ANTIDEPRESSANT,0,forum,test,train,train,calib
cadecv2:CYMBALTA-CYMBALTA.20,forum,cadecv2,ANTIDEPRESSANT,0,forum,test,train,train,calib
cadecv2:CYMBALTA-CYMBALTA.200,forum,cadecv2,ANTIDEPRESSANT,0,forum,test,train,train,calib
cadecv2:CYMBALTA-CYMBALTA.2000,forum,cadecv2,ANTIDEPRESSANT,0,forum,test,train,train,calib
cadecv2:CYMBALTA-CYMBALTA.2001,forum,cadecv2,ANTIDEPRESSANT,0,forum,test,train,train,calib
cadecv2:CYMBALTA-CYMBALTA.2003,forum,cadecv2,ANTIDEPRESSANT,0,forum,test,train,train,calib
cadecv2:CYMBALTA-CYMBALTA.2004,forum,cadecv2,ANTIDEPRESSANT,0,forum,test,train,train,calib
cadecv2:CYMBALTA-CYMBALTA.2005,forum,cadecv2,ANTIDEPRESSANT,0,forum,test,train,train,calib
cadecv2:CYMBALTA-CYMBALTA.2006,forum,cadecv2,ANTIDEPRESSANT,0,forum,test,train,train,calib
cadecv2:CYMBALTA-CYMBALTA.2007,forum,cadecv2,ANTIDEPRESSANT,0,forum,test,train,train,calib
cadecv2:CYMBALTA-CYMBALTA.2008,forum,cadecv2,ANTIDEPRESSANT,0,forum,test,train,train,calib
cadecv2:CYMBALTA-CYMBALTA.201,forum,cadecv2,ANTIDEPRESSANT,0,forum,test,train,train,calib
cadecv2:CYMBALTA-CYMBALTA.2011,forum,cadecv2,ANTIDEPRESSANT,0,forum,test,train,train,calib
cadecv2:CYMBALTA-CYMBALTA.2012,forum,cadecv2,ANTIDEPRESSANT,0,forum,test,train,train,calib
cadecv2:CYMBALTA-CYMBALTA.2013,forum,cadecv2,ANTIDEPRESSANT,0,forum,test,train,train,calib
cadecv2:CYMBALTA-CYMBALTA.2014,forum,cadecv2,ANTIDEPRESSANT,0,forum,test,train,train,calib
cadecv2:CYMBALTA-CYMBALTA.2016,forum,cadecv2,ANTIDEPRESSANT,0,forum,test,train,train,calib
cadecv2:CYMBALTA-CYMBALTA.2017,forum,cadecv2,ANTIDEPRESSANT,0,forum,test,train,train,calib
cadecv2:CYMBALTA-CYMBALTA.2018,forum,cadecv2,ANTIDEPRESSANT,0,forum,test,train,train,calib
cadecv2:CYMBALTA-CYMBALTA.2020,forum,cadecv2,ANTIDEPRESSANT,0,forum,test,train,train,calib
cadecv2:CYMBALTA-CYMBALTA.2022,forum,cadecv2,ANTIDEPRESSANT,0,forum,test,train,train,calib
cadecv2:CYMBALTA-CYMBALTA.2024,forum,cadecv2,ANTIDEPRESSANT,0,forum,test,train,train,calib
cadecv2:CYMBALTA-CYMBALTA.2025,forum,cadecv2,ANTIDEPRESSANT,0,forum,test,train,train,calib
cadecv2:CYMBALTA-CYMBALTA.2028,forum,cadecv2,ANTIDEPRESSANT,0,forum,test,train,train,calib
cadecv2:CYMBALTA-CYMBALTA.203,forum,cadecv2,ANTIDEPRESSANT,0,forum,test,train,train,calib
cadecv2:CYMBALTA-CYMBALTA.2030,forum,cadecv2,ANTIDEPRESSANT,0,forum,test,train,train,calib
cadecv2:CYMBALTA-CYMBALTA.2031,forum,cadecv2,ANTIDEPRESSANT,0,forum,test,train,train,calib
cadecv2:CYMBALTA-CYMBALTA.2032,forum,cadecv2,ANTIDEPRESSANT,0,forum,test,train,train,calib
cadecv2:CYMBALTA-CYMBALTA.2034,forum,cadecv2,ANTIDEPRESSANT,0,forum,test,train,train,calib
cadecv2:CYMBALTA-CYMBALTA.2035,forum,cadecv2,ANTIDEPRESSANT,0,forum,test,train,train,calib
cadecv2:CYMBALTA-CYMBALTA.2036,forum,cadecv2,ANTIDEPRESSANT,0,forum,test,train,train,calib
cadecv2:CYMBALTA-CYMBALTA.2037,forum,cadecv2,ANTIDEPRESSANT,0,forum,test,train,train,calib
cadecv2:CYMBALTA-CYMBALTA.2038,forum,cadecv2,ANTIDEPRESSANT,0,forum,test,train,train,calib
cadecv2:CYMBALTA-CYMBALTA.2039,forum,cadecv2,ANTIDEPRESSANT,0,forum,test,train,train,calib
cadecv2:CYMBALTA-CYMBALTA.204,forum,cadecv2,ANTIDEPRESSANT,0,forum,test,train,train,calib
cadecv2:CYMBALTA-CYMBALTA.2040,forum,cadecv2,ANTIDEPRESSANT,0,forum,test,train,train,calib
cadecv2:CYMBALTA-CYMBALTA.2041,forum,cadecv2,ANTIDEPRESSANT,0,forum,test,train,train,calib
cadecv2:CYMBALTA-CYMBALTA.2042,forum,cadecv2,ANTIDEPRESSANT,0,forum,test,train,train,calib
cadecv2:CYMBALTA-CYMBALTA.2043,forum,cadecv2,ANTIDEPRESSANT,0,forum,test,train,train,calib
cadecv2:CYMBALTA-CYMBALTA.2044,forum,cadecv2,ANTIDEPRESSANT,0,forum,test,train,train,calib
cadecv2:CYMBALTA-CYMBALTA.2045,forum,cadecv2,ANTIDEPRESSANT,0,forum,test,train,train,calib
cadecv2:CYMBALTA-CYMBALTA.2046,forum,cadecv2,ANTIDEPRESSANT,0,forum,test,train,train,calib
cadecv2:CYMBALTA-CYMBALTA.2047,forum,cadecv2,ANTIDEPRESSANT,0,forum,test,train,train,calib
cadecv2:CYMBALTA-CYMBALTA.2048,forum,cadecv2,ANTIDEPRESSANT,0,forum,test,train,train,calib
cadecv2:CYMBALTA-CYMBALTA.2049,forum,cadecv2,ANTIDEPRESSANT,0,forum,test,train,train,calib
cadecv2:CYMBALTA-CYMBALTA.205,forum,cadecv2,ANTIDEPRESSANT,0,forum,test,train,train,calib
cadecv2:CYMBALTA-CYMBALTA.2050,forum,cadecv2,ANTIDEPRESSANT,0,forum,test,train,train,calib
cadecv2:CYMBALTA-CYMBALTA.2051,forum,cadecv2,ANTIDEPRESSANT,0,forum,test,train,train,calib
cadecv2:CYMBALTA-CYMBALTA.2052,forum,cadecv2,ANTIDEPRESSANT,0,forum,test,train,train,calib
cadecv2:CYMBALTA-CYMBALTA.2054,forum,cadecv2,ANTIDEPRESSANT,0,forum,test,train,train,calib
cadecv2:CYMBALTA-CYMBALTA.2055,forum,cadecv2,ANTIDEPRESSANT,0,forum,test,train,train,calib
cadecv2:CYMBALTA-CYMBALTA.2056,forum,cadecv2,ANTIDEPRESSANT,0,forum,test,train,train,calib
cadecv2:CYMBALTA-CYMBALTA.2058,forum,cadecv2,ANTIDEPRESSANT,0,forum,test,train,train,calib
cadecv2:CYMBALTA-CYMBALTA.2059,forum,cadecv2,ANTIDEPRESSANT,0,forum,test,train,train,calib
cadecv2:CYMBALTA-CYMBALTA.206,forum,cadecv2,ANTIDEPRESSANT,0,forum,test,train,train,calib
cadecv2:CYMBALTA-CYMBALTA.2060,forum,cadecv2,ANTIDEPRESSANT,0,forum,test,train,train,calib
cadecv2:CYMBALTA-CYMBALTA.2061,forum,cadecv2,ANTIDEPRESSANT,0,forum,test,train,train,calib
cadecv2:CYMBALTA-CYMBALTA.2062,forum,cadecv2,ANTIDEPRESSANT,0,forum,test,train,train,calib
cadecv2:CYMBALTA-CYMBALTA.2063,forum,cadecv2,ANTIDEPRESSANT,0,forum,test,train,train,calib
cadecv2:CYMBALTA-CYMBALTA.2064,forum,cadecv2,ANTIDEPRESSANT,0,forum,test,train,train,calib
cadecv2:CYMBALTA-CYMBALTA.2065,forum,cadecv2,ANTIDEPRESSANT,0,forum,test,train,train,calib
cadecv2:CYMBALTA-CYMBALTA.2066,forum,cadecv2,ANTIDEPRESSANT,0,forum,test,train,train,calib
cadecv2:CYMBALTA-CYMBALTA.2067,forum,cadecv2,ANTIDEPRESSANT,0,forum,test,train,train,calib
cadecv2:CYMBALTA-CYMBALTA.2068,forum,cadecv2,ANTIDEPRESSANT,0,forum,test,train,train,calib
cadecv2:CYMBALTA-CYMBALTA.2069,forum,cadecv2,ANTIDEPRESSANT,0,forum,test,train,train,calib
cadecv2:CYMBALTA-CYMBALTA.207,forum,cadecv2,ANTIDEPRESSANT,0,forum,test,train,train,calib
cadecv2:CYMBALTA-CYMBALTA.2070,forum,cadecv2,ANTIDEPRESSANT,0,forum,test,train,train,calib
cadecv2:CYMBALTA-CYMBALTA.2071,forum,cadecv2,ANTIDEPRESSANT,0,forum,test,train,train,calib
cadecv2:CYMBALTA-CYMBALTA.2072,forum,cadecv2,ANTIDEPRESSANT,0,forum,test,train,train,calib
cadecv2:CYMBALTA-CYMBALTA.2073,forum,cadecv2,ANTIDEPRESSANT,0,forum,test,train,train,calib
cadecv2:CYMBALTA-CYMBALTA.2075,forum,cadecv2,ANTIDEPRESSANT,0,forum,test,train,train,calib
cadecv2:CYMBALTA-CYMBALTA.2076,forum,cadecv2,ANTIDEPRESSANT,0,forum,test,train,train,calib
cadecv2:CYMBALTA-CYMBALTA.2077,forum,cadecv2,ANTIDEPRESSANT,0,forum,test,train,train,calib
cadecv2:CYMBALTA-CYMBALTA.2078,forum,cadecv2,ANTIDEPRESSANT,0,forum,test,train,train,calib
cadecv2:CYMBALTA-CYMBALTA.2079,forum,cadecv2,ANTIDEPRESSANT,0,forum,test,train,train,calib
cadecv2:CYMBALTA-CYMBALTA.208,forum,cadecv2,ANTIDEPRESSANT,0,forum,test,train,train,calib
cadecv2:CYMBALTA-CYMBALTA.2081,forum,cadecv2,ANTIDEPRESSANT,0,forum,test,train,train,calib
cadecv2:CYMBALTA-CYMBALTA.2082,forum,cadecv2,ANTIDEPRESSANT,0,forum,test,train,train,calib
cadecv2:CYMBALTA-CYMBALTA.2083,forum,cadecv2,ANTIDEPRESSANT,0,forum,test,train,train,calib
cadecv2:CYMBALTA-CYMBALTA.2085,forum,cadecv2,ANTIDEPRESSANT,0,forum,test,train,train,calib
cadecv2:CYMBALTA-CYMBALTA.2086,forum,cadecv2,ANTIDEPRESSANT,0,forum,test,train,train,calib
cadecv2:CYMBALTA-CYMBALTA.2089,forum,cadecv2,ANTIDEPRESSANT,0,forum,test,train,train,calib
cadecv2:CYMBALTA-CYMBALTA.209,forum,cadecv2,ANTIDEPRESSANT,0,forum,test,train,train,calib
cadecv2:CYMBALTA-CYMBALTA.2090,forum,cadecv2,ANTIDEPRESSANT,0,forum,test,train,train,calib
cadecv2:CYMBALTA-CYMBALTA.2091,forum,cadecv2,ANTIDEPRESSANT,0,forum,test,train,train,calib
cadecv2:CYMBALTA-CYMBALTA.2093,forum,cadecv2,ANTIDEPRESSANT,0,forum,test,train,train,calib
cadecv2:CYMBALTA-CYMBALTA.2094,forum,cadecv2,ANTIDEPRESSANT,0,forum,test,train,train,calib
cadecv2:CYMBALTA-CYMBALTA.2095,forum,cadecv2,ANTIDEPRESSANT,0,forum,test,train,train,calib
cadecv2:CYMBALTA-CYMBALTA.2097,forum,cadecv2,ANTIDEPRESSANT,0,forum,test,train,train,calib
cadecv2:CYMBALTA-CYMBALTA.2098,forum,cadecv2,ANTIDEPRESSANT,0,forum,test,train,train,calib
cadecv2:CYMBALTA-CYMBALTA.21,forum,cadecv2,ANTIDEPRESSANT,0,forum,test,train,train,calib
cadecv2:CYMBALTA-CYMBALTA.210,forum,cadecv2,ANTIDEPRESSANT,0,forum,test,train,train,calib
cadecv2:CYMBALTA-CYMBALTA.2102,forum,cadecv2,ANTIDEPRESSANT,0,forum,test,train,train,calib
cadecv2:CYMBALTA-CYMBALTA.2103,forum,cadecv2,ANTIDEPRESSANT,0,forum,test,train,train,calib
cadecv2:CYMBALTA-CYMBALTA.2105,forum,cadecv2,ANTIDEPRESSANT,0,forum,test,train,train,calib
cadecv2:CYMBALTA-CYMBALTA.2106,forum,cadecv2,ANTIDEPRESSANT,0,forum,test,train,train,calib
cadecv2:CYMBALTA-CYMBALTA.2107,forum,cadecv2,ANTIDEPRESSANT,0,forum,test,train,train,calib
cadecv2:CYMBALTA-CYMBALTA.2109,forum,cadecv2,ANTIDEPRESSANT,0,forum,test,train,train,calib
cadecv2:CYMBALTA-CYMBALTA.211,forum,cadecv2,ANTIDEPRESSANT,0,forum,test,train,train,calib
cadecv2:CYMBALTA-CYMBALTA.2112,forum,cadecv2,ANTIDEPRESSANT,0,forum,test,train,train,calib
cadecv2:CYMBALTA-CYMBALTA.2113,forum,cadecv2,ANTIDEPRESSANT,0,forum,test,train,train,calib
cadecv2:CYMBALTA-CYMBALTA.2114,forum,cadecv2,ANTIDEPRESSANT,0,forum,test,train,train,calib
cadecv2:CYMBALTA-CYMBALTA.2115,forum,cadecv2,ANTIDEPRESSANT,0,forum,test,train,train,calib
cadecv2:CYMBALTA-CYMBALTA.2116,forum,cadecv2,ANTIDEPRESSANT,0,forum,test,train,train,calib
cadecv2:CYMBALTA-CYMBALTA.2117,forum,cadecv2,ANTIDEPRESSANT,0,forum,test,train,train,calib
cadecv2:CYMBALTA-CYMBALTA.2118,forum,cadecv2,ANTIDEPRESSANT,0,forum,test,train,train,calib
cadecv2:CYMBALTA-CYMBALTA.2119,forum,cadecv2,ANTIDEPRESSANT,0,forum,test,train,train,calib
cadecv2:CYMBALTA-CYMBALTA.212,forum,cadecv2,ANTIDEPRESSANT,0,forum,test,train,train,calib
cadecv2:CYMBALTA-CYMBALTA.2120,forum,cadecv2,ANTIDEPRESSANT,0,forum,test,train,train,calib
cadecv2:CYMBALTA-CYMBALTA.2123,forum,cadecv2,ANTIDEPRESSANT,0,forum,test,train,train,calib
cadecv2:CYMBALTA-CYMBALTA.2124,forum,cadecv2,ANTIDEPRESSANT,0,forum,test,train,train,calib
cadecv2:CYMBALTA-CYMBALTA.2125,forum,cadecv2,ANTIDEPRESSANT,0,forum,test,train,train,calib
cadecv2:CYMBALTA-CYMBALTA.2126,forum,cadecv2,ANTIDEPRESSANT,0,forum,test,train,train,calib
cadecv2:CYMBALTA-CYMBALTA.2127,forum,cadecv2,ANTIDEPRESSANT,0,forum,test,train,train,calib
cadecv2:CYMBALTA-CYMBALTA.2128,forum,cadecv2,ANTIDEPRESSANT,0,forum,test,train,train,calib
cadecv2:CYMBALTA-CYMBALTA.2130,forum,cadecv2,ANTIDEPRESSANT,0,forum,test,train,train,calib
cadecv2:CYMBALTA-CYMBALTA.2131,forum,cadecv2,ANTIDEPRESSANT,0,forum,test,train,train,calib
cadecv2:CYMBALTA-CYMBALTA.2132,forum,cadecv2,ANTIDEPRESSANT,0,forum,test,train,train,calib
cadecv2:CYMBALTA-CYMBALTA.2133,forum,cadecv2,ANTIDEPRESSANT,0,forum,test,train,train,calib
cadecv2:CYMBALTA-CYMBALTA.2134,forum,cadecv2,ANTIDEPRESSANT,0,forum,test,train,train,calib
cadecv2:CYMBALTA-CYMBALTA.2135,forum,cadecv2,ANTIDEPRESSANT,0,forum,test,train,train,calib
cadecv2:CYMBALTA-CYMBALTA.2136,forum,cadecv2,ANTIDEPRESSANT,0,forum,test,train,train,calib
cadecv2:CYMBALTA-CYMBALTA.2137,forum,cadecv2,ANTIDEPRESSANT,0,forum,test,train,train,calib
cadecv2:CYMBALTA-CYMBALTA.2138,forum,cadecv2,ANTIDEPRESSANT,0,forum,test,train,train,calib
cadecv2:CYMBALTA-CYMBALTA.2139,forum,cadecv2,ANTIDEPRESSANT,0,forum,test,train,train,calib
cadecv2:CYMBALTA-CYMBALTA.214,forum,cadecv2,ANTIDEPRESSANT,0,forum,test,train,train,calib
cadecv2:CYMBALTA-CYMBALTA.2140,forum,cadecv2,ANTIDEPRESSANT,0,forum,test,train,train,calib
cadecv2:CYMBALTA-CYMBALTA.2142,forum,cadecv2,ANTIDEPRESSANT,0,forum,test,train,train,calib
cadecv2:CYMBALTA-CYMBALTA.2144,forum,cadecv2,ANTIDEPRESSANT,0,forum,test,train,train,calib
cadecv2:CYMBALTA-CYMBALTA.2145,forum,cadecv2,ANTIDEPRESSANT,0,forum,test,train,train,calib
cadecv2:CYMBALTA-CYMBALTA.2146,forum,cadecv2,ANTIDEPRESSANT,0,forum,test,train,train,calib
cadecv2:CYMBALTA-CYMBALTA.2147,forum,cadecv2,ANTIDEPRESSANT,0,forum,test,train,train,calib
cadecv2:CYMBALTA-CYMBALTA.2148,forum,cadecv2,ANTIDEPRESSANT,0,forum,test,train,train,calib
cadecv2:CYMBALTA-CYMBALTA.2149,forum,cadecv2,ANTIDEPRESSANT,0,forum,test,train,train,calib
cadecv2:CYMBALTA-CYMBALTA.2150,forum,cadecv2,ANTIDEPRESSANT,0,forum,test,train,train,calib
cadecv2:CYMBALTA-CYMBALTA.2151,forum,cadecv2,ANTIDEPRESSANT,0,forum,test,train,train,calib
cadecv2:CYMBALTA-CYMBALTA.2152,forum,cadecv2,ANTIDEPRESSANT,0,forum,test,train,train,calib
cadecv2:CYMBALTA-CYMBALTA.2154,forum,cadecv2,ANTIDEPRESSANT,0,forum,test,train,train,calib
cadecv2:CYMBALTA-CYMBALTA.2155,forum,cadecv2,ANTIDEPRESSANT,0,forum,test,train,train,calib
cadecv2:CYMBALTA-CYMBALTA.2156,forum,cadecv2,ANTIDEPRESSANT,0,forum,test,train,train,calib
cadecv2:CYMBALTA-CYMBALTA.2157,forum,cadecv2,ANTIDEPRESSANT,0,forum,test,train,train,calib
cadecv2:CYMBALTA-CYMBALTA.2158,forum,cadecv2,ANTIDEPRESSANT,0,forum,test,train,train,calib
cadecv2:CYMBALTA-CYMBALTA.2159,forum,cadecv2,ANTIDEPRESSANT,0,forum,test,train,train,calib
cadecv2:CYMBALTA-CYMBALTA.216,forum,cadecv2,ANTIDEPRESSANT,0,forum,test,train,train,calib
cadecv2:CYMBALTA-CYMBALTA.2161,forum,cadecv2,ANTIDEPRESSANT,0,forum,test,train,train,calib
cadecv2:CYMBALTA-CYMBALTA.2162,forum,cadecv2,ANTIDEPRESSANT,0,forum,test,train,train,calib
cadecv2:CYMBALTA-CYMBALTA.2163,forum,cadecv2,ANTIDEPRESSANT,0,forum,test,train,train,calib
cadecv2:CYMBALTA-CYMBALTA.2164,forum,cadecv2,ANTIDEPRESSANT,0,forum,test,train,train,calib
cadecv2:CYMBALTA-CYMBALTA.2165,forum,cadecv2,ANTIDEPRESSANT,0,forum,test,train,train,calib
cadecv2:CYMBALTA-CYMBALTA.2166,forum,cadecv2,ANTIDEPRESSANT,0,forum,test,train,train,calib
cadecv2:CYMBALTA-CYMBALTA.2167,forum,cadecv2,ANTIDEPRESSANT,0,forum,test,train,train,calib
cadecv2:CYMBALTA-CYMBALTA.2168,forum,cadecv2,ANTIDEPRESSANT,0,forum,test,train,train,calib
cadecv2:CYMBALTA-CYMBALTA.2169,forum,cadecv2,ANTIDEPRESSANT,0,forum,test,train,train,calib
cadecv2:CYMBALTA-CYMBALTA.217,forum,cadecv2,ANTIDEPRESSANT,0,forum,test,train,train,calib
cadecv2:CYMBALTA-CYMBALTA.2170,forum,cadecv2,ANTIDEPRESSANT,0,forum,test,train,train,calib
cadecv2:CYMBALTA-CYMBALTA.2171,forum,cadecv2,ANTIDEPRESSANT,0,forum,test,train,train,calib
cadecv2:CYMBALTA-CYMBALTA.2172,forum,cadecv2,ANTIDEPRESSANT,0,forum,test,train,train,calib
cadecv2:CYMBALTA-CYMBALTA.2174,forum,cadecv2,ANTIDEPRESSANT,0,forum,test,train,train,calib
cadecv2:CYMBALTA-CYMBALTA.2175,forum,cadecv2,ANTIDEPRESSANT,0,forum,test,train,train,calib
cadecv2:CYMBALTA-CYMBALTA.2176,forum,cadecv2,ANTIDEPRESSANT,0,forum,test,train,train,calib
cadecv2:CYMBALTA-CYMBALTA.2177,forum,cadecv2,ANTIDEPRESSANT,0,forum,test,train,train,calib
cadecv2:CYMBALTA-CYMBALTA.2178,forum,cadecv2,ANTIDEPRESSANT,0,forum,test,train,train,calib
cadecv2:CYMBALTA-CYMBALTA.2180,forum,cadecv2,ANTIDEPRESSANT,0,forum,test,train,train,calib
cadecv2:CYMBALTA-CYMBALTA.2181,forum,cadecv2,ANTIDEPRESSANT,0,forum,test,train,train,calib
cadecv2:CYMBALTA-CYMBALTA.2183,forum,cadecv2,ANTIDEPRESSANT,0,forum,test,train,train,calib
cadecv2:CYMBALTA-CYMBALTA.2184,forum,cadecv2,ANTIDEPRESSANT,0,forum,test,train,train,calib
cadecv2:CYMBALTA-CYMBALTA.2185,forum,cadecv2,ANTIDEPRESSANT,0,forum,test,train,train,calib
cadecv2:CYMBALTA-CYMBALTA.2186,forum,cadecv2,ANTIDEPRESSANT,0,forum,test,train,train,calib
cadecv2:CYMBALTA-CYMBALTA.2187,forum,cadecv2,ANTIDEPRESSANT,0,forum,test,train,train,calib
cadecv2:CYMBALTA-CYMBALTA.2189,forum,cadecv2,ANTIDEPRESSANT,0,forum,test,train,train,calib
cadecv2:CYMBALTA-CYMBALTA.219,forum,cadecv2,ANTIDEPRESSANT,0,forum,test,train,train,calib
cadecv2:CYMBALTA-CYMBALTA.2191,forum,cadecv2,ANTIDEPRESSANT,0,forum,test,train,train,calib
cadecv2:CYMBALTA-CYMBALTA.2192,forum,cadecv2,ANTIDEPRESSANT,0,forum,test,train,train,calib
cadecv2:CYMBALTA-CYMBALTA.2194,forum,cadecv2,ANTIDEPRESSANT,0,forum,test,train,train,calib
cadecv2:CYMBALTA-CYMBALTA.2195,forum,cadecv2,ANTIDEPRESSANT,0,forum,test,train,train,calib
cadecv2:CYMBALTA-CYMBALTA.2196,forum,cadecv2,ANTIDEPRESSANT,0,forum,test,train,train,calib
cadecv2:CYMBALTA-CYMBALTA.2197,forum,cadecv2,ANTIDEPRESSANT,0,forum,test,train,train,calib
cadecv2:CYMBALTA-CYMBALTA.2198,forum,cadecv2,ANTIDEPRESSANT,0,forum,test,train,train,calib
cadecv2:CYMBALTA-CYMBALTA.2199,forum,cadecv2,ANTIDEPRESSANT,0,forum,test,train,train,calib
cadecv2:CYMBALTA-CYMBALTA.220,forum,cadecv2,ANTIDEPRESSANT,0,forum,test,train,train,calib
cadecv2:CYMBALTA-CYMBALTA.2200,forum,cadecv2,ANTIDEPRESSANT,0,forum,test,train,train,calib
cadecv2:CYMBALTA-CYMBALTA.2201,forum,cadecv2,ANTIDEPRESSANT,0,forum,test,train,train,calib
cadecv2:CYMBALTA-CYMBALTA.2203,forum,cadecv2,ANTIDEPRESSANT,0,forum,test,train,train,calib
cadecv2:CYMBALTA-CYMBALTA.2204,forum,cadecv2,ANTIDEPRESSANT,0,forum,test,train,train,calib
cadecv2:CYMBALTA-CYMBALTA.2205,forum,cadecv2,ANTIDEPRESSANT,0,forum,test,train,train,calib
cadecv2:CYMBALTA-CYMBALTA.2207,forum,cadecv2,ANTIDEPRESSANT,0,forum,test,train,train,calib
cadecv2:CYMBALTA-CYMBALTA.2208,forum,cadecv2,ANTIDEPRESSANT,0,forum,test,train,train,calib
cadecv2:CYMBALTA-CYMBALTA.2209,forum,cadecv2,ANTIDEPRESSANT,0,forum,test,train,train,calib
cadecv2:CYMBALTA-CYMBALTA.221,forum,cadecv2,ANTIDEPRESSANT,0,forum,test,train,train,calib
cadecv2:CYMBALTA-CYMBALTA.2210,forum,cadecv2,ANTIDEPRESSANT,0,forum,test,train,train,calib
cadecv2:CYMBALTA-CYMBALTA.2211,forum,cadecv2,ANTIDEPRESSANT,0,forum,test,train,train,calib
cadecv2:CYMBALTA-CYMBALTA.2212,forum,cadecv2,ANTIDEPRESSANT,0,forum,test,train,train,calib
cadecv2:CYMBALTA-CYMBALTA.2213,forum,cadecv2,ANTIDEPRESSANT,0,forum,test,train,train,calib
cadecv2:CYMBALTA-CYMBALTA.2214,forum,cadecv2,ANTIDEPRESSANT,0,forum,test,train,train,calib
cadecv2:CYMBALTA-CYMBALTA.2215,forum,cadecv2,ANTIDEPRESSANT,0,forum,test,train,train,calib
cadecv2:CYMBALTA-CYMBALTA.2216,forum,cadecv2,ANTIDEPRESSANT,0,forum,test,train,train,calib
cadecv2:CYMBALTA-CYMBALTA.2217,forum,cadecv2,ANTIDEPRESSANT,0,forum,test,train,train,calib
cadecv2:CYMBALTA-CYMBALTA.2218,forum,cadecv2,ANTIDEPRESSANT,0,forum,test,train,train,calib
cadecv2:CYMBALTA-CYMBALTA.2219,forum,cadecv2,ANTIDEPRESSANT,0,forum,test,train,train,calib
cadecv2:CYMBALTA-CYMBALTA.222,forum,cadecv2,ANTIDEPRESSANT,0,forum,test,train,train,calib
cadecv2:CYMBALTA-CYMBALTA.2221,forum,cadecv2,ANTIDEPRESSANT,0,forum,test,train,train,calib
cadecv2:CYMBALTA-CYMBALTA.2222,forum,cadecv2,ANTIDEPRESSANT,0,forum,test,train,train,calib
cadecv2:CYMBALTA-CYMBALTA.2224,forum,cadecv2,ANTIDEPRESSANT,0,forum,test,train,train,calib
cadecv2:CYMBALTA-CYMBALTA.2225,forum,cadecv2,ANTIDEPRESSANT,0,forum,test,train,train,calib
cadecv2:CYMBALTA-CYMBALTA.2226,forum,cadecv2,ANTIDEPRESSANT,0,forum,test,train,train,calib
cadecv2:CYMBALTA-CYMBALTA.2228,forum,cadecv2,ANTIDEPRESSANT,0,forum,test,train,train,calib
cadecv2:CYMBALTA-CYMBALTA.2229,forum,cadecv2,ANTIDEPRESSANT,0,forum,test,train,train,calib
cadecv2:CYMBALTA-CYMBALTA.223,forum,cadecv2,ANTIDEPRESSANT,0,forum,test,train,train,calib
cadecv2:CYMBALTA-CYMBALTA.2230,forum,cadecv2,ANTIDEPRESSANT,0,forum,test,train,train,calib
cadecv2:CYMBALTA-CYMBALTA.2231,forum,cadecv2,ANTIDEPRESSANT,0,forum,test,train,train,calib
cadecv2:CYMBALTA-CYMBALTA.2232,forum,cadecv2,ANTIDEPRESSANT,0,forum,test,train,train,calib
cadecv2:CYMBALTA-CYMBALTA.2233,forum,cadecv2,ANTIDEPRESSANT,0,forum,test,train,train,calib
cadecv2:CYMBALTA-CYMBALTA.2234,forum,cadecv2,ANTIDEPRESSANT,0,forum,test,train,train,calib
cadecv2:CYMBALTA-CYMBALTA.2235,forum,cadecv2,ANTIDEPRESSANT,0,forum,test,train,train,calib
cadecv2:CYMBALTA-CYMBALTA.2236,forum,cadecv2,ANTIDEPRESSANT,0,forum,test,train,train,calib
cadecv2:CYMBALTA-CYMBALTA.2237,forum,cadecv2,ANTIDEPRESSANT,0,forum,test,train,train,calib
cadecv2:CYMBALTA-CYMBALTA.2238,forum,cadecv2,ANTIDEPRESSANT,0,forum,test,train,train,calib
cadecv2:CYMBALTA-CYMBALTA.2239,forum,cadecv2,ANTIDEPRESSANT,0,forum,test,train,train,calib
cadecv2:CYMBALTA-CYMBALTA.224,forum,cadecv2,ANTIDEPRESSANT,0,forum,test,train,train,calib
cadecv2:CYMBALTA-CYMBALTA.2240,forum,cadecv2,ANTIDEPRESSANT,0,forum,test,train,train,calib
cadecv2:CYMBALTA-CYMBALTA.2241,forum,cadecv2,ANTIDEPRESSANT,0,forum,test,train,train,calib
cadecv2:CYMBALTA-CYMBALTA.2242,forum,cadecv2,ANTIDEPRESSANT,0,forum,test,train,train,calib
cadecv2:CYMBALTA-CYMBALTA.2243,forum,cadecv2,ANTIDEPRESSANT,0,forum,test,train,train,calib
cadecv2:CYMBALTA-CYMBALTA.2244,forum,cadecv2,ANTIDEPRESSANT,0,forum,test,train,train,calib
cadecv2:CYMBALTA-CYMBALTA.2245,forum,cadecv2,ANTIDEPRESSANT,0,forum,test,train,train,calib
cadecv2:CYMBALTA-CYMBALTA.2247,forum,cadecv2,ANTIDEPRESSANT,0,forum,test,train,train,calib
cadecv2:CYMBALTA-CYMBALTA.2248,forum,cadecv2,ANTIDEPRESSANT,0,forum,test,train,train,calib
cadecv2:CYMBALTA-CYMBALTA.2249,forum,cadecv2,ANTIDEPRESSANT,0,forum,test,train,train,calib
cadecv2:CYMBALTA-CYMBALTA.2250,forum,cadecv2,ANTIDEPRESSANT,0,forum,test,train,train,calib
cadecv2:CYMBALTA-CYMBALTA.2252,forum,cadecv2,ANTIDEPRESSANT,0,forum,test,train,train,calib
cadecv2:CYMBALTA-CYMBALTA.2254,forum,cadecv2,ANTIDEPRESSANT,0,forum,test,train,train,calib
cadecv2:CYMBALTA-CYMBALTA.2255,forum,cadecv2,ANTIDEPRESSANT,0,forum,test,train,train,calib
cadecv2:CYMBALTA-CYMBALTA.2256,forum,cadecv2,ANTIDEPRESSANT,0,forum,test,train,train,calib
cadecv2:CYMBALTA-CYMBALTA.2257,forum,cadecv2,ANTIDEPRESSANT,0,forum,test,train,train,calib
cadecv2:CYMBALTA-CYMBALTA.2258,forum,cadecv2,ANTIDEPRESSANT,0,forum,test,train,train,calib
cadecv2:CYMBALTA-CYMBALTA.2259,forum,cadecv2,ANTIDEPRESSANT,0,forum,test,train,train,calib
cadecv2:CYMBALTA-CYMBALTA.226,forum,cadecv2,ANTIDEPRESSANT,0,forum,test,train,train,calib
cadecv2:CYMBALTA-CYMBALTA.2260,forum,cadecv2,ANTIDEPRESSANT,0,forum,test,train,train,calib
cadecv2:CYMBALTA-CYMBALTA.2261,forum,cadecv2,ANTIDEPRESSANT,0,forum,test,train,train,calib
cadecv2:CYMBALTA-CYMBALTA.2263,forum,cadecv2,ANTIDEPRESSANT,0,forum,test,train,train,calib
cadecv2:CYMBALTA-CYMBALTA.2264,forum,cadecv2,ANTIDEPRESSANT,0,forum,test,train,train,calib
cadecv2:CYMBALTA-CYMBALTA.2265,forum,cadecv2,ANTIDEPRESSANT,0,forum,test,train,train,calib
cadecv2:CYMBALTA-CYMBALTA.2268,forum,cadecv2,ANTIDEPRESSANT,0,forum,test,train,train,calib
cadecv2:CYMBALTA-CYMBALTA.2270,forum,cadecv2,ANTIDEPRESSANT,0,forum,test,train,train,calib
cadecv2:CYMBALTA-CYMBALTA.2271,forum,cadecv2,ANTIDEPRESSANT,0,forum,test,train,train,calib
cadecv2:CYMBALTA-CYMBALTA.2273,forum,cadecv2,ANTIDEPRESSANT,0,forum,test,train,train,calib
cadecv2:CYMBALTA-CYMBALTA.2276,forum,cadecv2,ANTIDEPRESSANT,0,forum,test,train,train,calib
cadecv2:CYMBALTA-CYMBALTA.2277,forum,cadecv2,ANTIDEPRESSANT,0,forum,test,train,train,calib
cadecv2:CYMBALTA-CYMBALTA.2278,forum,cadecv2,ANTIDEPRESSANT,0,forum,test,train,train,calib
cadecv2:CYMBALTA-CYMBALTA.2279,forum,cadecv2,ANTIDEPRESSANT,0,forum,test,train,train,calib
cadecv2:CYMBALTA-CYMBALTA.228,forum,cadecv2,ANTIDEPRESSANT,0,forum,test,train,train,calib
cadecv2:CYMBALTA-CYMBALTA.2280,forum,cadecv2,ANTIDEPRESSANT,0,forum,test,train,train,calib
cadecv2:CYMBALTA-CYMBALTA.2282,forum,cadecv2,ANTIDEPRESSANT,0,forum,test,train,train,calib
cadecv2:CYMBALTA-CYMBALTA.2283,forum,cadecv2,ANTIDEPRESSANT,0,forum,test,train,train,calib
cadecv2:CYMBALTA-CYMBALTA.2284,forum,cadecv2,ANTIDEPRESSANT,0,forum,test,train,train,calib
cadecv2:CYMBALTA-CYMBALTA.2285,forum,cadecv2,ANTIDEPRESSANT,0,forum,test,train,train,calib
cadecv2:CYMBALTA-CYMBALTA.2286,forum,cadecv2,ANTIDEPRESSANT,0,forum,test,train,train,calib
cadecv2:CYMBALTA-CYMBALTA.2287,forum,cadecv2,ANTIDEPRESSANT,0,forum,test,train,train,calib
cadecv2:CYMBALTA-CYMBALTA.2288,forum,cadecv2,ANTIDEPRESSANT,0,forum,test,train,train,calib
cadecv2:CYMBALTA-CYMBALTA.2289,forum,cadecv2,ANTIDEPRESSANT,0,forum,test,train,train,calib
cadecv2:CYMBALTA-CYMBALTA.2291,forum,cadecv2,ANTIDEPRESSANT,0,forum,test,train,train,calib
cadecv2:CYMBALTA-CYMBALTA.2293,forum,cadecv2,ANTIDEPRESSANT,0,forum,test,train,train,calib
cadecv2:CYMBALTA-CYMBALTA.2294,forum,cadecv2,ANTIDEPRESSANT,0,forum,test,train,train,calib
cadecv2:CYMBALTA-CYMBALTA.2295,forum,cadecv2,ANTIDEPRESSANT,0,forum,test,train,train,calib
cadecv2:CYMBALTA-CYMBALTA.2296,forum,cadecv2,ANTIDEPRESSANT,0,forum,test,train,train,calib
cadecv2:CYMBALTA-CYMBALTA.2297,forum,cadecv2,ANTIDEPRESSANT,0,forum,test,train,train,calib
cadecv2:CYMBALTA-CYMBALTA.2298,forum,cadecv2,ANTIDEPRESSANT,0,forum,test,train,train,calib
cadecv2:CYMBALTA-CYMBALTA.23,forum,cadecv2,ANTIDEPRESSANT,0,forum,test,train,train,calib
cadecv2:CYMBALTA-CYMBALTA.230,forum,cadecv2,ANTIDEPRESSANT,0,forum,test,train,train,calib
cadecv2:CYMBALTA-CYMBALTA.2302,forum,cadecv2,ANTIDEPRESSANT,0,forum,test,train,train,calib
cadecv2:CYMBALTA-CYMBALTA.2304,forum,cadecv2,ANTIDEPRESSANT,0,forum,test,train,train,calib
cadecv2:CYMBALTA-CYMBALTA.2305,forum,cadecv2,ANTIDEPRESSANT,0,forum,test,train,train,calib
cadecv2:CYMBALTA-CYMBALTA.2306,forum,cadecv2,ANTIDEPRESSANT,0,forum,test,train,train,calib
cadecv2:CYMBALTA-CYMBALTA.2307,forum,cadecv2,ANTIDEPRESSANT,0,forum,test,train,train,calib
cadecv2:CYMBALTA-CYMBALTA.2309,forum,cadecv2,ANTIDEPRESSANT,0,forum,test,train,train,calib
cadecv2:CYMBALTA-CYMBALTA.231,forum,cadecv2,ANTIDEPRESSANT,0,forum,test,train,train,calib
cadecv2:CYMBALTA-CYMBALTA.2311,forum,cadecv2,ANTIDEPRESSANT,0,forum,test,train,train,calib
cadecv2:CYMBALTA-CYMBALTA.2312,forum,cadecv2,ANTIDEPRESSANT,0,forum,test,train,train,calib
cadecv2:CYMBALTA-CYMBALTA.2315,forum,cadecv2,ANTIDEPRESSANT,0,forum,test,train,train,calib
cadecv2:CYMBALTA-CYMBALTA.2316,forum,cadecv2,ANTIDEPRESSANT,0,forum,test,train,train,calib
cadecv2:CYMBALTA-CYMBALTA.2317,forum,cadecv2,ANTIDEPRESSANT,0,forum,test,train,train,calib
cadecv2:CYMBALTA-CYMBALTA.2318,forum,cadecv2,ANTIDEPRESSANT,0,forum,test,train,train,calib
cadecv2:CYMBALTA-CYMBALTA.2319,forum,cadecv2,ANTIDEPRESSANT,0,forum,test,train,train,calib
cadecv2:CYMBALTA-CYMBALTA.232,forum,cadecv2,ANTIDEPRESSANT,0,forum,test,train,train,calib
cadecv2:CYMBALTA-CYMBALTA.2320,forum,cadecv2,ANTIDEPRESSANT,0,forum,test,train,train,calib
cadecv2:CYMBALTA-CYMBALTA.2322,forum,cadecv2,ANTIDEPRESSANT,0,forum,test,train,train,calib
cadecv2:CYMBALTA-CYMBALTA.2323,forum,cadecv2,ANTIDEPRESSANT,0,forum,test,train,train,calib
cadecv2:CYMBALTA-CYMBALTA.2324,forum,cadecv2,ANTIDEPRESSANT,0,forum,test,train,train,calib
cadecv2:CYMBALTA-CYMBALTA.2325,forum,cadecv2,ANTIDEPRESSANT,0,forum,test,train,train,calib
cadecv2:CYMBALTA-CYMBALTA.233,forum,cadecv2,ANTIDEPRESSANT,0,forum,test,train,train,calib
cadecv2:CYMBALTA-CYMBALTA.235,forum,cadecv2,ANTIDEPRESSANT,0,forum,test,train,train,calib
cadecv2:CYMBALTA-CYMBALTA.236,forum,cadecv2,ANTIDEPRESSANT,0,forum,test,train,train,calib
cadecv2:CYMBALTA-CYMBALTA.237,forum,cadecv2,ANTIDEPRESSANT,0,forum,test,train,train,calib
cadecv2:CYMBALTA-CYMBALTA.238,forum,cadecv2,ANTIDEPRESSANT,0,forum,test,train,train,calib
cadecv2:CYMBALTA-CYMBALTA.239,forum,cadecv2,ANTIDEPRESSANT,0,forum,test,train,train,calib
cadecv2:CYMBALTA-CYMBALTA.240,forum,cadecv2,ANTIDEPRESSANT,0,forum,test,train,train,calib
cadecv2:CYMBALTA-CYMBALTA.241,forum,cadecv2,ANTIDEPRESSANT,0,forum,test,train,train,calib
cadecv2:CYMBALTA-CYMBALTA.242,forum,cadecv2,ANTIDEPRESSANT,0,forum,test,train,train,calib
cadecv2:CYMBALTA-CYMBALTA.243,forum,cadecv2,ANTIDEPRESSANT,0,forum,test,train,train,calib
cadecv2:CYMBALTA-CYMBALTA.245,forum,cadecv2,ANTIDEPRESSANT,0,forum,test,train,train,calib
cadecv2:CYMBALTA-CYMBALTA.246,forum,cadecv2,ANTIDEPRESSANT,0,forum,test,train,train,calib
cadecv2:CYMBALTA-CYMBALTA.247,forum,cadecv2,ANTIDEPRESSANT,0,forum,test,train,train,calib
cadecv2:CYMBALTA-CYMBALTA.249,forum,cadecv2,ANTIDEPRESSANT,0,forum,test,train,train,calib
cadecv2:CYMBALTA-CYMBALTA.25,forum,cadecv2,ANTIDEPRESSANT,0,forum,test,train,train,calib
cadecv2:CYMBALTA-CYMBALTA.250,forum,cadecv2,ANTIDEPRESSANT,0,forum,test,train,train,calib
cadecv2:CYMBALTA-CYMBALTA.251,forum,cadecv2,ANTIDEPRESSANT,0,forum,test,train,train,calib
cadecv2:CYMBALTA-CYMBALTA.252,forum,cadecv2,ANTIDEPRESSANT,0,forum,test,train,train,calib
cadecv2:CYMBALTA-CYMBALTA.253,forum,cadecv2,ANTIDEPRESSANT,0,forum,test,train,train,calib
cadecv2:CYMBALTA-CYMBALTA.254,forum,cadecv2,ANTIDEPRESSANT,0,forum,test,train,train,calib
cadecv2:CYMBALTA-CYMBALTA.255,forum,cadecv2,ANTIDEPRESSANT,0,forum,test,train,train,calib
cadecv2:CYMBALTA-CYMBALTA.257,forum,cadecv2,ANTIDEPRESSANT,0,forum,test,train,train,calib
cadecv2:CYMBALTA-CYMBALTA.258,forum,cadecv2,ANTIDEPRESSANT,0,forum,test,train,train,calib
cadecv2:CYMBALTA-CYMBALTA.259,forum,cadecv2,ANTIDEPRESSANT,0,forum,test,train,train,calib
cadecv2:CYMBALTA-CYMBALTA.26,forum,cadecv2,ANTIDEPRESSANT,0,forum,test,train,train,calib
cadecv2:CYMBALTA-CYMBALTA.260,forum,cadecv2,ANTIDEPRESSANT,0,forum,test,train,train,calib
cadecv2:CYMBALTA-CYMBALTA.261,forum,cadecv2,ANTIDEPRESSANT,0,forum,test,train,train,calib
cadecv2:CYMBALTA-CYMBALTA.262,forum,cadecv2,ANTIDEPRESSANT,0,forum,test,train,train,calib
cadecv2:CYMBALTA-CYMBALTA.264,forum,cadecv2,ANTIDEPRESSANT,0,forum,test,train,train,calib
cadecv2:CYMBALTA-CYMBALTA.265,forum,cadecv2,ANTIDEPRESSANT,0,forum,test,train,train,calib
cadecv2:CYMBALTA-CYMBALTA.267,forum,cadecv2,ANTIDEPRESSANT,0,forum,test,train,train,calib
cadecv2:CYMBALTA-CYMBALTA.269,forum,cadecv2,ANTIDEPRESSANT,0,forum,test,train,train,calib
cadecv2:CYMBALTA-CYMBALTA.27,forum,cadecv2,ANTIDEPRESSANT,0,forum,test,train,train,calib
cadecv2:CYMBALTA-CYMBALTA.272,forum,cadecv2,ANTIDEPRESSANT,0,forum,test,train,train,calib
cadecv2:CYMBALTA-CYMBALTA.273,forum,cadecv2,ANTIDEPRESSANT,0,forum,test,train,train,calib
cadecv2:CYMBALTA-CYMBALTA.274,forum,cadecv2,ANTIDEPRESSANT,0,forum,test,train,train,calib
cadecv2:CYMBALTA-CYMBALTA.276,forum,cadecv2,ANTIDEPRESSANT,0,forum,test,train,train,calib
cadecv2:CYMBALTA-CYMBALTA.277,forum,cadecv2,ANTIDEPRESSANT,0,forum,test,train,train,calib
cadecv2:CYMBALTA-CYMBALTA.278,forum,cadecv2,ANTIDEPRESSANT,0,forum,test,train,train,calib
cadecv2:CYMBALTA-CYMBALTA.28,forum,cadecv2,ANTIDEPRESSANT,0,forum,test,train,train,calib
cadecv2:CYMBALTA-CYMBALTA.281,forum,cadecv2,ANTIDEPRESSANT,0,forum,test,train,train,calib
cadecv2:CYMBALTA-CYMBALTA.282,forum,cadecv2,ANTIDEPRESSANT,0,forum,test,train,train,calib
cadecv2:CYMBALTA-CYMBALTA.283,forum,cadecv2,ANTIDEPRESSANT,0,forum,test,train,train,calib
cadecv2:CYMBALTA-CYMBALTA.284,forum,cadecv2,ANTIDEPRESSANT,0,forum,test,train,train,calib
cadecv2:CYMBALTA-CYMBALTA.285,forum,cadecv2,ANTIDEPRESSANT,0,forum,test,train,train,calib
cadecv2:CYMBALTA-CYMBALTA.286,forum,cadecv2,ANTIDEPRESSANT,0,forum,test,train,train,calib
cadecv2:CYMBALTA-CYMBALTA.288,forum,cadecv2,ANTIDEPRESSANT,0,forum,test,train,train,calib
cadecv2:CYMBALTA-CYMBALTA.289,forum,cadecv2,ANTIDEPRESSANT,0,forum,test,train,train,calib
cadecv2:CYMBALTA-CYMBALTA.29,forum,cadecv2,ANTIDEPRESSANT,0,forum,test,train,train,calib
cadecv2:CYMBALTA-CYMBALTA.291,forum,cadecv2,ANTIDEPRESSANT,0,forum,test,train,train,calib
cadecv2:CYMBALTA-CYMBALTA.292,forum,cadecv2,ANTIDEPRESSANT,0,forum,test,train,train,calib
cadecv2:CYMBALTA-CYMBALTA.293,forum,cadecv2,ANTIDEPRESSANT,0,forum,test,train,train,calib
cadecv2:CYMBALTA-CYMBALTA.294,forum,cadecv2,ANTIDEPRESSANT,0,forum,test,train,train,calib
cadecv2:CYMBALTA-CYMBALTA.295,forum,cadecv2,ANTIDEPRESSANT,0,forum,test,train,train,calib
cadecv2:CYMBALTA-CYMBALTA.296,forum,cadecv2,ANTIDEPRESSANT,0,forum,test,train,train,calib
cadecv2:CYMBALTA-CYMBALTA.298,forum,cadecv2,ANTIDEPRESSANT,0,forum,test,train,train,calib
cadecv2:CYMBALTA-CYMBALTA.299,forum,cadecv2,ANTIDEPRESSANT,0,forum,test,train,train,calib
cadecv2:CYMBALTA-CYMBALTA.3,forum,cadecv2,ANTIDEPRESSANT,0,forum,test,train,train,calib
cadecv2:CYMBALTA-CYMBALTA.30,forum,cadecv2,ANTIDEPRESSANT,0,forum,test,train,train,calib
cadecv2:CYMBALTA-CYMBALTA.300,forum,cadecv2,ANTIDEPRESSANT,0,forum,test,train,train,calib
cadecv2:CYMBALTA-CYMBALTA.302,forum,cadecv2,ANTIDEPRESSANT,0,forum,test,train,train,calib
cadecv2:CYMBALTA-CYMBALTA.303,forum,cadecv2,ANTIDEPRESSANT,0,forum,test,train,train,calib
cadecv2:CYMBALTA-CYMBALTA.304,forum,cadecv2,ANTIDEPRESSANT,0,forum,test,train,train,calib
cadecv2:CYMBALTA-CYMBALTA.305,forum,cadecv2,ANTIDEPRESSANT,0,forum,test,train,train,calib
cadecv2:CYMBALTA-CYMBALTA.306,forum,cadecv2,ANTIDEPRESSANT,0,forum,test,train,train,calib
cadecv2:CYMBALTA-CYMBALTA.307,forum,cadecv2,ANTIDEPRESSANT,0,forum,test,train,train,calib
cadecv2:CYMBALTA-CYMBALTA.308,forum,cadecv2,ANTIDEPRESSANT,0,forum,test,train,train,calib
cadecv2:CYMBALTA-CYMBALTA.309,forum,cadecv2,ANTIDEPRESSANT,0,forum,test,train,train,calib
cadecv2:CYMBALTA-CYMBALTA.31,forum,cadecv2,ANTIDEPRESSANT,0,forum,test,train,train,calib
cadecv2:CYMBALTA-CYMBALTA.311,forum,cadecv2,ANTIDEPRESSANT,0,forum,test,train,train,calib
cadecv2:CYMBALTA-CYMBALTA.312,forum,cadecv2,ANTIDEPRESSANT,0,forum,test,train,train,calib
cadecv2:CYMBALTA-CYMBALTA.313,forum,cadecv2,ANTIDEPRESSANT,0,forum,test,train,train,calib
cadecv2:CYMBALTA-CYMBALTA.315,forum,cadecv2,ANTIDEPRESSANT,0,forum,test,train,train,calib
cadecv2:CYMBALTA-CYMBALTA.316,forum,cadecv2,ANTIDEPRESSANT,0,forum,test,train,train,calib
cadecv2:CYMBALTA-CYMBALTA.317,forum,cadecv2,ANTIDEPRESSANT,0,forum,test,train,train,calib
cadecv2:CYMBALTA-CYMBALTA.318,forum,cadecv2,ANTIDEPRESSANT,0,forum,test,train,train,calib
cadecv2:CYMBALTA-CYMBALTA.319,forum,cadecv2,ANTIDEPRESSANT,0,forum,test,train,train,calib
cadecv2:CYMBALTA-CYMBALTA.32,forum,cadecv2,ANTIDEPRESSANT,0,forum,test,train,train,calib
cadecv2:CYMBALTA-CYMBALTA.320,forum,cadecv2,ANTIDEPRESSANT,0,forum,test,train,train,calib
cadecv2:CYMBALTA-CYMBALTA.321,forum,cadecv2,ANTIDEPRESSANT,0,forum,test,train,train,calib
cadecv2:CYMBALTA-CYMBALTA.323,forum,cadecv2,ANTIDEPRESSANT,0,forum,test,train,train,calib
cadecv2:CYMBALTA-CYMBALTA.324,forum,cadecv2,ANTIDEPRESSANT,0,forum,test,train,train,calib
cadecv2:CYMBALTA-CYMBALTA.325,forum,cadecv2,ANTIDEPRESSANT,0,forum,test,train,train,calib
cadecv2:CYMBALTA-CYMBALTA.326,forum,cadecv2,ANTIDEPRESSANT,0,forum,test,train,train,calib
cadecv2:CYMBALTA-CYMBALTA.329,forum,cadecv2,ANTIDEPRESSANT,0,forum,test,train,train,calib
cadecv2:CYMBALTA-CYMBALTA.33,forum,cadecv2,ANTIDEPRESSANT,0,forum,test,train,train,calib
cadecv2:CYMBALTA-CYMBALTA.330,forum,cadecv2,ANTIDEPRESSANT,0,forum,test,train,train,calib
cadecv2:CYMBALTA-CYMBALTA.331,forum,cadecv2,ANTIDEPRESSANT,0,forum,test,train,train,calib
cadecv2:CYMBALTA-CYMBALTA.332,forum,cadecv2,ANTIDEPRESSANT,0,forum,test,train,train,calib
cadecv2:CYMBALTA-CYMBALTA.334,forum,cadecv2,ANTIDEPRESSANT,0,forum,test,train,train,calib
cadecv2:CYMBALTA-CYMBALTA.335,forum,cadecv2,ANTIDEPRESSANT,0,forum,test,train,train,calib
cadecv2:CYMBALTA-CYMBALTA.336,forum,cadecv2,ANTIDEPRESSANT,0,forum,test,train,train,calib
cadecv2:CYMBALTA-CYMBALTA.337,forum,cadecv2,ANTIDEPRESSANT,0,forum,test,train,train,calib
cadecv2:CYMBALTA-CYMBALTA.338,forum,cadecv2,ANTIDEPRESSANT,0,forum,test,train,train,calib
cadecv2:CYMBALTA-CYMBALTA.339,forum,cadecv2,ANTIDEPRESSANT,0,forum,test,train,train,calib
cadecv2:CYMBALTA-CYMBALTA.34,forum,cadecv2,ANTIDEPRESSANT,0,forum,test,train,train,calib
cadecv2:CYMBALTA-CYMBALTA.340,forum,cadecv2,ANTIDEPRESSANT,0,forum,test,train,train,calib
cadecv2:CYMBALTA-CYMBALTA.342,forum,cadecv2,ANTIDEPRESSANT,0,forum,test,train,train,calib
cadecv2:CYMBALTA-CYMBALTA.343,forum,cadecv2,ANTIDEPRESSANT,0,forum,test,train,train,calib
cadecv2:CYMBALTA-CYMBALTA.344,forum,cadecv2,ANTIDEPRESSANT,0,forum,test,train,train,calib
cadecv2:CYMBALTA-CYMBALTA.345,forum,cadecv2,ANTIDEPRESSANT,0,forum,test,train,train,calib
cadecv2:CYMBALTA-CYMBALTA.346,forum,cadecv2,ANTIDEPRESSANT,0,forum,test,train,train,calib
cadecv2:CYMBALTA-CYMBALTA.348,forum,cadecv2,ANTIDEPRESSANT,0,forum,test,train,train,calib
cadecv2:CYMBALTA-CYMBALTA.349,forum,cadecv2,ANTIDEPRESSANT,0,forum,test,train,train,calib
cadecv2:CYMBALTA-CYMBALTA.35,forum,cadecv2,ANTIDEPRESSANT,0,forum,test,train,train,calib
cadecv2:CYMBALTA-CYMBALTA.350,forum,cadecv2,ANTIDEPRESSANT,0,forum,test,train,train,calib
cadecv2:CYMBALTA-CYMBALTA.351,forum,cadecv2,ANTIDEPRESSANT,0,forum,test,train,train,calib
cadecv2:CYMBALTA-CYMBALTA.355,forum,cadecv2,ANTIDEPRESSANT,0,forum,test,train,train,calib
cadecv2:CYMBALTA-CYMBALTA.356,forum,cadecv2,ANTIDEPRESSANT,0,forum,test,train,train,calib
cadecv2:CYMBALTA-CYMBALTA.357,forum,cadecv2,ANTIDEPRESSANT,0,forum,test,train,train,calib
cadecv2:CYMBALTA-CYMBALTA.358,forum,cadecv2,ANTIDEPRESSANT,0,forum,test,train,train,calib
cadecv2:CYMBALTA-CYMBALTA.36,forum,cadecv2,ANTIDEPRESSANT,0,forum,test,train,train,calib
cadecv2:CYMBALTA-CYMBALTA.361,forum,cadecv2,ANTIDEPRESSANT,0,forum,test,train,train,calib
cadecv2:CYMBALTA-CYMBALTA.362,forum,cadecv2,ANTIDEPRESSANT,0,forum,test,train,train,calib
cadecv2:CYMBALTA-CYMBALTA.363,forum,cadecv2,ANTIDEPRESSANT,0,forum,test,train,train,calib
cadecv2:CYMBALTA-CYMBALTA.364,forum,cadecv2,ANTIDEPRESSANT,0,forum,test,train,train,calib
cadecv2:CYMBALTA-CYMBALTA.366,forum,cadecv2,ANTIDEPRESSANT,0,forum,test,train,train,calib
cadecv2:CYMBALTA-CYMBALTA.367,forum,cadecv2,ANTIDEPRESSANT,0,forum,test,train,train,calib
cadecv2:CYMBALTA-CYMBALTA.369,forum,cadecv2,ANTIDEPRESSANT,0,forum,test,train,train,calib
cadecv2:CYMBALTA-CYMBALTA.37,forum,cadecv2,ANTIDEPRESSANT,0,forum,test,train,train,calib
cadecv2:CYMBALTA-CYMBALTA.370,forum,cadecv2,ANTIDEPRESSANT,0,forum,test,train,train,calib
cadecv2:CYMBALTA-CYMBALTA.371,forum,cadecv2,ANTIDEPRESSANT,0,forum,test,train,train,calib
cadecv2:CYMBALTA-CYMBALTA.372,forum,cadecv2,ANTIDEPRESSANT,0,forum,test,train,train,calib
cadecv2:CYMBALTA-CYMBALTA.373,forum,cadecv2,ANTIDEPRESSANT,0,forum,test,train,train,calib
cadecv2:CYMBALTA-CYMBALTA.374,forum,cadecv2,ANTIDEPRESSANT,0,forum,test,train,train,calib
cadecv2:CYMBALTA-CYMBALTA.375,forum,cadecv2,ANTIDEPRESSANT,0,forum,test,train,train,calib
cadecv2:CYMBALTA-CYMBALTA.377,forum,cadecv2,ANTIDEPRESSANT,0,forum,test,train,train,calib
cadecv2:CYMBALTA-CYMBALTA.378,forum,cadecv2,ANTIDEPRESSANT,0,forum,test,train,train,calib
cadecv2:CYMBALTA-CYMBALTA.379,forum,cadecv2,ANTIDEPRESSANT,0,forum,test,train,train,calib
cadecv2:CYMBALTA-CYMBALTA.38,forum,cadecv2,ANTIDEPRESSANT,0,forum,test,train,train,calib
cadecv2:CYMBALTA-CYMBALTA.380,forum,cadecv2,ANTIDEPRESSANT,0,forum,test,train,train,calib
cadecv2:CYMBALTA-CYMBALTA.381,forum,cadecv2,ANTIDEPRESSANT,0,forum,test,train,train,calib
cadecv2:CYMBALTA-CYMBALTA.382,forum,cadecv2,ANTIDEPRESSANT,0,forum,test,train,train,calib
cadecv2:CYMBALTA-CYMBALTA.383,forum,cadecv2,ANTIDEPRESSANT,0,forum,test,train,train,calib
cadecv2:CYMBALTA-CYMBALTA.384,forum,cadecv2,ANTIDEPRESSANT,0,forum,test,train,train,calib
cadecv2:CYMBALTA-CYMBALTA.385,forum,cadecv2,ANTIDEPRESSANT,0,forum,test,train,train,calib
cadecv2:CYMBALTA-CYMBALTA.387,forum,cadecv2,ANTIDEPRESSANT,0,forum,test,train,train,calib
cadecv2:CYMBALTA-CYMBALTA.388,forum,cadecv2,ANTIDEPRESSANT,0,forum,test,train,train,calib
cadecv2:CYMBALTA-CYMBALTA.389,forum,cadecv2,ANTIDEPRESSANT,0,forum,test,train,train,calib
cadecv2:CYMBALTA-CYMBALTA.39,forum,cadecv2,ANTIDEPRESSANT,0,forum,test,train,train,calib
cadecv2:CYMBALTA-CYMBALTA.390,forum,cadecv2,ANTIDEPRESSANT,0,forum,test,train,train,calib
cadecv2:CYMBALTA-CYMBALTA.391,forum,cadecv2,ANTIDEPRESSANT,0,forum,test,train,train,calib
cadecv2:CYMBALTA-CYMBALTA.392,forum,cadecv2,ANTIDEPRESSANT,0,forum,test,train,train,calib
cadecv2:CYMBALTA-CYMBALTA.393,forum,cadecv2,ANTIDEPRESSANT,0,forum,test,train,train,calib
cadecv2:CYMBALTA-CYMBALTA.395,forum,cadecv2,ANTIDEPRESSANT,0,forum,test,train,train,calib
cadecv2:CYMBALTA-CYMBALTA.4,forum,cadecv2,ANTIDEPRESSANT,0,forum,test,train,train,calib
cadecv2:CYMBALTA-CYMBALTA.40,forum,cadecv2,ANTIDEPRESSANT,0,forum,test,train,train,calib
cadecv2:CYMBALTA-CYMBALTA.400,forum,cadecv2,ANTIDEPRESSANT,0,forum,test,train,train,calib
cadecv2:CYMBALTA-CYMBALTA.401,forum,cadecv2,ANTIDEPRESSANT,0,forum,test,train,train,calib
cadecv2:CYMBALTA-CYMBALTA.402,forum,cadecv2,ANTIDEPRESSANT,0,forum,test,train,train,calib
cadecv2:CYMBALTA-CYMBALTA.403,forum,cadecv2,ANTIDEPRESSANT,0,forum,test,train,train,calib
cadecv2:CYMBALTA-CYMBALTA.404,forum,cadecv2,ANTIDEPRESSANT,0,forum,test,train,train,calib
cadecv2:CYMBALTA-CYMBALTA.406,forum,cadecv2,ANTIDEPRESSANT,0,forum,test,train,train,calib
cadecv2:CYMBALTA-CYMBALTA.407,forum,cadecv2,ANTIDEPRESSANT,0,forum,test,train,train,calib
cadecv2:CYMBALTA-CYMBALTA.408,forum,cadecv2,ANTIDEPRESSANT,0,forum,test,train,train,calib
cadecv2:CYMBALTA-CYMBALTA.409,forum,cadecv2,ANTIDEPRESSANT,0,forum,test,train,train,calib
cadecv2:CYMBALTA-CYMBALTA.41,forum,cadecv2,ANTIDEPRESSANT,0,forum,test,train,train,calib
cadecv2:CYMBALTA-CYMBALTA.412,forum,cadecv2,ANTIDEPRESSANT,0,forum,test,train,train,calib
cadecv2:CYMBALTA-CYMBALTA.413,forum,cadecv2,ANTIDEPRESSANT,0,forum,test,train,train,calib
cadecv2:CYMBALTA-CYMBALTA.415,forum,cadecv2,ANTIDEPRESSANT,0,forum,test,train,train,calib
cadecv2:CYMBALTA-CYMBALTA.417,forum,cadecv2,ANTIDEPRESSANT,0,forum,test,train,train,calib
cadecv2:CYMBALTA-CYMBALTA.419,forum,cadecv2,ANTIDEPRESSANT,0,forum,test,train,train,calib
cadecv2:CYMBALTA-CYMBALTA.42,forum,cadecv2,ANTIDEPRESSANT,0,forum,test,train,train,calib
cadecv2:CYMBALTA-CYMBALTA.420,forum,cadecv2,ANTIDEPRESSANT,0,forum,test,train,train,calib
cadecv2:CYMBALTA-CYMBALTA.421,forum,cadecv2,ANTIDEPRESSANT,0,forum,test,train,train,calib
cadecv2:CYMBALTA-CYMBALTA.422,forum,cadecv2,ANTIDEPRESSANT,0,forum,test,train,train,calib
cadecv2:CYMBALTA-CYMBALTA.423,forum,cadecv2,ANTIDEPRESSANT,0,forum,test,train,train,calib
cadecv2:CYMBALTA-CYMBALTA.424,forum,cadecv2,ANTIDEPRESSANT,0,forum,test,train,train,calib
cadecv2:CYMBALTA-CYMBALTA.425,forum,cadecv2,ANTIDEPRESSANT,0,forum,test,train,train,calib
cadecv2:CYMBALTA-CYMBALTA.427,forum,cadecv2,ANTIDEPRESSANT,0,forum,test,train,train,calib
cadecv2:CYMBALTA-CYMBALTA.428,forum,cadecv2,ANTIDEPRESSANT,0,forum,test,train,train,calib
cadecv2:CYMBALTA-CYMBALTA.429,forum,cadecv2,ANTIDEPRESSANT,0,forum,test,train,train,calib
cadecv2:CYMBALTA-CYMBALTA.43,forum,cadecv2,ANTIDEPRESSANT,0,forum,test,train,train,calib
cadecv2:CYMBALTA-CYMBALTA.430,forum,cadecv2,ANTIDEPRESSANT,0,forum,test,train,train,calib
cadecv2:CYMBALTA-CYMBALTA.431,forum,cadecv2,ANTIDEPRESSANT,0,forum,test,train,train,calib
cadecv2:CYMBALTA-CYMBALTA.432,forum,cadecv2,ANTIDEPRESSANT,0,forum,test,train,train,calib
cadecv2:CYMBALTA-CYMBALTA.434,forum,cadecv2,ANTIDEPRESSANT,0,forum,test,train,train,calib
cadecv2:CYMBALTA-CYMBALTA.435,forum,cadecv2,ANTIDEPRESSANT,0,forum,test,train,train,calib
cadecv2:CYMBALTA-CYMBALTA.437,forum,cadecv2,ANTIDEPRESSANT,0,forum,test,train,train,calib
cadecv2:CYMBALTA-CYMBALTA.438,forum,cadecv2,ANTIDEPRESSANT,0,forum,test,train,train,calib
cadecv2:CYMBALTA-CYMBALTA.439,forum,cadecv2,ANTIDEPRESSANT,0,forum,test,train,train,calib
cadecv2:CYMBALTA-CYMBALTA.440,forum,cadecv2,ANTIDEPRESSANT,0,forum,test,train,train,calib
cadecv2:CYMBALTA-CYMBALTA.441,forum,cadecv2,ANTIDEPRESSANT,0,forum,test,train,train,calib
cadecv2:CYMBALTA-CYMBALTA.442,forum,cadecv2,ANTIDEPRESSANT,0,forum,test,train,train,calib
cadecv2:CYMBALTA-CYMBALTA.443,forum,cadecv2,ANTIDEPRESSANT,0,forum,test,train,train,calib
cadecv2:CYMBALTA-CYMBALTA.444,forum,cadecv2,ANTIDEPRESSANT,0,forum,test,train,train,calib
cadecv2:CYMBALTA-CYMBALTA.445,forum,cadecv2,ANTIDEPRESSANT,0,forum,test,train,train,calib
cadecv2:CYMBALTA-CYMBALTA.446,forum,cadecv2,ANTIDEPRESSANT,0,forum,test,train,train,calib
cadecv2:CYMBALTA-CYMBALTA.448,forum,cadecv2,ANTIDEPRESSANT,0,forum,test,train,train,calib
cadecv2:CYMBALTA-CYMBALTA.449,forum,cadecv2,ANTIDEPRESSANT,0,forum,test,train,train,calib
cadecv2:CYMBALTA-CYMBALTA.45,forum,cadecv2,ANTIDEPRESSANT,0,forum,test,train,train,calib
cadecv2:CYMBALTA-CYMBALTA.450,forum,cadecv2,ANTIDEPRESSANT,0,forum,test,train,train,calib
cadecv2:CYMBALTA-CYMBALTA.451,forum,cadecv2,ANTIDEPRESSANT,0,forum,test,train,train,calib
cadecv2:CYMBALTA-CYMBALTA.453,forum,cadecv2,ANTIDEPRESSANT,0,forum,test,train,train,calib
cadecv2:CYMBALTA-CYMBALTA.455,forum,cadecv2,ANTIDEPRESSANT,0,forum,test,train,train,calib
cadecv2:CYMBALTA-CYMBALTA.457,forum,cadecv2,ANTIDEPRESSANT,0,forum,test,train,train,calib
cadecv2:CYMBALTA-CYMBALTA.458,forum,cadecv2,ANTIDEPRESSANT,0,forum,test,train,train,calib
cadecv2:CYMBALTA-CYMBALTA.459,forum,cadecv2,ANTIDEPRESSANT,0,forum,test,train,train,calib
cadecv2:CYMBALTA-CYMBALTA.46,forum,cadecv2,ANTIDEPRESSANT,0,forum,test,train,train,calib
cadecv2:CYMBALTA-CYMBALTA.463,forum,cadecv2,ANTIDEPRESSANT,0,forum,test,train,train,calib
cadecv2:CYMBALTA-CYMBALTA.464,forum,cadecv2,ANTIDEPRESSANT,0,forum,test,train,train,calib
cadecv2:CYMBALTA-CYMBALTA.465,forum,cadecv2,ANTIDEPRESSANT,0,forum,test,train,train,calib
cadecv2:CYMBALTA-CYMBALTA.466,forum,cadecv2,ANTIDEPRESSANT,0,forum,test,train,train,calib
cadecv2:CYMBALTA-CYMBALTA.468,forum,cadecv2,ANTIDEPRESSANT,0,forum,test,train,train,calib
cadecv2:CYMBALTA-CYMBALTA.469,forum,cadecv2,ANTIDEPRESSANT,0,forum,test,train,train,calib
cadecv2:CYMBALTA-CYMBALTA.47,forum,cadecv2,ANTIDEPRESSANT,0,forum,test,train,train,calib
cadecv2:CYMBALTA-CYMBALTA.470,forum,cadecv2,ANTIDEPRESSANT,0,forum,test,train,train,calib
cadecv2:CYMBALTA-CYMBALTA.471,forum,cadecv2,ANTIDEPRESSANT,0,forum,test,train,train,calib
cadecv2:CYMBALTA-CYMBALTA.472,forum,cadecv2,ANTIDEPRESSANT,0,forum,test,train,train,calib
cadecv2:CYMBALTA-CYMBALTA.473,forum,cadecv2,ANTIDEPRESSANT,0,forum,test,train,train,calib
cadecv2:CYMBALTA-CYMBALTA.474,forum,cadecv2,ANTIDEPRESSANT,0,forum,test,train,train,calib
cadecv2:CYMBALTA-CYMBALTA.476,forum,cadecv2,ANTIDEPRESSANT,0,forum,test,train,train,calib
cadecv2:CYMBALTA-CYMBALTA.477,forum,cadecv2,ANTIDEPRESSANT,0,forum,test,train,train,calib
cadecv2:CYMBALTA-CYMBALTA.478,forum,cadecv2,ANTIDEPRESSANT,0,forum,test,train,train,calib
cadecv2:CYMBALTA-CYMBALTA.48,forum,cadecv2,ANTIDEPRESSANT,0,forum,test,train,train,calib
cadecv2:CYMBALTA-CYMBALTA.481,forum,cadecv2,ANTIDEPRESSANT,0,forum,test,train,train,calib
cadecv2:CYMBALTA-CYMBALTA.482,forum,cadecv2,ANTIDEPRESSANT,0,forum,test,train,train,calib
cadecv2:CYMBALTA-CYMBALTA.483,forum,cadecv2,ANTIDEPRESSANT,0,forum,test,train,train,calib
cadecv2:CYMBALTA-CYMBALTA.484,forum,cadecv2,ANTIDEPRESSANT,0,forum,test,train,train,calib
cadecv2:CYMBALTA-CYMBALTA.486,forum,cadecv2,ANTIDEPRESSANT,0,forum,test,train,train,calib
cadecv2:CYMBALTA-CYMBALTA.488,forum,cadecv2,ANTIDEPRESSANT,0,forum,test,train,train,calib
cadecv2:CYMBALTA-CYMBALTA.49,forum,cadecv2,ANTIDEPRESSANT,0,forum,test,train,train,calib
cadecv2:CYMBALTA-CYMBALTA.490,forum,cadecv2,ANTIDEPRESSANT,0,forum,test,train,train,calib
cadecv2:CYMBALTA-CYMBALTA.491,forum,cadecv2,ANTIDEPRESSANT,0,forum,test,train,train,calib
cadecv2:CYMBALTA-CYMBALTA.492,forum,cadecv2,ANTIDEPRESSANT,0,forum,test,train,train,calib
cadecv2:CYMBALTA-CYMBALTA.493,forum,cadecv2,ANTIDEPRESSANT,0,forum,test,train,train,calib
cadecv2:CYMBALTA-CYMBALTA.494,forum,cadecv2,ANTIDEPRESSANT,0,forum,test,train,train,calib
cadecv2:CYMBALTA-CYMBALTA.495,forum,cadecv2,ANTIDEPRESSANT,0,forum,test,train,train,calib
cadecv2:CYMBALTA-CYMBALTA.497,forum,cadecv2,ANTIDEPRESSANT,0,forum,test,train,train,calib
cadecv2:CYMBALTA-CYMBALTA.498,forum,cadecv2,ANTIDEPRESSANT,0,forum,test,train,train,calib
cadecv2:CYMBALTA-CYMBALTA.499,forum,cadecv2,ANTIDEPRESSANT,0,forum,test,train,train,calib
cadecv2:CYMBALTA-CYMBALTA.5,forum,cadecv2,ANTIDEPRESSANT,0,forum,test,train,train,calib
cadecv2:CYMBALTA-CYMBALTA.50,forum,cadecv2,ANTIDEPRESSANT,0,forum,test,train,train,calib
cadecv2:CYMBALTA-CYMBALTA.500,forum,cadecv2,ANTIDEPRESSANT,0,forum,test,train,train,calib
cadecv2:CYMBALTA-CYMBALTA.501,forum,cadecv2,ANTIDEPRESSANT,0,forum,test,train,train,calib
cadecv2:CYMBALTA-CYMBALTA.502,forum,cadecv2,ANTIDEPRESSANT,0,forum,test,train,train,calib
cadecv2:CYMBALTA-CYMBALTA.503,forum,cadecv2,ANTIDEPRESSANT,0,forum,test,train,train,calib
cadecv2:CYMBALTA-CYMBALTA.506,forum,cadecv2,ANTIDEPRESSANT,0,forum,test,train,train,calib
cadecv2:CYMBALTA-CYMBALTA.507,forum,cadecv2,ANTIDEPRESSANT,0,forum,test,train,train,calib
cadecv2:CYMBALTA-CYMBALTA.509,forum,cadecv2,ANTIDEPRESSANT,0,forum,test,train,train,calib
cadecv2:CYMBALTA-CYMBALTA.51,forum,cadecv2,ANTIDEPRESSANT,0,forum,test,train,train,calib
cadecv2:CYMBALTA-CYMBALTA.510,forum,cadecv2,ANTIDEPRESSANT,0,forum,test,train,train,calib
cadecv2:CYMBALTA-CYMBALTA.511,forum,cadecv2,ANTIDEPRESSANT,0,forum,test,train,train,calib
cadecv2:CYMBALTA-CYMBALTA.512,forum,cadecv2,ANTIDEPRESSANT,0,forum,test,train,train,calib
cadecv2:CYMBALTA-CYMBALTA.514,forum,cadecv2,ANTIDEPRESSANT,0,forum,test,train,train,calib
cadecv2:CYMBALTA-CYMBALTA.515,forum,cadecv2,ANTIDEPRESSANT,0,forum,test,train,train,calib
cadecv2:CYMBALTA-CYMBALTA.516,forum,cadecv2,ANTIDEPRESSANT,0,forum,test,train,train,calib
cadecv2:CYMBALTA-CYMBALTA.517,forum,cadecv2,ANTIDEPRESSANT,0,forum,test,train,train,calib
cadecv2:CYMBALTA-CYMBALTA.518,forum,cadecv2,ANTIDEPRESSANT,0,forum,test,train,train,calib
cadecv2:CYMBALTA-CYMBALTA.519,forum,cadecv2,ANTIDEPRESSANT,0,forum,test,train,train,calib
cadecv2:CYMBALTA-CYMBALTA.52,forum,cadecv2,ANTIDEPRESSANT,0,forum,test,train,train,calib
cadecv2:CYMBALTA-CYMBALTA.520,forum,cadecv2,ANTIDEPRESSANT,0,forum,test,train,train,calib
cadecv2:CYMBALTA-CYMBALTA.521,forum,cadecv2,ANTIDEPRESSANT,0,forum,test,train,train,calib
cadecv2:CYMBALTA-CYMBALTA.524,forum,cadecv2,ANTIDEPRESSANT,0,forum,test,train,train,calib
cadecv2:CYMBALTA-CYMBALTA.526,forum,cadecv2,ANTIDEPRESSANT,0,forum,test,train,train,calib
cadecv2:CYMBALTA-CYMBALTA.527,forum,cadecv2,ANTIDEPRESSANT,0,forum,test,train,train,calib
cadecv2:CYMBALTA-CYMBALTA.528,forum,cadecv2,ANTIDEPRESSANT,0,forum,test,train,train,calib
cadecv2:CYMBALTA-CYMBALTA.529,forum,cadecv2,ANTIDEPRESSANT,0,forum,test,train,train,calib
cadecv2:CYMBALTA-CYMBALTA.53,forum,cadecv2,ANTIDEPRESSANT,0,forum,test,train,train,calib
cadecv2:CYMBALTA-CYMBALTA.531,forum,cadecv2,ANTIDEPRESSANT,0,forum,test,train,train,calib
cadecv2:CYMBALTA-CYMBALTA.532,forum,cadecv2,ANTIDEPRESSANT,0,forum,test,train,train,calib
cadecv2:CYMBALTA-CYMBALTA.533,forum,cadecv2,ANTIDEPRESSANT,0,forum,test,train,train,calib
cadecv2:CYMBALTA-CYMBALTA.534,forum,cadecv2,ANTIDEPRESSANT,0,forum,test,train,train,calib
cadecv2:CYMBALTA-CYMBALTA.535,forum,cadecv2,ANTIDEPRESSANT,0,forum,test,train,train,calib
cadecv2:CYMBALTA-CYMBALTA.536,forum,cadecv2,ANTIDEPRESSANT,0,forum,test,train,train,calib
cadecv2:CYMBALTA-CYMBALTA.538,forum,cadecv2,ANTIDEPRESSANT,0,forum,test,train,train,calib
cadecv2:CYMBALTA-CYMBALTA.539,forum,cadecv2,ANTIDEPRESSANT,0,forum,test,train,train,calib
cadecv2:CYMBALTA-CYMBALTA.54,forum,cadecv2,ANTIDEPRESSANT,0,forum,test,train,train,calib
cadecv2:CYMBALTA-CYMBALTA.540,forum,cadecv2,ANTIDEPRESSANT,0,forum,test,train,train,calib
cadecv2:CYMBALTA-CYMBALTA.541,forum,cadecv2,ANTIDEPRESSANT,0,forum,test,train,train,calib
cadecv2:CYMBALTA-CYMBALTA.542,forum,cadecv2,ANTIDEPRESSANT,0,forum,test,train,train,calib
cadecv2:CYMBALTA-CYMBALTA.543,forum,cadecv2,ANTIDEPRESSANT,0,forum,test,train,train,calib
cadecv2:CYMBALTA-CYMBALTA.545,forum,cadecv2,ANTIDEPRESSANT,0,forum,test,train,train,calib
cadecv2:CYMBALTA-CYMBALTA.546,forum,cadecv2,ANTIDEPRESSANT,0,forum,test,train,train,calib
cadecv2:CYMBALTA-CYMBALTA.547,forum,cadecv2,ANTIDEPRESSANT,0,forum,test,train,train,calib
cadecv2:CYMBALTA-CYMBALTA.549,forum,cadecv2,ANTIDEPRESSANT,0,forum,test,train,train,calib
cadecv2:CYMBALTA-CYMBALTA.55,forum,cadecv2,ANTIDEPRESSANT,0,forum,test,train,train,calib
cadecv2:CYMBALTA-CYMBALTA.550,forum,cadecv2,ANTIDEPRESSANT,0,forum,test,train,train,calib
cadecv2:CYMBALTA-CYMBALTA.551,forum,cadecv2,ANTIDEPRESSANT,0,forum,test,train,train,calib
cadecv2:CYMBALTA-CYMBALTA.553,forum,cadecv2,ANTIDEPRESSANT,0,forum,test,train,train,calib
cadecv2:CYMBALTA-CYMBALTA.554,forum,cadecv2,ANTIDEPRESSANT,0,forum,test,train,train,calib
cadecv2:CYMBALTA-CYMBALTA.556,forum,cadecv2,ANTIDEPRESSANT,0,forum,test,train,train,calib
cadecv2:CYMBALTA-CYMBALTA.557,forum,cadecv2,ANTIDEPRESSANT,0,forum,test,train,train,calib
cadecv2:CYMBALTA-CYMBALTA.558,forum,cadecv2,ANTIDEPRESSANT,0,forum,test,train,train,calib
cadecv2:CYMBALTA-CYMBALTA.559,forum,cadecv2,ANTIDEPRESSANT,0,forum,test,train,train,calib
cadecv2:CYMBALTA-CYMBALTA.56,forum,cadecv2,ANTIDEPRESSANT,0,forum,test,train,train,calib
cadecv2:CYMBALTA-CYMBALTA.560,forum,cadecv2,ANTIDEPRESSANT,0,forum,test,train,train,calib
cadecv2:CYMBALTA-CYMBALTA.561,forum,cadecv2,ANTIDEPRESSANT,0,forum,test,train,train,calib
cadecv2:CYMBALTA-CYMBALTA.564,forum,cadecv2,ANTIDEPRESSANT,0,forum,test,train,train,calib
cadecv2:CYMBALTA-CYMBALTA.566,forum,cadecv2,ANTIDEPRESSANT,0,forum,test,train,train,calib
cadecv2:CYMBALTA-CYMBALTA.567,forum,cadecv2,ANTIDEPRESSANT,0,forum,test,train,train,calib
cadecv2:CYMBALTA-CYMBALTA.568,forum,cadecv2,ANTIDEPRESSANT,0,forum,test,train,train,calib
cadecv2:CYMBALTA-CYMBALTA.569,forum,cadecv2,ANTIDEPRESSANT,0,forum,test,train,train,calib
cadecv2:CYMBALTA-CYMBALTA.57,forum,cadecv2,ANTIDEPRESSANT,0,forum,test,train,train,calib
cadecv2:CYMBALTA-CYMBALTA.570,forum,cadecv2,ANTIDEPRESSANT,0,forum,test,train,train,calib
cadecv2:CYMBALTA-CYMBALTA.572,forum,cadecv2,ANTIDEPRESSANT,0,forum,test,train,train,calib
cadecv2:CYMBALTA-CYMBALTA.573,forum,cadecv2,ANTIDEPRESSANT,0,forum,test,train,train,calib
cadecv2:CYMBALTA-CYMBALTA.574,forum,cadecv2,ANTIDEPRESSANT,0,forum,test,train,train,calib
cadecv2:CYMBALTA-CYMBALTA.577,forum,cadecv2,ANTIDEPRESSANT,0,forum,test,train,train,calib
cadecv2:CYMBALTA-CYMBALTA.578,forum,cadecv2,ANTIDEPRESSANT,0,forum,test,train,train,calib
cadecv2:CYMBALTA-CYMBALTA.58,forum,cadecv2,ANTIDEPRESSANT,0,forum,test,train,train,calib
cadecv2:CYMBALTA-CYMBALTA.580,forum,cadecv2,ANTIDEPRESSANT,0,forum,test,train,train,calib
cadecv2:CYMBALTA-CYMBALTA.581,forum,cadecv2,ANTIDEPRESSANT,0,forum,test,train,train,calib
cadecv2:CYMBALTA-CYMBALTA.584,forum,cadecv2,ANTIDEPRESSANT,0,forum,test,train,train,calib
cadecv2:CYMBALTA-CYMBALTA.585,forum,cadecv2,ANTIDEPRESSANT,0,forum,test,train,train,calib
cadecv2:CYMBALTA-CYMBALTA.586,forum,cadecv2,ANTIDEPRESSANT,0,forum,test,train,train,calib
cadecv2:CYMBALTA-CYMBALTA.587,forum,cadecv2,ANTIDEPRESSANT,0,forum,test,train,train,calib
cadecv2:CYMBALTA-CYMBALTA.588,forum,cadecv2,ANTIDEPRESSANT,0,forum,test,train,train,calib
cadecv2:CYMBALTA-CYMBALTA.589,forum,cadecv2,ANTIDEPRESSANT,0,forum,test,train,train,calib
cadecv2:CYMBALTA-CYMBALTA.591,forum,cadecv2,ANTIDEPRESSANT,0,forum,test,train,train,calib
cadecv2:CYMBALTA-CYMBALTA.594,forum,cadecv2,ANTIDEPRESSANT,0,forum,test,train,train,calib
cadecv2:CYMBALTA-CYMBALTA.598,forum,cadecv2,ANTIDEPRESSANT,0,forum,test,train,train,calib
cadecv2:CYMBALTA-CYMBALTA.6,forum,cadecv2,ANTIDEPRESSANT,0,forum,test,train,train,calib
cadecv2:CYMBALTA-CYMBALTA.60,forum,cadecv2,ANTIDEPRESSANT,0,forum,test,train,train,calib
cadecv2:CYMBALTA-CYMBALTA.600,forum,cadecv2,ANTIDEPRESSANT,0,forum,test,train,train,calib
cadecv2:CYMBALTA-CYMBALTA.601,forum,cadecv2,ANTIDEPRESSANT,0,forum,test,train,train,calib
cadecv2:CYMBALTA-CYMBALTA.602,forum,cadecv2,ANTIDEPRESSANT,0,forum,test,train,train,calib
cadecv2:CYMBALTA-CYMBALTA.603,forum,cadecv2,ANTIDEPRESSANT,0,forum,test,train,train,calib
cadecv2:CYMBALTA-CYMBALTA.604,forum,cadecv2,ANTIDEPRESSANT,0,forum,test,train,train,calib
cadecv2:CYMBALTA-CYMBALTA.605,forum,cadecv2,ANTIDEPRESSANT,0,forum,test,train,train,calib
cadecv2:CYMBALTA-CYMBALTA.606,forum,cadecv2,ANTIDEPRESSANT,0,forum,test,train,train,calib
cadecv2:CYMBALTA-CYMBALTA.607,forum,cadecv2,ANTIDEPRESSANT,0,forum,test,train,train,calib
cadecv2:CYMBALTA-CYMBALTA.608,forum,cadecv2,ANTIDEPRESSANT,0,forum,test,train,train,calib
cadecv2:CYMBALTA-CYMBALTA.609,forum,cadecv2,ANTIDEPRESSANT,0,forum,test,train,train,calib
cadecv2:CYMBALTA-CYMBALTA.61,forum,cadecv2,ANTIDEPRESSANT,0,forum,test,train,train,calib
cadecv2:CYMBALTA-CYMBALTA.610,forum,cadecv2,ANTIDEPRESSANT,0,forum,test,train,train,calib
cadecv2:CYMBALTA-CYMBALTA.611,forum,cadecv2,ANTIDEPRESSANT,0,forum,test,train,train,calib
cadecv2:CYMBALTA-CYMBALTA.612,forum,cadecv2,ANTIDEPRESSANT,0,forum,test,train,train,calib
cadecv2:CYMBALTA-CYMBALTA.613,forum,cadecv2,ANTIDEPRESSANT,0,forum,test,train,train,calib
cadecv2:CYMBALTA-CYMBALTA.614,forum,cadecv2,ANTIDEPRESSANT,0,forum,test,train,train,calib
cadecv2:CYMBALTA-CYMBALTA.616,forum,cadecv2,ANTIDEPRESSANT,0,forum,test,train,train,calib
cadecv2:CYMBALTA-CYMBALTA.617,forum,cadecv2,ANTIDEPRESSANT,0,forum,test,train,train,calib
cadecv2:CYMBALTA-CYMBALTA.618,forum,cadecv2,ANTIDEPRESSANT,0,forum,test,train,train,calib
cadecv2:CYMBALTA-CYMBALTA.619,forum,cadecv2,ANTIDEPRESSANT,0,forum,test,train,train,calib
cadecv2:CYMBALTA-CYMBALTA.62,forum,cadecv2,ANTIDEPRESSANT,0,forum,test,train,train,calib
cadecv2:CYMBALTA-CYMBALTA.621,forum,cadecv2,ANTIDEPRESSANT,0,forum,test,train,train,calib
cadecv2:CYMBALTA-CYMBALTA.622,forum,cadecv2,ANTIDEPRESSANT,0,forum,test,train,train,calib
cadecv2:CYMBALTA-CYMBALTA.623,forum,cadecv2,ANTIDEPRESSANT,0,forum,test,train,train,calib
cadecv2:CYMBALTA-CYMBALTA.624,forum,cadecv2,ANTIDEPRESSANT,0,forum,test,train,train,calib
cadecv2:CYMBALTA-CYMBALTA.625,forum,cadecv2,ANTIDEPRESSANT,0,forum,test,train,train,calib
cadecv2:CYMBALTA-CYMBALTA.626,forum,cadecv2,ANTIDEPRESSANT,0,forum,test,train,train,calib
cadecv2:CYMBALTA-CYMBALTA.627,forum,cadecv2,ANTIDEPRESSANT,0,forum,test,train,train,calib
cadecv2:CYMBALTA-CYMBALTA.628,forum,cadecv2,ANTIDEPRESSANT,0,forum,test,train,train,calib
cadecv2:CYMBALTA-CYMBALTA.629,forum,cadecv2,ANTIDEPRESSANT,0,forum,test,train,train,calib
cadecv2:CYMBALTA-CYMBALTA.63,forum,cadecv2,ANTIDEPRESSANT,0,forum,test,train,train,calib
cadecv2:CYMBALTA-CYMBALTA.630,forum,cadecv2,ANTIDEPRESSANT,0,forum,test,train,train,calib
cadecv2:CYMBALTA-CYMBALTA.631,forum,cadecv2,ANTIDEPRESSANT,0,forum,test,train,train,calib
cadecv2:CYMBALTA-CYMBALTA.632,forum,cadecv2,ANTIDEPRESSANT,0,forum,test,train,train,calib
cadecv2:CYMBALTA-CYMBALTA.633,forum,cadecv2,ANTIDEPRESSANT,0,forum,test,train,train,calib
cadecv2:CYMBALTA-CYMBALTA.635,forum,cadecv2,ANTIDEPRESSANT,0,forum,test,train,train,calib
cadecv2:CYMBALTA-CYMBALTA.636,forum,cadecv2,ANTIDEPRESSANT,0,forum,test,train,train,calib
cadecv2:CYMBALTA-CYMBALTA.64,forum,cadecv2,ANTIDEPRESSANT,0,forum,test,train,train,calib
cadecv2:CYMBALTA-CYMBALTA.640,forum,cadecv2,ANTIDEPRESSANT,0,forum,test,train,train,calib
cadecv2:CYMBALTA-CYMBALTA.641,forum,cadecv2,ANTIDEPRESSANT,0,forum,test,train,train,calib
cadecv2:CYMBALTA-CYMBALTA.642,forum,cadecv2,ANTIDEPRESSANT,0,forum,test,train,train,calib
cadecv2:CYMBALTA-CYMBALTA.643,forum,cadecv2,ANTIDEPRESSANT,0,forum,test,train,train,calib
cadecv2:CYMBALTA-CYMBALTA.644,forum,cadecv2,ANTIDEPRESSANT,0,forum,test,train,train,calib
cadecv2:CYMBALTA-CYMBALTA.645,forum,cadecv2,ANTIDEPRESSANT,0,forum,test,train,train,calib
cadecv2:CYMBALTA-CYMBALTA.646,forum,cadecv2,ANTIDEPRESSANT,0,forum,test,train,train,calib
cadecv2:CYMBALTA-CYMBALTA.647,forum,cadecv2,ANTIDEPRESSANT,0,forum,test,train,train,calib
cadecv2:CYMBALTA-CYMBALTA.648,forum,cadecv2,ANTIDEPRESSANT,0,forum,test,train,train,calib
cadecv2:CYMBALTA-CYMBALTA.65,forum,cadecv2,ANTIDEPRESSANT,0,forum,test,train,train,calib
cadecv2:CYMBALTA-CYMBALTA.650,forum,cadecv2,ANTIDEPRESSANT,0,forum,test,train,train,calib
cadecv2:CYMBALTA-CYMBALTA.652,forum,cadecv2,ANTIDEPRESSANT,0,forum,test,train,train,calib
cadecv2:CYMBALTA-CYMBALTA.653,forum,cadecv2,ANTIDEPRESSANT,0,forum,test,train,train,calib
cadecv2:CYMBALTA-CYMBALTA.654,forum,cadecv2,ANTIDEPRESSANT,0,forum,test,train,train,calib
cadecv2:CYMBALTA-CYMBALTA.655,forum,cadecv2,ANTIDEPRESSANT,0,forum,test,train,train,calib
cadecv2:CYMBALTA-CYMBALTA.656,forum,cadecv2,ANTIDEPRESSANT,0,forum,test,train,train,calib
cadecv2:CYMBALTA-CYMBALTA.657,forum,cadecv2,ANTIDEPRESSANT,0,forum,test,train,train,calib
cadecv2:CYMBALTA-CYMBALTA.658,forum,cadecv2,ANTIDEPRESSANT,0,forum,test,train,train,calib
cadecv2:CYMBALTA-CYMBALTA.659,forum,cadecv2,ANTIDEPRESSANT,0,forum,test,train,train,calib
cadecv2:CYMBALTA-CYMBALTA.661,forum,cadecv2,ANTIDEPRESSANT,0,forum,test,train,train,calib
cadecv2:CYMBALTA-CYMBALTA.664,forum,cadecv2,ANTIDEPRESSANT,0,forum,test,train,train,calib
cadecv2:CYMBALTA-CYMBALTA.665,forum,cadecv2,ANTIDEPRESSANT,0,forum,test,train,train,calib
cadecv2:CYMBALTA-CYMBALTA.666,forum,cadecv2,ANTIDEPRESSANT,0,forum,test,train,train,calib
cadecv2:CYMBALTA-CYMBALTA.667,forum,cadecv2,ANTIDEPRESSANT,0,forum,test,train,train,calib
cadecv2:CYMBALTA-CYMBALTA.668,forum,cadecv2,ANTIDEPRESSANT,0,forum,test,train,train,calib
cadecv2:CYMBALTA-CYMBALTA.669,forum,cadecv2,ANTIDEPRESSANT,0,forum,test,train,train,calib
cadecv2:CYMBALTA-CYMBALTA.67,forum,cadecv2,ANTIDEPRESSANT,0,forum,test,train,train,calib
cadecv2:CYMBALTA-CYMBALTA.671,forum,cadecv2,ANTIDEPRESSANT,0,forum,test,train,train,calib
cadecv2:CYMBALTA-CYMBALTA.673,forum,cadecv2,ANTIDEPRESSANT,0,forum,test,train,train,calib
cadecv2:CYMBALTA-CYMBALTA.674,forum,cadecv2,ANTIDEPRESSANT,0,forum,test,train,train,calib
cadecv2:CYMBALTA-CYMBALTA.675,forum,cadecv2,ANTIDEPRESSANT,0,forum,test,train,train,calib
cadecv2:CYMBALTA-CYMBALTA.676,forum,cadecv2,ANTIDEPRESSANT,0,forum,test,train,train,calib
cadecv2:CYMBALTA-CYMBALTA.677,forum,cadecv2,ANTIDEPRESSANT,0,forum,test,train,train,calib
cadecv2:CYMBALTA-CYMBALTA.678,forum,cadecv2,ANTIDEPRESSANT,0,forum,test,train,train,calib
cadecv2:CYMBALTA-CYMBALTA.680,forum,cadecv2,ANTIDEPRESSANT,0,forum,test,train,train,calib
cadecv2:CYMBALTA-CYMBALTA.681,forum,cadecv2,ANTIDEPRESSANT,0,forum,test,train,train,calib
cadecv2:CYMBALTA-CYMBALTA.682,forum,cadecv2,ANTIDEPRESSANT,0,forum,test,train,train,calib
cadecv2:CYMBALTA-CYMBALTA.683,forum,cadecv2,ANTIDEPRESSANT,0,forum,test,train,train,calib
cadecv2:CYMBALTA-CYMBALTA.685,forum,cadecv2,ANTIDEPRESSANT,0,forum,test,train,train,calib
cadecv2:CYMBALTA-CYMBALTA.687,forum,cadecv2,ANTIDEPRESSANT,0,forum,test,train,train,calib
cadecv2:CYMBALTA-CYMBALTA.688,forum,cadecv2,ANTIDEPRESSANT,0,forum,test,train,train,calib
cadecv2:CYMBALTA-CYMBALTA.689,forum,cadecv2,ANTIDEPRESSANT,0,forum,test,train,train,calib
cadecv2:CYMBALTA-CYMBALTA.69,forum,cadecv2,ANTIDEPRESSANT,0,forum,test,train,train,calib
cadecv2:CYMBALTA-CYMBALTA.690,forum,cadecv2,ANTIDEPRESSANT,0,forum,test,train,train,calib
cadecv2:CYMBALTA-CYMBALTA.691,forum,cadecv2,ANTIDEPRESSANT,0,forum,test,train,train,calib
cadecv2:CYMBALTA-CYMBALTA.692,forum,cadecv2,ANTIDEPRESSANT,0,forum,test,train,train,calib
cadecv2:CYMBALTA-CYMBALTA.693,forum,cadecv2,ANTIDEPRESSANT,0,forum,test,train,train,calib
cadecv2:CYMBALTA-CYMBALTA.695,forum,cadecv2,ANTIDEPRESSANT,0,forum,test,train,train,calib
cadecv2:CYMBALTA-CYMBALTA.696,forum,cadecv2,ANTIDEPRESSANT,0,forum,test,train,train,calib
cadecv2:CYMBALTA-CYMBALTA.697,forum,cadecv2,ANTIDEPRESSANT,0,forum,test,train,train,calib
cadecv2:CYMBALTA-CYMBALTA.698,forum,cadecv2,ANTIDEPRESSANT,0,forum,test,train,train,calib
cadecv2:CYMBALTA-CYMBALTA.70,forum,cadecv2,ANTIDEPRESSANT,0,forum,test,train,train,calib
cadecv2:CYMBALTA-CYMBALTA.700,forum,cadecv2,ANTIDEPRESSANT,0,forum,test,train,train,calib
cadecv2:CYMBALTA-CYMBALTA.701,forum,cadecv2,ANTIDEPRESSANT,0,forum,test,train,train,calib
cadecv2:CYMBALTA-CYMBALTA.702,forum,cadecv2,ANTIDEPRESSANT,0,forum,test,train,train,calib
cadecv2:CYMBALTA-CYMBALTA.703,forum,cadecv2,ANTIDEPRESSANT,0,forum,test,train,train,calib
cadecv2:CYMBALTA-CYMBALTA.704,forum,cadecv2,ANTIDEPRESSANT,0,forum,test,train,train,calib
cadecv2:CYMBALTA-CYMBALTA.705,forum,cadecv2,ANTIDEPRESSANT,0,forum,test,train,train,calib
cadecv2:CYMBALTA-CYMBALTA.706,forum,cadecv2,ANTIDEPRESSANT,0,forum,test,train,train,calib
cadecv2:CYMBALTA-CYMBALTA.707,forum,cadecv2,ANTIDEPRESSANT,0,forum,test,train,train,calib
cadecv2:CYMBALTA-CYMBALTA.709,forum,cadecv2,ANTIDEPRESSANT,0,forum,test,train,train,calib
cadecv2:CYMBALTA-CYMBALTA.71,forum,cadecv2,ANTIDEPRESSANT,0,forum,test,train,train,calib
cadecv2:CYMBALTA-CYMBALTA.710,forum,cadecv2,ANTIDEPRESSANT,0,forum,test,train,train,calib
cadecv2:CYMBALTA-CYMBALTA.711,forum,cadecv2,ANTIDEPRESSANT,0,forum,test,train,train,calib
cadecv2:CYMBALTA-CYMBALTA.712,forum,cadecv2,ANTIDEPRESSANT,0,forum,test,train,train,calib
cadecv2:CYMBALTA-CYMBALTA.713,forum,cadecv2,ANTIDEPRESSANT,0,forum,test,train,train,calib
cadecv2:CYMBALTA-CYMBALTA.714,forum,cadecv2,ANTIDEPRESSANT,0,forum,test,train,train,calib
cadecv2:CYMBALTA-CYMBALTA.715,forum,cadecv2,ANTIDEPRESSANT,0,forum,test,train,train,calib
cadecv2:CYMBALTA-CYMBALTA.716,forum,cadecv2,ANTIDEPRESSANT,0,forum,test,train,train,calib
cadecv2:CYMBALTA-CYMBALTA.717,forum,cadecv2,ANTIDEPRESSANT,0,forum,test,train,train,calib
cadecv2:CYMBALTA-CYMBALTA.718,forum,cadecv2,ANTIDEPRESSANT,0,forum,test,train,train,calib
cadecv2:CYMBALTA-CYMBALTA.719,forum,cadecv2,ANTIDEPRESSANT,0,forum,test,train,train,calib
cadecv2:CYMBALTA-CYMBALTA.72,forum,cadecv2,ANTIDEPRESSANT,0,forum,test,train,train,calib
cadecv2:CYMBALTA-CYMBALTA.720,forum,cadecv2,ANTIDEPRESSANT,0,forum,test,train,train,calib
cadecv2:CYMBALTA-CYMBALTA.721,forum,cadecv2,ANTIDEPRESSANT,0,forum,test,train,train,calib
cadecv2:CYMBALTA-CYMBALTA.723,forum,cadecv2,ANTIDEPRESSANT,0,forum,test,train,train,calib
cadecv2:CYMBALTA-CYMBALTA.726,forum,cadecv2,ANTIDEPRESSANT,0,forum,test,train,train,calib
cadecv2:CYMBALTA-CYMBALTA.727,forum,cadecv2,ANTIDEPRESSANT,0,forum,test,train,train,calib
cadecv2:CYMBALTA-CYMBALTA.728,forum,cadecv2,ANTIDEPRESSANT,0,forum,test,train,train,calib
cadecv2:CYMBALTA-CYMBALTA.729,forum,cadecv2,ANTIDEPRESSANT,0,forum,test,train,train,calib
cadecv2:CYMBALTA-CYMBALTA.73,forum,cadecv2,ANTIDEPRESSANT,0,forum,test,train,train,calib
cadecv2:CYMBALTA-CYMBALTA.730,forum,cadecv2,ANTIDEPRESSANT,0,forum,test,train,train,calib
cadecv2:CYMBALTA-CYMBALTA.731,forum,cadecv2,ANTIDEPRESSANT,0,forum,test,train,train,calib
cadecv2:CYMBALTA-CYMBALTA.732,forum,cadecv2,ANTIDEPRESSANT,0,forum,test,train,train,calib
cadecv2:CYMBALTA-CYMBALTA.733,forum,cadecv2,ANTIDEPRESSANT,0,forum,test,train,train,calib
cadecv2:CYMBALTA-CYMBALTA.734,forum,cadecv2,ANTIDEPRESSANT,0,forum,test,train,train,calib
cadecv2:CYMBALTA-CYMBALTA.735,forum,cadecv2,ANTIDEPRESSANT,0,forum,test,train,train,calib
cadecv2:CYMBALTA-CYMBALTA.736,forum,cadecv2,ANTIDEPRESSANT,0,forum,test,train,train,calib
cadecv2:CYMBALTA-CYMBALTA.737,forum,cadecv2,ANTIDEPRESSANT,0,forum,test,train,train,calib
cadecv2:CYMBALTA-CYMBALTA.739,forum,cadecv2,ANTIDEPRESSANT,0,forum,test,train,train,calib
cadecv2:CYMBALTA-CYMBALTA.74,forum,cadecv2,ANTIDEPRESSANT,0,forum,test,train,train,calib
cadecv2:CYMBALTA-CYMBALTA.740,forum,cadecv2,ANTIDEPRESSANT,0,forum,test,train,train,calib
cadecv2:CYMBALTA-CYMBALTA.741,forum,cadecv2,ANTIDEPRESSANT,0,forum,test,train,train,calib
cadecv2:CYMBALTA-CYMBALTA.742,forum,cadecv2,ANTIDEPRESSANT,0,forum,test,train,train,calib
cadecv2:CYMBALTA-CYMBALTA.743,forum,cadecv2,ANTIDEPRESSANT,0,forum,test,train,train,calib
cadecv2:CYMBALTA-CYMBALTA.744,forum,cadecv2,ANTIDEPRESSANT,0,forum,test,train,train,calib
cadecv2:CYMBALTA-CYMBALTA.745,forum,cadecv2,ANTIDEPRESSANT,0,forum,test,train,train,calib
cadecv2:CYMBALTA-CYMBALTA.747,forum,cadecv2,ANTIDEPRESSANT,0,forum,test,train,train,calib
cadecv2:CYMBALTA-CYMBALTA.748,forum,cadecv2,ANTIDEPRESSANT,0,forum,test,train,train,calib
cadecv2:CYMBALTA-CYMBALTA.749,forum,cadecv2,ANTIDEPRESSANT,0,forum,test,train,train,calib
cadecv2:CYMBALTA-CYMBALTA.75,forum,cadecv2,ANTIDEPRESSANT,0,forum,test,train,train,calib
cadecv2:CYMBALTA-CYMBALTA.751,forum,cadecv2,ANTIDEPRESSANT,0,forum,test,train,train,calib
cadecv2:CYMBALTA-CYMBALTA.753,forum,cadecv2,ANTIDEPRESSANT,0,forum,test,train,train,calib
cadecv2:CYMBALTA-CYMBALTA.754,forum,cadecv2,ANTIDEPRESSANT,0,forum,test,train,train,calib
cadecv2:CYMBALTA-CYMBALTA.755,forum,cadecv2,ANTIDEPRESSANT,0,forum,test,train,train,calib
cadecv2:CYMBALTA-CYMBALTA.756,forum,cadecv2,ANTIDEPRESSANT,0,forum,test,train,train,calib
cadecv2:CYMBALTA-CYMBALTA.758,forum,cadecv2,ANTIDEPRESSANT,0,forum,test,train,train,calib
cadecv2:CYMBALTA-CYMBALTA.759,forum,cadecv2,ANTIDEPRESSANT,0,forum,test,train,train,calib
cadecv2:CYMBALTA-CYMBALTA.760,forum,cadecv2,ANTIDEPRESSANT,0,forum,test,train,train,calib
cadecv2:CYMBALTA-CYMBALTA.761,forum,cadecv2,ANTIDEPRESSANT,0,forum,test,train,train,calib
cadecv2:CYMBALTA-CYMBALTA.764,forum,cadecv2,ANTIDEPRESSANT,0,forum,test,train,train,calib
cadecv2:CYMBALTA-CYMBALTA.766,forum,cadecv2,ANTIDEPRESSANT,0,forum,test,train,train,calib
cadecv2:CYMBALTA-CYMBALTA.767,forum,cadecv2,ANTIDEPRESSANT,0,forum,test,train,train,calib
cadecv2:CYMBALTA-CYMBALTA.768,forum,cadecv2,ANTIDEPRESSANT,0,forum,test,train,train,calib
cadecv2:CYMBALTA-CYMBALTA.77,forum,cadecv2,ANTIDEPRESSANT,0,forum,test,train,train,calib
cadecv2:CYMBALTA-CYMBALTA.770,forum,cadecv2,ANTIDEPRESSANT,0,forum,test,train,train,calib
cadecv2:CYMBALTA-CYMBALTA.772,forum,cadecv2,ANTIDEPRESSANT,0,forum,test,train,train,calib
cadecv2:CYMBALTA-CYMBALTA.773,forum,cadecv2,ANTIDEPRESSANT,0,forum,test,train,train,calib
cadecv2:CYMBALTA-CYMBALTA.775,forum,cadecv2,ANTIDEPRESSANT,0,forum,test,train,train,calib
cadecv2:CYMBALTA-CYMBALTA.777,forum,cadecv2,ANTIDEPRESSANT,0,forum,test,train,train,calib
cadecv2:CYMBALTA-CYMBALTA.779,forum,cadecv2,ANTIDEPRESSANT,0,forum,test,train,train,calib
cadecv2:CYMBALTA-CYMBALTA.78,forum,cadecv2,ANTIDEPRESSANT,0,forum,test,train,train,calib
cadecv2:CYMBALTA-CYMBALTA.780,forum,cadecv2,ANTIDEPRESSANT,0,forum,test,train,train,calib
cadecv2:CYMBALTA-CYMBALTA.781,forum,cadecv2,ANTIDEPRESSANT,0,forum,test,train,train,calib
cadecv2:CYMBALTA-CYMBALTA.782,forum,cadecv2,ANTIDEPRESSANT,0,forum,test,train,train,calib
cadecv2:CYMBALTA-CYMBALTA.783,forum,cadecv2,ANTIDEPRESSANT,0,forum,test,train,train,calib
cadecv2:CYMBALTA-CYMBALTA.784,forum,cadecv2,ANTIDEPRESSANT,0,forum,test,train,train,calib
cadecv2:CYMBALTA-CYMBALTA.785,forum,cadecv2,ANTIDEPRESSANT,0,forum,test,train,train,calib
cadecv2:CYMBALTA-CYMBALTA.787,forum,cadecv2,ANTIDEPRESSANT,0,forum,test,train,train,calib
cadecv2:CYMBALTA-CYMBALTA.788,forum,cadecv2,ANTIDEPRESSANT,0,forum,test,train,train,calib
cadecv2:CYMBALTA-CYMBALTA.789,forum,cadecv2,ANTIDEPRESSANT,0,forum,test,train,train,calib
cadecv2:CYMBALTA-CYMBALTA.79,forum,cadecv2,ANTIDEPRESSANT,0,forum,test,train,train,calib
cadecv2:CYMBALTA-CYMBALTA.790,forum,cadecv2,ANTIDEPRESSANT,0,forum,test,train,train,calib
cadecv2:CYMBALTA-CYMBALTA.791,forum,cadecv2,ANTIDEPRESSANT,0,forum,test,train,train,calib
cadecv2:CYMBALTA-CYMBALTA.792,forum,cadecv2,ANTIDEPRESSANT,0,forum,test,train,train,calib
cadecv2:CYMBALTA-CYMBALTA.793,forum,cadecv2,ANTIDEPRESSANT,0,forum,test,train,train,calib
cadecv2:CYMBALTA-CYMBALTA.794,forum,cadecv2,ANTIDEPRESSANT,0,forum,test,train,train,calib
cadecv2:CYMBALTA-CYMBALTA.795,forum,cadecv2,ANTIDEPRESSANT,0,forum,test,train,train,calib
cadecv2:CYMBALTA-CYMBALTA.796,forum,cadecv2,ANTIDEPRESSANT,0,forum,test,train,train,calib
cadecv2:CYMBALTA-CYMBALTA.797,forum,cadecv2,ANTIDEPRESSANT,0,forum,test,train,train,calib
cadecv2:CYMBALTA-CYMBALTA.798,forum,cadecv2,ANTIDEPRESSANT,0,forum,test,train,train,calib
cadecv2:CYMBALTA-CYMBALTA.8,forum,cadecv2,ANTIDEPRESSANT,0,forum,test,train,train,calib
cadecv2:CYMBALTA-CYMBALTA.80,forum,cadecv2,ANTIDEPRESSANT,0,forum,test,train,train,calib
cadecv2:CYMBALTA-CYMBALTA.800,forum,cadecv2,ANTIDEPRESSANT,0,forum,test,train,train,calib
cadecv2:CYMBALTA-CYMBALTA.802,forum,cadecv2,ANTIDEPRESSANT,0,forum,test,train,train,calib
cadecv2:CYMBALTA-CYMBALTA.804,forum,cadecv2,ANTIDEPRESSANT,0,forum,test,train,train,calib
cadecv2:CYMBALTA-CYMBALTA.805,forum,cadecv2,ANTIDEPRESSANT,0,forum,test,train,train,calib
cadecv2:CYMBALTA-CYMBALTA.807,forum,cadecv2,ANTIDEPRESSANT,0,forum,test,train,train,calib
cadecv2:CYMBALTA-CYMBALTA.809,forum,cadecv2,ANTIDEPRESSANT,0,forum,test,train,train,calib
cadecv2:CYMBALTA-CYMBALTA.81,forum,cadecv2,ANTIDEPRESSANT,0,forum,test,train,train,calib
cadecv2:CYMBALTA-CYMBALTA.810,forum,cadecv2,ANTIDEPRESSANT,0,forum,test,train,train,calib
cadecv2:CYMBALTA-CYMBALTA.811,forum,cadecv2,ANTIDEPRESSANT,0,forum,test,train,train,calib
cadecv2:CYMBALTA-CYMBALTA.812,forum,cadecv2,ANTIDEPRESSANT,0,forum,test,train,train,calib
cadecv2:CYMBALTA-CYMBALTA.813,forum,cadecv2,ANTIDEPRESSANT,0,forum,test,train,train,calib
cadecv2:CYMBALTA-CYMBALTA.816,forum,cadecv2,ANTIDEPRESSANT,0,forum,test,train,train,calib
cadecv2:CYMBALTA-CYMBALTA.817,forum,cadecv2,ANTIDEPRESSANT,0,forum,test,train,train,calib
cadecv2:CYMBALTA-CYMBALTA.818,forum,cadecv2,ANTIDEPRESSANT,0,forum,test,train,train,calib
cadecv2:CYMBALTA-CYMBALTA.82,forum,cadecv2,ANTIDEPRESSANT,0,forum,test,train,train,calib
cadecv2:CYMBALTA-CYMBALTA.820,forum,cadecv2,ANTIDEPRESSANT,0,forum,test,train,train,calib
cadecv2:CYMBALTA-CYMBALTA.821,forum,cadecv2,ANTIDEPRESSANT,0,forum,test,train,train,calib
cadecv2:CYMBALTA-CYMBALTA.823,forum,cadecv2,ANTIDEPRESSANT,0,forum,test,train,train,calib
cadecv2:CYMBALTA-CYMBALTA.824,forum,cadecv2,ANTIDEPRESSANT,0,forum,test,train,train,calib
cadecv2:CYMBALTA-CYMBALTA.827,forum,cadecv2,ANTIDEPRESSANT,0,forum,test,train,train,calib
cadecv2:CYMBALTA-CYMBALTA.828,forum,cadecv2,ANTIDEPRESSANT,0,forum,test,train,train,calib
cadecv2:CYMBALTA-CYMBALTA.829,forum,cadecv2,ANTIDEPRESSANT,0,forum,test,train,train,calib
cadecv2:CYMBALTA-CYMBALTA.83,forum,cadecv2,ANTIDEPRESSANT,0,forum,test,train,train,calib
cadecv2:CYMBALTA-CYMBALTA.830,forum,cadecv2,ANTIDEPRESSANT,0,forum,test,train,train,calib
cadecv2:CYMBALTA-CYMBALTA.832,forum,cadecv2,ANTIDEPRESSANT,0,forum,test,train,train,calib
cadecv2:CYMBALTA-CYMBALTA.835,forum,cadecv2,ANTIDEPRESSANT,0,forum,test,train,train,calib
cadecv2:CYMBALTA-CYMBALTA.836,forum,cadecv2,ANTIDEPRESSANT,0,forum,test,train,train,calib
cadecv2:CYMBALTA-CYMBALTA.837,forum,cadecv2,ANTIDEPRESSANT,0,forum,test,train,train,calib
cadecv2:CYMBALTA-CYMBALTA.838,forum,cadecv2,ANTIDEPRESSANT,0,forum,test,train,train,calib
cadecv2:CYMBALTA-CYMBALTA.84,forum,cadecv2,ANTIDEPRESSANT,0,forum,test,train,train,calib
cadecv2:CYMBALTA-CYMBALTA.840,forum,cadecv2,ANTIDEPRESSANT,0,forum,test,train,train,calib
cadecv2:CYMBALTA-CYMBALTA.843,forum,cadecv2,ANTIDEPRESSANT,0,forum,test,train,train,calib
cadecv2:CYMBALTA-CYMBALTA.844,forum,cadecv2,ANTIDEPRESSANT,0,forum,test,train,train,calib
cadecv2:CYMBALTA-CYMBALTA.845,forum,cadecv2,ANTIDEPRESSANT,0,forum,test,train,train,calib
cadecv2:CYMBALTA-CYMBALTA.846,forum,cadecv2,ANTIDEPRESSANT,0,forum,test,train,train,calib
cadecv2:CYMBALTA-CYMBALTA.847,forum,cadecv2,ANTIDEPRESSANT,0,forum,test,train,train,calib
cadecv2:CYMBALTA-CYMBALTA.848,forum,cadecv2,ANTIDEPRESSANT,0,forum,test,train,train,calib
cadecv2:CYMBALTA-CYMBALTA.85,forum,cadecv2,ANTIDEPRESSANT,0,forum,test,train,train,calib
cadecv2:CYMBALTA-CYMBALTA.851,forum,cadecv2,ANTIDEPRESSANT,0,forum,test,train,train,calib
cadecv2:CYMBALTA-CYMBALTA.852,forum,cadecv2,ANTIDEPRESSANT,0,forum,test,train,train,calib
cadecv2:CYMBALTA-CYMBALTA.853,forum,cadecv2,ANTIDEPRESSANT,0,forum,test,train,train,calib
cadecv2:CYMBALTA-CYMBALTA.854,forum,cadecv2,ANTIDEPRESSANT,0,forum,test,train,train,calib
cadecv2:CYMBALTA-CYMBALTA.855,forum,cadecv2,ANTIDEPRESSANT,0,forum,test,train,train,calib
cadecv2:CYMBALTA-CYMBALTA.856,forum,cadecv2,ANTIDEPRESSANT,0,forum,test,train,train,calib
cadecv2:CYMBALTA-CYMBALTA.857,forum,cadecv2,ANTIDEPRESSANT,0,forum,test,train,train,calib
cadecv2:CYMBALTA-CYMBALTA.858,forum,cadecv2,ANTIDEPRESSANT,0,forum,test,train,train,calib
cadecv2:CYMBALTA-CYMBALTA.859,forum,cadecv2,ANTIDEPRESSANT,0,forum,test,train,train,calib
cadecv2:CYMBALTA-CYMBALTA.86,forum,cadecv2,ANTIDEPRESSANT,0,forum,test,train,train,calib
cadecv2:CYMBALTA-CYMBALTA.860,forum,cadecv2,ANTIDEPRESSANT,0,forum,test,train,train,calib
cadecv2:CYMBALTA-CYMBALTA.862,forum,cadecv2,ANTIDEPRESSANT,0,forum,test,train,train,calib
cadecv2:CYMBALTA-CYMBALTA.865,forum,cadecv2,ANTIDEPRESSANT,0,forum,test,train,train,calib
cadecv2:CYMBALTA-CYMBALTA.866,forum,cadecv2,ANTIDEPRESSANT,0,forum,test,train,train,calib
cadecv2:CYMBALTA-CYMBALTA.868,forum,cadecv2,ANTIDEPRESSANT,0,forum,test,train,train,calib
cadecv2:CYMBALTA-CYMBALTA.869,forum,cadecv2,ANTIDEPRESSANT,0,forum,test,train,train,calib
cadecv2:CYMBALTA-CYMBALTA.87,forum,cadecv2,ANTIDEPRESSANT,0,forum,test,train,train,calib
cadecv2:CYMBALTA-CYMBALTA.871,forum,cadecv2,ANTIDEPRESSANT,0,forum,test,train,train,calib
cadecv2:CYMBALTA-CYMBALTA.873,forum,cadecv2,ANTIDEPRESSANT,0,forum,test,train,train,calib
cadecv2:CYMBALTA-CYMBALTA.874,forum,cadecv2,ANTIDEPRESSANT,0,forum,test,train,train,calib
cadecv2:CYMBALTA-CYMBALTA.877,forum,cadecv2,ANTIDEPRESSANT,0,forum,test,train,train,calib
cadecv2:CYMBALTA-CYMBALTA.879,forum,cadecv2,ANTIDEPRESSANT,0,forum,test,train,train,calib
cadecv2:CYMBALTA-CYMBALTA.88,forum,cadecv2,ANTIDEPRESSANT,0,forum,test,train,train,calib
cadecv2:CYMBALTA-CYMBALTA.880,forum,cadecv2,ANTIDEPRESSANT,0,forum,test,train,train,calib
cadecv2:CYMBALTA-CYMBALTA.881,forum,cadecv2,ANTIDEPRESSANT,0,forum,test,train,train,calib
cadecv2:CYMBALTA-CYMBALTA.882,forum,cadecv2,ANTIDEPRESSANT,0,forum,test,train,train,calib
cadecv2:CYMBALTA-CYMBALTA.883,forum,cadecv2,ANTIDEPRESSANT,0,forum,test,train,train,calib
cadecv2:CYMBALTA-CYMBALTA.884,forum,cadecv2,ANTIDEPRESSANT,0,forum,test,train,train,calib
cadecv2:CYMBALTA-CYMBALTA.885,forum,cadecv2,ANTIDEPRESSANT,0,forum,test,train,train,calib
cadecv2:CYMBALTA-CYMBALTA.887,forum,cadecv2,ANTIDEPRESSANT,0,forum,test,train,train,calib
cadecv2:CYMBALTA-CYMBALTA.888,forum,cadecv2,ANTIDEPRESSANT,0,forum,test,train,train,calib
cadecv2:CYMBALTA-CYMBALTA.889,forum,cadecv2,ANTIDEPRESSANT,0,forum,test,train,train,calib
cadecv2:CYMBALTA-CYMBALTA.89,forum,cadecv2,ANTIDEPRESSANT,0,forum,test,train,train,calib
cadecv2:CYMBALTA-CYMBALTA.890,forum,cadecv2,ANTIDEPRESSANT,0,forum,test,train,train,calib
cadecv2:CYMBALTA-CYMBALTA.891,forum,cadecv2,ANTIDEPRESSANT,0,forum,test,train,train,calib
cadecv2:CYMBALTA-CYMBALTA.892,forum,cadecv2,ANTIDEPRESSANT,0,forum,test,train,train,calib
cadecv2:CYMBALTA-CYMBALTA.894,forum,cadecv2,ANTIDEPRESSANT,0,forum,test,train,train,calib
cadecv2:CYMBALTA-CYMBALTA.895,forum,cadecv2,ANTIDEPRESSANT,0,forum,test,train,train,calib
cadecv2:CYMBALTA-CYMBALTA.896,forum,cadecv2,ANTIDEPRESSANT,0,forum,test,train,train,calib
cadecv2:CYMBALTA-CYMBALTA.897,forum,cadecv2,ANTIDEPRESSANT,0,forum,test,train,train,calib
cadecv2:CYMBALTA-CYMBALTA.898,forum,cadecv2,ANTIDEPRESSANT,0,forum,test,train,train,calib
cadecv2:CYMBALTA-CYMBALTA.899,forum,cadecv2,ANTIDEPRESSANT,0,forum,test,train,train,calib
cadecv2:CYMBALTA-CYMBALTA.9,forum,cadecv2,ANTIDEPRESSANT,0,forum,test,train,train,calib
cadecv2:CYMBALTA-CYMBALTA.90,forum,cadecv2,ANTIDEPRESSANT,0,forum,test,train,train,calib
cadecv2:CYMBALTA-CYMBALTA.900,forum,cadecv2,ANTIDEPRESSANT,0,forum,test,train,train,calib
cadecv2:CYMBALTA-CYMBALTA.901,forum,cadecv2,ANTIDEPRESSANT,0,forum,test,train,train,calib
cadecv2:CYMBALTA-CYMBALTA.902,forum,cadecv2,ANTIDEPRESSANT,0,forum,test,train,train,calib
cadecv2:CYMBALTA-CYMBALTA.903,forum,cadecv2,ANTIDEPRESSANT,0,forum,test,train,train,calib
cadecv2:CYMBALTA-CYMBALTA.904,forum,cadecv2,ANTIDEPRESSANT,0,forum,test,train,train,calib
cadecv2:CYMBALTA-CYMBALTA.905,forum,cadecv2,ANTIDEPRESSANT,0,forum,test,train,train,calib
cadecv2:CYMBALTA-CYMBALTA.906,forum,cadecv2,ANTIDEPRESSANT,0,forum,test,train,train,calib
cadecv2:CYMBALTA-CYMBALTA.908,forum,cadecv2,ANTIDEPRESSANT,0,forum,test,train,train,calib
cadecv2:CYMBALTA-CYMBALTA.909,forum,cadecv2,ANTIDEPRESSANT,0,forum,test,train,train,calib
cadecv2:CYMBALTA-CYMBALTA.912,forum,cadecv2,ANTIDEPRESSANT,0,forum,test,train,train,calib
cadecv2:CYMBALTA-CYMBALTA.913,forum,cadecv2,ANTIDEPRESSANT,0,forum,test,train,train,calib
cadecv2:CYMBALTA-CYMBALTA.914,forum,cadecv2,ANTIDEPRESSANT,0,forum,test,train,train,calib
cadecv2:CYMBALTA-CYMBALTA.915,forum,cadecv2,ANTIDEPRESSANT,0,forum,test,train,train,calib
cadecv2:CYMBALTA-CYMBALTA.917,forum,cadecv2,ANTIDEPRESSANT,0,forum,test,train,train,calib
cadecv2:CYMBALTA-CYMBALTA.92,forum,cadecv2,ANTIDEPRESSANT,0,forum,test,train,train,calib
cadecv2:CYMBALTA-CYMBALTA.920,forum,cadecv2,ANTIDEPRESSANT,0,forum,test,train,train,calib
cadecv2:CYMBALTA-CYMBALTA.921,forum,cadecv2,ANTIDEPRESSANT,0,forum,test,train,train,calib
cadecv2:CYMBALTA-CYMBALTA.922,forum,cadecv2,ANTIDEPRESSANT,0,forum,test,train,train,calib
cadecv2:CYMBALTA-CYMBALTA.923,forum,cadecv2,ANTIDEPRESSANT,0,forum,test,train,train,calib
cadecv2:CYMBALTA-CYMBALTA.924,forum,cadecv2,ANTIDEPRESSANT,0,forum,test,train,train,calib
cadecv2:CYMBALTA-CYMBALTA.925,forum,cadecv2,ANTIDEPRESSANT,0,forum,test,train,train,calib
cadecv2:CYMBALTA-CYMBALTA.926,forum,cadecv2,ANTIDEPRESSANT,0,forum,test,train,train,calib
cadecv2:CYMBALTA-CYMBALTA.928,forum,cadecv2,ANTIDEPRESSANT,0,forum,test,train,train,calib
cadecv2:CYMBALTA-CYMBALTA.929,forum,cadecv2,ANTIDEPRESSANT,0,forum,test,train,train,calib
cadecv2:CYMBALTA-CYMBALTA.93,forum,cadecv2,ANTIDEPRESSANT,0,forum,test,train,train,calib
cadecv2:CYMBALTA-CYMBALTA.930,forum,cadecv2,ANTIDEPRESSANT,0,forum,test,train,train,calib
cadecv2:CYMBALTA-CYMBALTA.931,forum,cadecv2,ANTIDEPRESSANT,0,forum,test,train,train,calib
cadecv2:CYMBALTA-CYMBALTA.932,forum,cadecv2,ANTIDEPRESSANT,0,forum,test,train,train,calib
cadecv2:CYMBALTA-CYMBALTA.934,forum,cadecv2,ANTIDEPRESSANT,0,forum,test,train,train,calib
cadecv2:CYMBALTA-CYMBALTA.936,forum,cadecv2,ANTIDEPRESSANT,0,forum,test,train,train,calib
cadecv2:CYMBALTA-CYMBALTA.937,forum,cadecv2,ANTIDEPRESSANT,0,forum,test,train,train,calib
cadecv2:CYMBALTA-CYMBALTA.938,forum,cadecv2,ANTIDEPRESSANT,0,forum,test,train,train,calib
cadecv2:CYMBALTA-CYMBALTA.939,forum,cadecv2,ANTIDEPRESSANT,0,forum,test,train,train,calib
cadecv2:CYMBALTA-CYMBALTA.94,forum,cadecv2,ANTIDEPRESSANT,0,forum,test,train,train,calib
cadecv2:CYMBALTA-CYMBALTA.940,forum,cadecv2,ANTIDEPRESSANT,0,forum,test,train,train,calib
cadecv2:CYMBALTA-CYMBALTA.942,forum,cadecv2,ANTIDEPRESSANT,0,forum,test,train,train,calib
cadecv2:CYMBALTA-CYMBALTA.943,forum,cadecv2,ANTIDEPRESSANT,0,forum,test,train,train,calib
cadecv2:CYMBALTA-CYMBALTA.944,forum,cadecv2,ANTIDEPRESSANT,0,forum,test,train,train,calib
cadecv2:CYMBALTA-CYMBALTA.945,forum,cadecv2,ANTIDEPRESSANT,0,forum,test,train,train,calib
cadecv2:CYMBALTA-CYMBALTA.946,forum,cadecv2,ANTIDEPRESSANT,0,forum,test,train,train,calib
cadecv2:CYMBALTA-CYMBALTA.947,forum,cadecv2,ANTIDEPRESSANT,0,forum,test,train,train,calib
cadecv2:CYMBALTA-CYMBALTA.948,forum,cadecv2,ANTIDEPRESSANT,0,forum,test,train,train,calib
cadecv2:CYMBALTA-CYMBALTA.949,forum,cadecv2,ANTIDEPRESSANT,0,forum,test,train,train,calib
cadecv2:CYMBALTA-CYMBALTA.95,forum,cadecv2,ANTIDEPRESSANT,0,forum,test,train,train,calib
cadecv2:CYMBALTA-CYMBALTA.950,forum,cadecv2,ANTIDEPRESSANT,0,forum,test,train,train,calib
cadecv2:CYMBALTA-CYMBALTA.952,forum,cadecv2,ANTIDEPRESSANT,0,forum,test,train,train,calib
cadecv2:CYMBALTA-CYMBALTA.953,forum,cadecv2,ANTIDEPRESSANT,0,forum,test,train,train,calib
cadecv2:CYMBALTA-CYMBALTA.956,forum,cadecv2,ANTIDEPRESSANT,0,forum,test,train,train,calib
cadecv2:CYMBALTA-CYMBALTA.957,forum,cadecv2,ANTIDEPRESSANT,0,forum,test,train,train,calib
cadecv2:CYMBALTA-CYMBALTA.958,forum,cadecv2,ANTIDEPRESSANT,0,forum,test,train,train,calib
cadecv2:CYMBALTA-CYMBALTA.96,forum,cadecv2,ANTIDEPRESSANT,0,forum,test,train,train,calib
cadecv2:CYMBALTA-CYMBALTA.960,forum,cadecv2,ANTIDEPRESSANT,0,forum,test,train,train,calib
cadecv2:CYMBALTA-CYMBALTA.962,forum,cadecv2,ANTIDEPRESSANT,0,forum,test,train,train,calib
cadecv2:CYMBALTA-CYMBALTA.965,forum,cadecv2,ANTIDEPRESSANT,0,forum,test,train,train,calib
cadecv2:CYMBALTA-CYMBALTA.966,forum,cadecv2,ANTIDEPRESSANT,0,forum,test,train,train,calib
cadecv2:CYMBALTA-CYMBALTA.968,forum,cadecv2,ANTIDEPRESSANT,0,forum,test,train,train,calib
cadecv2:CYMBALTA-CYMBALTA.969,forum,cadecv2,ANTIDEPRESSANT,0,forum,test,train,train,calib
cadecv2:CYMBALTA-CYMBALTA.97,forum,cadecv2,ANTIDEPRESSANT,0,forum,test,train,train,calib
cadecv2:CYMBALTA-CYMBALTA.970,forum,cadecv2,ANTIDEPRESSANT,0,forum,test,train,train,calib
cadecv2:CYMBALTA-CYMBALTA.971,forum,cadecv2,ANTIDEPRESSANT,0,forum,test,train,train,calib
cadecv2:CYMBALTA-CYMBALTA.972,forum,cadecv2,ANTIDEPRESSANT,0,forum,test,train,train,calib
cadecv2:CYMBALTA-CYMBALTA.973,forum,cadecv2,ANTIDEPRESSANT,0,forum,test,train,train,calib
cadecv2:CYMBALTA-CYMBALTA.974,forum,cadecv2,ANTIDEPRESSANT,0,forum,test,train,train,calib
cadecv2:CYMBALTA-CYMBALTA.975,forum,cadecv2,ANTIDEPRESSANT,0,forum,test,train,train,calib
cadecv2:CYMBALTA-CYMBALTA.976,forum,cadecv2,ANTIDEPRESSANT,0,forum,test,train,train,calib
cadecv2:CYMBALTA-CYMBALTA.977,forum,cadecv2,ANTIDEPRESSANT,0,forum,test,train,train,calib
cadecv2:CYMBALTA-CYMBALTA.978,forum,cadecv2,ANTIDEPRESSANT,0,forum,test,train,train,calib
cadecv2:CYMBALTA-CYMBALTA.979,forum,cadecv2,ANTIDEPRESSANT,0,forum,test,train,train,calib
cadecv2:CYMBALTA-CYMBALTA.98,forum,cadecv2,ANTIDEPRESSANT,0,forum,test,train,train,calib
cadecv2:CYMBALTA-CYMBALTA.980,forum,cadecv2,ANTIDEPRESSANT,0,forum,test,train,train,calib
cadecv2:CYMBALTA-CYMBALTA.981,forum,cadecv2,ANTIDEPRESSANT,0,forum,test,train,train,calib
cadecv2:CYMBALTA-CYMBALTA.982,forum,cadecv2,ANTIDEPRESSANT,0,forum,test,train,train,calib
cadecv2:CYMBALTA-CYMBALTA.984,forum,cadecv2,ANTIDEPRESSANT,0,forum,test,train,train,calib
cadecv2:CYMBALTA-CYMBALTA.989,forum,cadecv2,ANTIDEPRESSANT,0,forum,test,train,train,calib
cadecv2:CYMBALTA-CYMBALTA.990,forum,cadecv2,ANTIDEPRESSANT,0,forum,test,train,train,calib
cadecv2:CYMBALTA-CYMBALTA.991,forum,cadecv2,ANTIDEPRESSANT,0,forum,test,train,train,calib
cadecv2:CYMBALTA-CYMBALTA.994,forum,cadecv2,ANTIDEPRESSANT,0,forum,test,train,train,calib
cadecv2:CYMBALTA-CYMBALTA.995,forum,cadecv2,ANTIDEPRESSANT,0,forum,test,train,train,calib
cadecv2:CYMBALTA-CYMBALTA.997,forum,cadecv2,ANTIDEPRESSANT,0,forum,test,train,train,calib
cadecv2:CYMBALTA-CYMBALTA.998,forum,cadecv2,ANTIDEPRESSANT,0,forum,test,train,train,calib
cadecv2:CYMBALTA-CYMBALTA.999,forum,cadecv2,ANTIDEPRESSANT,0,forum,test,train,train,calib
cadecv2:DICLOFENAC-ARTHROTEC.1,forum,cadecv2,NSAID,2,forum,train,calib,test,train
cadecv2:DICLOFENAC-ARTHROTEC.10,forum,cadecv2,NSAID,2,forum,train,calib,test,train
cadecv2:DICLOFENAC-ARTHROTEC.101,forum,cadecv2,NSAID,2,forum,train,calib,test,train
cadecv2:DICLOFENAC-ARTHROTEC.102,forum,cadecv2,NSAID,2,forum,train,calib,test,train
cadecv2:DICLOFENAC-ARTHROTEC.103,forum,cadecv2,NSAID,2,forum,train,calib,test,train
cadecv2:DICLOFENAC-ARTHROTEC.104,forum,cadecv2,NSAID,2,forum,train,calib,test,train
cadecv2:DICLOFENAC-ARTHROTEC.105,forum,cadecv2,NSAID,2,forum,train,calib,test,train
cadecv2:DICLOFENAC-ARTHROTEC.106,forum,cadecv2,NSAID,2,forum,train,calib,test,train
cadecv2:DICLOFENAC-ARTHROTEC.108,forum,cadecv2,NSAID,2,forum,train,calib,test,train
cadecv2:DICLOFENAC-ARTHROTEC.109,forum,cadecv2,NSAID,2,forum,train,calib,test,train
cadecv2:DICLOFENAC-ARTHROTEC.111,forum,cadecv2,NSAID,2,forum,train,calib,test,train
cadecv2:DICLOFENAC-ARTHROTEC.112,forum,cadecv2,NSAID,2,forum,train,calib,test,train
cadecv2:DICLOFENAC-ARTHROTEC.113,forum,cadecv2,NSAID,2,forum,train,calib,test,train
cadecv2:DICLOFENAC-ARTHROTEC.114,forum,cadecv2,NSAID,2,forum,train,calib,test,train
cadecv2:DICLOFENAC-ARTHROTEC.115,forum,cadecv2,NSAID,2,forum,train,calib,test,train
cadecv2:DICLOFENAC-ARTHROTEC.118,forum,cadecv2,NSAID,2,forum,train,calib,test,train
cadecv2:DICLOFENAC-ARTHROTEC.119,forum,cadecv2,NSAID,2,forum,train,calib,test,train
cadecv2:DICLOFENAC-ARTHROTEC.12,forum,cadecv2,NSAID,2,forum,train,calib,test,train
cadecv2:DICLOFENAC-ARTHROTEC.121,forum,cadecv2,NSAID,2,forum,train,calib,test,train
cadecv2:DICLOFENAC-ARTHROTEC.124,forum,cadecv2,NSAID,2,forum,train,calib,test,train
cadecv2:DICLOFENAC-ARTHROTEC.125,forum,cadecv2,NSAID,2,forum,train,calib,test,train
cadecv2:DICLOFENAC-ARTHROTEC.128,forum,cadecv2,NSAID,2,forum,train,calib,test,train
cadecv2:DICLOFENAC-ARTHROTEC.13,forum,cadecv2,NSAID,2,forum,train,calib,test,train
cadecv2:DICLOFENAC-ARTHROTEC.130,forum,cadecv2,NSAID,2,forum,train,calib,test,train
cadecv2:DICLOFENAC-ARTHROTEC.132,forum,cadecv2,NSAID,2,forum,train,calib,test,train
cadecv2:DICLOFENAC-ARTHROTEC.133,forum,cadecv2,NSAID,2,forum,train,calib,test,train
cadecv2:DICLOFENAC-ARTHROTEC.134,forum,cadecv2,NSAID,2,forum,train,calib,test,train
cadecv2:DICLOFENAC-ARTHROTEC.135,forum,cadecv2,NSAID,2,forum,train,calib,test,train
cadecv2:DICLOFENAC-ARTHROTEC.136,forum,cadecv2,NSAID,2,forum,train,calib,test,train
cadecv2:DICLOFENAC-ARTHROTEC.137,forum,cadecv2,NSAID,2,forum,train,calib,test,train
cadecv2:DICLOFENAC-ARTHROTEC.138,forum,cadecv2,NSAID,2,forum,train,calib,test,train
cadecv2:DICLOFENAC-ARTHROTEC.139,forum,cadecv2,NSAID,2,forum,train,calib,test,train
cadecv2:DICLOFENAC-ARTHROTEC.14,forum,cadecv2,NSAID,2,forum,train,calib,test,train
cadecv2:DICLOFENAC-ARTHROTEC.140,forum,cadecv2,NSAID,2,forum,train,calib,test,train
cadecv2:DICLOFENAC-ARTHROTEC.141,forum,cadecv2,NSAID,2,forum,train,calib,test,train
cadecv2:DICLOFENAC-ARTHROTEC.143,forum,cadecv2,NSAID,2,forum,train,calib,test,train
cadecv2:DICLOFENAC-ARTHROTEC.144,forum,cadecv2,NSAID,2,forum,train,calib,test,train
cadecv2:DICLOFENAC-ARTHROTEC.146,forum,cadecv2,NSAID,2,forum,train,calib,test,train
cadecv2:DICLOFENAC-ARTHROTEC.147,forum,cadecv2,NSAID,2,forum,train,calib,test,train
cadecv2:DICLOFENAC-ARTHROTEC.148,forum,cadecv2,NSAID,2,forum,train,calib,test,train
cadecv2:DICLOFENAC-ARTHROTEC.149,forum,cadecv2,NSAID,2,forum,train,calib,test,train
cadecv2:DICLOFENAC-ARTHROTEC.15,forum,cadecv2,NSAID,2,forum,train,calib,test,train
cadecv2:DICLOFENAC-ARTHROTEC.16,forum,cadecv2,NSAID,2,forum,train,calib,test,train
cadecv2:DICLOFENAC-ARTHROTEC.17,forum,cadecv2,NSAID,2,forum,train,calib,test,train
cadecv2:DICLOFENAC-ARTHROTEC.18,forum,cadecv2,NSAID,2,forum,train,calib,test,train
cadecv2:DICLOFENAC-ARTHROTEC.2,forum,cadecv2,NSAID,2,forum,train,calib,test,train
cadecv2:DICLOFENAC-ARTHROTEC.22,forum,cadecv2,NSAID,2,forum,train,calib,test,train
cadecv2:DICLOFENAC-ARTHROTEC.23,forum,cadecv2,NSAID,2,forum,train,calib,test,train
cadecv2:DICLOFENAC-ARTHROTEC.24,forum,cadecv2,NSAID,2,forum,train,calib,test,train
cadecv2:DICLOFENAC-ARTHROTEC.25,forum,cadecv2,NSAID,2,forum,train,calib,test,train
cadecv2:DICLOFENAC-ARTHROTEC.26,forum,cadecv2,NSAID,2,forum,train,calib,test,train
cadecv2:DICLOFENAC-ARTHROTEC.27,forum,cadecv2,NSAID,2,forum,train,calib,test,train
cadecv2:DICLOFENAC-ARTHROTEC.28,forum,cadecv2,NSAID,2,forum,train,calib,test,train
cadecv2:DICLOFENAC-ARTHROTEC.29,forum,cadecv2,NSAID,2,forum,train,calib,test,train
cadecv2:DICLOFENAC-ARTHROTEC.3,forum,cadecv2,NSAID,2,forum,train,calib,test,train
cadecv2:DICLOFENAC-ARTHROTEC.30,forum,cadecv2,NSAID,2,forum,train,calib,test,train
cadecv2:DICLOFENAC-ARTHROTEC.31,forum,cadecv2,NSAID,2,forum,train,calib,test,train
cadecv2:DICLOFENAC-ARTHROTEC.32,forum,cadecv2,NSAID,2,forum,train,calib,test,train
cadecv2:DICLOFENAC-ARTHROTEC.35,forum,cadecv2,NSAID,2,forum,train,calib,test,train
cadecv2:DICLOFENAC-ARTHROTEC.37,forum,cadecv2,NSAID,2,forum,train,calib,test,train
cadecv2:DICLOFENAC-ARTHROTEC.38,forum,cadecv2,NSAID,2,forum,train,calib,test,train
cadecv2:DICLOFENAC-ARTHROTEC.39,forum,cadecv2,NSAID,2,forum,train,calib,test,train
cadecv2:DICLOFENAC-ARTHROTEC.4,forum,cadecv2,NSAID,2,forum,train,calib,test,train
cadecv2:DICLOFENAC-ARTHROTEC.41,forum,cadecv2,NSAID,2,forum,train,calib,test,train
cadecv2:DICLOFENAC-ARTHROTEC.42,forum,cadecv2,NSAID,2,forum,train,calib,test,train
cadecv2:DICLOFENAC-ARTHROTEC.43,forum,cadecv2,NSAID,2,forum,train,calib,test,train
cadecv2:DICLOFENAC-ARTHROTEC.44,forum,cadecv2,NSAID,2,forum,train,calib,test,train
cadecv2:DICLOFENAC-ARTHROTEC.46,forum,cadecv2,NSAID,2,forum,train,calib,test,train
cadecv2:DICLOFENAC-ARTHROTEC.47,forum,cadecv2,NSAID,2,forum,train,calib,test,train
cadecv2:DICLOFENAC-ARTHROTEC.48,forum,cadecv2,NSAID,2,forum,train,calib,test,train
cadecv2:DICLOFENAC-ARTHROTEC.49,forum,cadecv2,NSAID,2,forum,train,calib,test,train
cadecv2:DICLOFENAC-ARTHROTEC.5,forum,cadecv2,NSAID,2,forum,train,calib,test,train
cadecv2:DICLOFENAC-ARTHROTEC.50,forum,cadecv2,NSAID,2,forum,train,calib,test,train
cadecv2:DICLOFENAC-ARTHROTEC.51,forum,cadecv2,NSAID,2,forum,train,calib,test,train
cadecv2:DICLOFENAC-ARTHROTEC.52,forum,cadecv2,NSAID,2,forum,train,calib,test,train
cadecv2:DICLOFENAC-ARTHROTEC.53,forum,cadecv2,NSAID,2,forum,train,calib,test,train
cadecv2:DICLOFENAC-ARTHROTEC.56,forum,cadecv2,NSAID,2,forum,train,calib,test,train
cadecv2:DICLOFENAC-ARTHROTEC.57,forum,cadecv2,NSAID,2,forum,train,calib,test,train
cadecv2:DICLOFENAC-ARTHROTEC.58,forum,cadecv2,NSAID,2,forum,train,calib,test,train
cadecv2:DICLOFENAC-ARTHROTEC.6,forum,cadecv2,NSAID,2,forum,train,calib,test,train
cadecv2:DICLOFENAC-ARTHROTEC.61,forum,cadecv2,NSAID,2,forum,train,calib,test,train
cadecv2:DICLOFENAC-ARTHROTEC.63,forum,cadecv2,NSAID,2,forum,train,calib,test,train
cadecv2:DICLOFENAC-ARTHROTEC.64,forum,cadecv2,NSAID,2,forum,train,calib,test,train
cadecv2:DICLOFENAC-ARTHROTEC.66,forum,cadecv2,NSAID,2,forum,train,calib,test,train
cadecv2:DICLOFENAC-ARTHROTEC.67,forum,cadecv2,NSAID,2,forum,train,calib,test,train
cadecv2:DICLOFENAC-ARTHROTEC.68,forum,cadecv2,NSAID,2,forum,train,calib,test,train
cadecv2:DICLOFENAC-ARTHROTEC.69,forum,cadecv2,NSAID,2,forum,train,calib,test,train
cadecv2:DICLOFENAC-ARTHROTEC.7,forum,cadecv2,NSAID,2,forum,train,calib,test,train
cadecv2:DICLOFENAC-ARTHROTEC.70,forum,cadecv2,NSAID,2,forum,train,calib,test,train
cadecv2:DICLOFENAC-ARTHROTEC.71,forum,cadecv2,NSAID,2,forum,train,calib,test,train
cadecv2:DICLOFENAC-ARTHROTEC.72,forum,cadecv2,NSAID,2,forum,train,calib,test,train
cadecv2:DICLOFENAC-ARTHROTEC.73,forum,cadecv2,NSAID,2,forum,train,calib,test,train
cadecv2:DICLOFENAC-ARTHROTEC.74,forum,cadecv2,NSAID,2,forum,train,calib,test,train
cadecv2:DICLOFENAC-ARTHROTEC.76,forum,cadecv2,NSAID,2,forum,train,calib,test,train
cadecv2:DICLOFENAC-ARTHROTEC.77,forum,cadecv2,NSAID,2,forum,train,calib,test,train
cadecv2:DICLOFENAC-ARTHROTEC.79,forum,cadecv2,NSAID,2,forum,train,calib,test,train
cadecv2:DICLOFENAC-ARTHROTEC.8,forum,cadecv2,NSAID,2,forum,train,calib,test,train
cadecv2:DICLOFENAC-ARTHROTEC.80,forum,cadecv2,NSAID,2,forum,train,calib,test,train
cadecv2:DICLOFENAC-ARTHROTEC.81,forum,cadecv2,NSAID,2,forum,train,calib,test,train
cadecv2:DICLOFENAC-ARTHROTEC.83,forum,cadecv2,NSAID,2,forum,train,calib,test,train
cadecv2:DICLOFENAC-ARTHROTEC.84,forum,cadecv2,NSAID,2,forum,train,calib,test,train
cadecv2:DICLOFENAC-ARTHROTEC.85,forum,cadecv2,NSAID,2,forum,train,calib,test,train
cadecv2:DICLOFENAC-ARTHROTEC.86,forum,cadecv2,NSAID,2,forum,train,calib,test,train
cadecv2:DICLOFENAC-ARTHROTEC.87,forum,cadecv2,NSAID,2,forum,train,calib,test,train
cadecv2:DICLOFENAC-ARTHROTEC.88,forum,cadecv2,NSAID,2,forum,train,calib,test,train
cadecv2:DICLOFENAC-ARTHROTEC.89,forum,cadecv2,NSAID,2,forum,train,calib,test,train
cadecv2:DICLOFENAC-ARTHROTEC.9,forum,cadecv2,NSAID,2,forum,train,calib,test,train
cadecv2:DICLOFENAC-ARTHROTEC.90,forum,cadecv2,NSAID,2,forum,train,calib,test,train
cadecv2:DICLOFENAC-ARTHROTEC.91,forum,cadecv2,NSAID,2,forum,train,calib,test,train
cadecv2:DICLOFENAC-ARTHROTEC.92,forum,cadecv2,NSAID,2,forum,train,calib,test,train
cadecv2:DICLOFENAC-ARTHROTEC.93,forum,cadecv2,NSAID,2,forum,train,calib,test,train
cadecv2:DICLOFENAC-ARTHROTEC.95,forum,cadecv2,NSAID,2,forum,train,calib,test,train
cadecv2:DICLOFENAC-ARTHROTEC.96,forum,cadecv2,NSAID,2,forum,train,calib,test,train
cadecv2:DICLOFENAC-ARTHROTEC.97,forum,cadecv2,NSAID,2,forum,train,calib,test,train
cadecv2:DICLOFENAC-ARTHROTEC.98,forum,cadecv2,NSAID,2,forum,train,calib,test,train
cadecv2:DICLOFENAC-CAMBIA.1,forum,cadecv2,NSAID,2,forum,train,calib,test,train
cadecv2:DICLOFENAC-CAMBIA.2,forum,cadecv2,NSAID,2,forum,train,calib,test,train
cadecv2:DICLOFENAC-CAMBIA.3,forum,cadecv2,NSAID,2,forum,train,calib,test,train
cadecv2:DICLOFENAC-CAMBIA.4,forum,cadecv2,NSAID,2,forum,train,calib,test,train
cadecv2:DICLOFENAC-CATAFLAM.1,forum,cadecv2,NSAID,2,forum,train,calib,test,train
cadecv2:DICLOFENAC-CATAFLAM.10,forum,cadecv2,NSAID,2,forum,train,calib,test,train
cadecv2:DICLOFENAC-CATAFLAM.2,forum,cadecv2,NSAID,2,forum,train,calib,test,train
cadecv2:DICLOFENAC-CATAFLAM.3,forum,cadecv2,NSAID,2,forum,train,calib,test,train
cadecv2:DICLOFENAC-CATAFLAM.4,forum,cadecv2,NSAID,2,forum,train,calib,test,train
cadecv2:DICLOFENAC-CATAFLAM.5,forum,cadecv2,NSAID,2,forum,train,calib,test,train
cadecv2:DICLOFENAC-CATAFLAM.6,forum,cadecv2,NSAID,2,forum,train,calib,test,train
cadecv2:DICLOFENAC-CATAFLAM.8,forum,cadecv2,NSAID,2,forum,train,calib,test,train
cadecv2:DICLOFENAC-CATAFLAM.9,forum,cadecv2,NSAID,2,forum,train,calib,test,train
cadecv2:DICLOFENAC-DICLOFENACPOTASSIUM.1,forum,cadecv2,NSAID,2,forum,train,calib,test,train
cadecv2:DICLOFENAC-DICLOFENACPOTASSIUM.3,forum,cadecv2,NSAID,2,forum,train,calib,test,train
cadecv2:DICLOFENAC-DICLOFENACSODIUM.1,forum,cadecv2,NSAID,2,forum,train,calib,test,train
cadecv2:DICLOFENAC-DICLOFENACSODIUM.2,forum,cadecv2,NSAID,2,forum,train,calib,test,train
cadecv2:DICLOFENAC-DICLOFENACSODIUM.4,forum,cadecv2,NSAID,2,forum,train,calib,test,train
cadecv2:DICLOFENAC-DICLOFENACSODIUM.5,forum,cadecv2,NSAID,2,forum,train,calib,test,train
cadecv2:DICLOFENAC-DICLOFENACSODIUM.6,forum,cadecv2,NSAID,2,forum,train,calib,test,train
cadecv2:DICLOFENAC-DICLOFENACSODIUM.7,forum,cadecv2,NSAID,2,forum,train,calib,test,train
cadecv2:DICLOFENAC-FLECTOR.1,forum,cadecv2,NSAID,2,forum,train,calib,test,train
cadecv2:DICLOFENAC-PENNSAID.1,forum,cadecv2,NSAID,2,forum,train,calib,test,train
cadecv2:DICLOFENAC-PENNSAID.2,forum,cadecv2,NSAID,2,forum,train,calib,test,train
cadecv2:DICLOFENAC-PENNSAID.3,forum,cadecv2,NSAID,2,forum,train,calib,test,train
cadecv2:DICLOFENAC-PENNSAID.4,forum,cadecv2,NSAID,2,forum,train,calib,test,train
cadecv2:DICLOFENAC-SOLARAZE.1,forum,cadecv2,NSAID,2,forum,train,calib,test,train
cadecv2:DICLOFENAC-SOLARAZE.2,forum,cadecv2,NSAID,2,forum,train,calib,test,train
cadecv2:DICLOFENAC-SOLARAZE.3,forum,cadecv2,NSAID,2,forum,train,calib,test,train
cadecv2:DICLOFENAC-VOLTAREN-XR.1,forum,cadecv2,NSAID,2,forum,train,calib,test,train
cadecv2:DICLOFENAC-VOLTAREN-XR.10,forum,cadecv2,NSAID,2,forum,train,calib,test,train
cadecv2:DICLOFENAC-VOLTAREN-XR.11,forum,cadecv2,NSAID,2,forum,train,calib,test,train
cadecv2:DICLOFENAC-VOLTAREN-XR.12,forum,cadecv2,NSAID,2,forum,train,calib,test,train
cadecv2:DICLOFENAC-VOLTAREN-XR.14,forum,cadecv2,NSAID,2,forum,train,calib,test,train
cadecv2:DICLOFENAC-VOLTAREN-XR.15,forum,cadecv2,NSAID,2,forum,train,calib,test,train
cadecv2:DICLOFENAC-VOLTAREN-XR.16,forum,cadecv2,NSAID,2,forum,train,calib,test,train
cadecv2:DICLOFENAC-VOLTAREN-XR.17,forum,cadecv2,NSAID,2,forum,train,calib,test,train
cadecv2:DICLOFENAC-VOLTAREN-XR.18,forum,cadecv2,NSAID,2,forum,train,calib,test,train
cadecv2:DICLOFENAC-VOLTAREN-XR.19,forum,cadecv2,NSAID,2,forum,train,calib,test,train
cadecv2:DICLOFENAC-VOLTAREN-XR.2,forum,cadecv2,NSAID,2,forum,train,calib,test,train
cadecv2:DICLOFENAC-VOLTAREN-XR.3,forum,cadecv2,NSAID,2,forum,train,calib,test,train
cadecv2:DICLOFENAC-VOLTAREN-XR.4,forum,cadecv2,NSAID,2,forum,train,calib,test,train
cadecv2:DICLOFENAC-VOLTAREN-XR.6,forum,cadecv2,NSAID,2,forum,train,calib,test,train
cadecv2:DICLOFENAC-VOLTAREN-XR.8,forum,cadecv2,NSAID,2,forum,train,calib,test,train
cadecv2:DICLOFENAC-VOLTAREN.1,forum,cadecv2,NSAID,2,forum,train,calib,test,train
cadecv2:DICLOFENAC-VOLTAREN.10,forum,cadecv2,NSAID,2,forum,train,calib,test,train
cadecv2:DICLOFENAC-VOLTAREN.11,forum,cadecv2,NSAID,2,forum,train,calib,test,train
cadecv2:DICLOFENAC-VOLTAREN.12,forum,cadecv2,NSAID,2,forum,train,calib,test,train
cadecv2:DICLOFENAC-VOLTAREN.13,forum,cadecv2,NSAID,2,forum,train,calib,test,train
cadecv2:DICLOFENAC-VOLTAREN.14,forum,cadecv2,NSAID,2,forum,train,calib,test,train
cadecv2:DICLOFENAC-VOLTAREN.16,forum,cadecv2,NSAID,2,forum,train,calib,test,train
cadecv2:DICLOFENAC-VOLTAREN.17,forum,cadecv2,NSAID,2,forum,train,calib,test,train
cadecv2:DICLOFENAC-VOLTAREN.18,forum,cadecv2,NSAID,2,forum,train,calib,test,train
cadecv2:DICLOFENAC-VOLTAREN.19,forum,cadecv2,NSAID,2,forum,train,calib,test,train
cadecv2:DICLOFENAC-VOLTAREN.2,forum,cadecv2,NSAID,2,forum,train,calib,test,train
cadecv2:DICLOFENAC-VOLTAREN.20,forum,cadecv2,NSAID,2,forum,train,calib,test,train
cadecv2:DICLOFENAC-VOLTAREN.21,forum,cadecv2,NSAID,2,forum,train,calib,test,train
cadecv2:DICLOFENAC-VOLTAREN.22,forum,cadecv2,NSAID,2,forum,train,calib,test,train
cadecv2:DICLOFENAC-VOLTAREN.23,forum,cadecv2,NSAID,2,forum,train,calib,test,train
cadecv2:DICLOFENAC-VOLTAREN.24,forum,cadecv2,NSAID,2,forum,train,calib,test,train
cadecv2:DICLOFENAC-VOLTAREN.25,forum,cadecv2,NSAID,2,forum,train,calib,test,train
cadecv2:DICLOFENAC-VOLTAREN.26,forum,cadecv2,NSAID,2,forum,train,calib,test,train
cadecv2:DICLOFENAC-VOLTAREN.27,forum,cadecv2,NSAID,2,forum,train,calib,test,train
cadecv2:DICLOFENAC-VOLTAREN.28,forum,cadecv2,NSAID,2,forum,train,calib,test,train
cadecv2:DICLOFENAC-VOLTAREN.29,forum,cadecv2,NSAID,2,forum,train,calib,test,train
cadecv2:DICLOFENAC-VOLTAREN.3,forum,cadecv2,NSAID,2,forum,train,calib,test,train
cadecv2:DICLOFENAC-VOLTAREN.31,forum,cadecv2,NSAID,2,forum,train,calib,test,train
cadecv2:DICLOFENAC-VOLTAREN.32,forum,cadecv2,NSAID,2,forum,train,calib,test,train
cadecv2:DICLOFENAC-VOLTAREN.33,forum,cadecv2,NSAID,2,forum,train,calib,test,train
cadecv2:DICLOFENAC-VOLTAREN.34,forum,cadecv2,NSAID,2,forum,train,calib,test,train
cadecv2:DICLOFENAC-VOLTAREN.35,forum,cadecv2,NSAID,2,forum,train,calib,test,train
cadecv2:DICLOFENAC-VOLTAREN.36,forum,cadecv2,NSAID,2,forum,train,calib,test,train
cadecv2:DICLOFENAC-VOLTAREN.37,forum,cadecv2,NSAID,2,forum,train,calib,test,train
cadecv2:DICLOFENAC-VOLTAREN.38,forum,cadecv2,NSAID,2,forum,train,calib,test,train
cadecv2:DICLOFENAC-VOLTAREN.39,forum,cadecv2,NSAID,2,forum,train,calib,test,train
cadecv2:DICLOFENAC-VOLTAREN.4,forum,cadecv2,NSAID,2,forum,train,calib,test,train
cadecv2:DICLOFENAC-VOLTAREN.40,forum,cadecv2,NSAID,2,forum,train,calib,test,train
cadecv2:DICLOFENAC-VOLTAREN.43,forum,cadecv2,NSAID,2,forum,train,calib,test,train
cadecv2:DICLOFENAC-VOLTAREN.44,forum,cadecv2,NSAID,2,forum,train,calib,test,train
cadecv2:DICLOFENAC-VOLTAREN.46,forum,cadecv2,NSAID,2,forum,train,calib,test,train
cadecv2:DICLOFENAC-VOLTAREN.5,forum,cadecv2,NSAID,2,forum,train,calib,test,train
cadecv2:DICLOFENAC-VOLTAREN.6,forum,cadecv2,NSAID,2,forum,train,calib,test,train
cadecv2:DICLOFENAC-VOLTAREN.7,forum,cadecv2,NSAID,2,forum,train,calib,test,train
cadecv2:DICLOFENAC-VOLTAREN.8,forum,cadecv2,NSAID,2,forum,train,calib,test,train
cadecv2:DICLOFENAC-ZIPSOR.1,forum,cadecv2,NSAID,2,forum,train,calib,test,train
cadecv2:DICLOFENAC-ZIPSOR.3,forum,cadecv2,NSAID,2,forum,train,calib,test,train
cadecv2:DICLOFENAC-ZIPSOR.4,forum,cadecv2,NSAID,2,forum,train,calib,test,train
cadecv2:DICLOFENAC-ZIPSOR.5,forum,cadecv2,NSAID,2,forum,train,calib,test,train
cadecv2:NEXIUM-NEXIUM.1,forum,cadecv2,ACID_RELATED,1,forum,calib,test,train,train
cadecv2:NEXIUM-NEXIUM.10,forum,cadecv2,ACID_RELATED,1,forum,calib,test,train,train
cadecv2:NEXIUM-NEXIUM.100,forum,cadecv2,ACID_RELATED,1,forum,calib,test,train,train
cadecv2:NEXIUM-NEXIUM.101,forum,cadecv2,ACID_RELATED,1,forum,calib,test,train,train
cadecv2:NEXIUM-NEXIUM.102,forum,cadecv2,ACID_RELATED,1,forum,calib,test,train,train
cadecv2:NEXIUM-NEXIUM.103,forum,cadecv2,ACID_RELATED,1,forum,calib,test,train,train
cadecv2:NEXIUM-NEXIUM.106,forum,cadecv2,ACID_RELATED,1,forum,calib,test,train,train
cadecv2:NEXIUM-NEXIUM.108,forum,cadecv2,ACID_RELATED,1,forum,calib,test,train,train
cadecv2:NEXIUM-NEXIUM.11,forum,cadecv2,ACID_RELATED,1,forum,calib,test,train,train
cadecv2:NEXIUM-NEXIUM.110,forum,cadecv2,ACID_RELATED,1,forum,calib,test,train,train
cadecv2:NEXIUM-NEXIUM.111,forum,cadecv2,ACID_RELATED,1,forum,calib,test,train,train
cadecv2:NEXIUM-NEXIUM.113,forum,cadecv2,ACID_RELATED,1,forum,calib,test,train,train
cadecv2:NEXIUM-NEXIUM.114,forum,cadecv2,ACID_RELATED,1,forum,calib,test,train,train
cadecv2:NEXIUM-NEXIUM.115,forum,cadecv2,ACID_RELATED,1,forum,calib,test,train,train
cadecv2:NEXIUM-NEXIUM.116,forum,cadecv2,ACID_RELATED,1,forum,calib,test,train,train
cadecv2:NEXIUM-NEXIUM.118,forum,cadecv2,ACID_RELATED,1,forum,calib,test,train,train
cadecv2:NEXIUM-NEXIUM.119,forum,cadecv2,ACID_RELATED,1,forum,calib,test,train,train
cadecv2:NEXIUM-NEXIUM.120,forum,cadecv2,ACID_RELATED,1,forum,calib,test,train,train
cadecv2:NEXIUM-NEXIUM.122,forum,cadecv2,ACID_RELATED,1,forum,calib,test,train,train
cadecv2:NEXIUM-NEXIUM.123,forum,cadecv2,ACID_RELATED,1,forum,calib,test,train,train
cadecv2:NEXIUM-NEXIUM.125,forum,cadecv2,ACID_RELATED,1,forum,calib,test,train,train
cadecv2:NEXIUM-NEXIUM.126,forum,cadecv2,ACID_RELATED,1,forum,calib,test,train,train
cadecv2:NEXIUM-NEXIUM.127,forum,cadecv2,ACID_RELATED,1,forum,calib,test,train,train
cadecv2:NEXIUM-NEXIUM.128,forum,cadecv2,ACID_RELATED,1,forum,calib,test,train,train
cadecv2:NEXIUM-NEXIUM.129,forum,cadecv2,ACID_RELATED,1,forum,calib,test,train,train
cadecv2:NEXIUM-NEXIUM.13,forum,cadecv2,ACID_RELATED,1,forum,calib,test,train,train
cadecv2:NEXIUM-NEXIUM.133,forum,cadecv2,ACID_RELATED,1,forum,calib,test,train,train
cadecv2:NEXIUM-NEXIUM.134,forum,cadecv2,ACID_RELATED,1,forum,calib,test,train,train
cadecv2:NEXIUM-NEXIUM.135,forum,cadecv2,ACID_RELATED,1,forum,calib,test,train,train
cadecv2:NEXIUM-NEXIUM.136,forum,cadecv2,ACID_RELATED,1,forum,calib,test,train,train
cadecv2:NEXIUM-NEXIUM.137,forum,cadecv2,ACID_RELATED,1,forum,calib,test,train,train
cadecv2:NEXIUM-NEXIUM.138,forum,cadecv2,ACID_RELATED,1,forum,calib,test,train,train
cadecv2:NEXIUM-NEXIUM.139,forum,cadecv2,ACID_RELATED,1,forum,calib,test,train,train
cadecv2:NEXIUM-NEXIUM.14,forum,cadecv2,ACID_RELATED,1,forum,calib,test,train,train
cadecv2:NEXIUM-NEXIUM.142,forum,cadecv2,ACID_RELATED,1,forum,calib,test,train,train
cadecv2:NEXIUM-NEXIUM.143,forum,cadecv2,ACID_RELATED,1,forum,calib,test,train,train
cadecv2:NEXIUM-NEXIUM.145,forum,cadecv2,ACID_RELATED,1,forum,calib,test,train,train
cadecv2:NEXIUM-NEXIUM.146,forum,cadecv2,ACID_RELATED,1,forum,calib,test,train,train
cadecv2:NEXIUM-NEXIUM.147,forum,cadecv2,ACID_RELATED,1,forum,calib,test,train,train
cadecv2:NEXIUM-NEXIUM.148,forum,cadecv2,ACID_RELATED,1,forum,calib,test,train,train
cadecv2:NEXIUM-NEXIUM.149,forum,cadecv2,ACID_RELATED,1,forum,calib,test,train,train
cadecv2:NEXIUM-NEXIUM.15,forum,cadecv2,ACID_RELATED,1,forum,calib,test,train,train
cadecv2:NEXIUM-NEXIUM.152,forum,cadecv2,ACID_RELATED,1,forum,calib,test,train,train
cadecv2:NEXIUM-NEXIUM.153,forum,cadecv2,ACID_RELATED,1,forum,calib,test,train,train
cadecv2:NEXIUM-NEXIUM.155,forum,cadecv2,ACID_RELATED,1,forum,calib,test,train,train
cadecv2:NEXIUM-NEXIUM.156,forum,cadecv2,ACID_RELATED,1,forum,calib,test,train,train
cadecv2:NEXIUM-NEXIUM.157,forum,cadecv2,ACID_RELATED,1,forum,calib,test,train,train
cadecv2:NEXIUM-NEXIUM.158,forum,cadecv2,ACID_RELATED,1,forum,calib,test,train,train
cadecv2:NEXIUM-NEXIUM.159,forum,cadecv2,ACID_RELATED,1,forum,calib,test,train,train
cadecv2:NEXIUM-NEXIUM.161,forum,cadecv2,ACID_RELATED,1,forum,calib,test,train,train
cadecv2:NEXIUM-NEXIUM.162,forum,cadecv2,ACID_RELATED,1,forum,calib,test,train,train
cadecv2:NEXIUM-NEXIUM.163,forum,cadecv2,ACID_RELATED,1,forum,calib,test,train,train
cadecv2:NEXIUM-NEXIUM.165,forum,cadecv2,ACID_RELATED,1,forum,calib,test,train,train
cadecv2:NEXIUM-NEXIUM.167,forum,cadecv2,ACID_RELATED,1,forum,calib,test,train,train
cadecv2:NEXIUM-NEXIUM.168,forum,cadecv2,ACID_RELATED,1,forum,calib,test,train,train
cadecv2:NEXIUM-NEXIUM.169,forum,cadecv2,ACID_RELATED,1,forum,calib,test,train,train
cadecv2:NEXIUM-NEXIUM.17,forum,cadecv2,ACID_RELATED,1,forum,calib,test,train,train
cadecv2:NEXIUM-NEXIUM.170,forum,cadecv2,ACID_RELATED,1,forum,calib,test,train,train
cadecv2:NEXIUM-NEXIUM.171,forum,cadecv2,ACID_RELATED,1,forum,calib,test,train,train
cadecv2:NEXIUM-NEXIUM.172,forum,cadecv2,ACID_RELATED,1,forum,calib,test,train,train
cadecv2:NEXIUM-NEXIUM.173,forum,cadecv2,ACID_RELATED,1,forum,calib,test,train,train
cadecv2:NEXIUM-NEXIUM.174,forum,cadecv2,ACID_RELATED,1,forum,calib,test,train,train
cadecv2:NEXIUM-NEXIUM.175,forum,cadecv2,ACID_RELATED,1,forum,calib,test,train,train
cadecv2:NEXIUM-NEXIUM.176,forum,cadecv2,ACID_RELATED,1,forum,calib,test,train,train
cadecv2:NEXIUM-NEXIUM.177,forum,cadecv2,ACID_RELATED,1,forum,calib,test,train,train
cadecv2:NEXIUM-NEXIUM.178,forum,cadecv2,ACID_RELATED,1,forum,calib,test,train,train
cadecv2:NEXIUM-NEXIUM.18,forum,cadecv2,ACID_RELATED,1,forum,calib,test,train,train
cadecv2:NEXIUM-NEXIUM.180,forum,cadecv2,ACID_RELATED,1,forum,calib,test,train,train
cadecv2:NEXIUM-NEXIUM.181,forum,cadecv2,ACID_RELATED,1,forum,calib,test,train,train
cadecv2:NEXIUM-NEXIUM.182,forum,cadecv2,ACID_RELATED,1,forum,calib,test,train,train
cadecv2:NEXIUM-NEXIUM.183,forum,cadecv2,ACID_RELATED,1,forum,calib,test,train,train
cadecv2:NEXIUM-NEXIUM.184,forum,cadecv2,ACID_RELATED,1,forum,calib,test,train,train
cadecv2:NEXIUM-NEXIUM.186,forum,cadecv2,ACID_RELATED,1,forum,calib,test,train,train
cadecv2:NEXIUM-NEXIUM.189,forum,cadecv2,ACID_RELATED,1,forum,calib,test,train,train
cadecv2:NEXIUM-NEXIUM.190,forum,cadecv2,ACID_RELATED,1,forum,calib,test,train,train
cadecv2:NEXIUM-NEXIUM.191,forum,cadecv2,ACID_RELATED,1,forum,calib,test,train,train
cadecv2:NEXIUM-NEXIUM.193,forum,cadecv2,ACID_RELATED,1,forum,calib,test,train,train
cadecv2:NEXIUM-NEXIUM.194,forum,cadecv2,ACID_RELATED,1,forum,calib,test,train,train
cadecv2:NEXIUM-NEXIUM.195,forum,cadecv2,ACID_RELATED,1,forum,calib,test,train,train
cadecv2:NEXIUM-NEXIUM.196,forum,cadecv2,ACID_RELATED,1,forum,calib,test,train,train
cadecv2:NEXIUM-NEXIUM.197,forum,cadecv2,ACID_RELATED,1,forum,calib,test,train,train
cadecv2:NEXIUM-NEXIUM.198,forum,cadecv2,ACID_RELATED,1,forum,calib,test,train,train
cadecv2:NEXIUM-NEXIUM.199,forum,cadecv2,ACID_RELATED,1,forum,calib,test,train,train
cadecv2:NEXIUM-NEXIUM.2,forum,cadecv2,ACID_RELATED,1,forum,calib,test,train,train
cadecv2:NEXIUM-NEXIUM.20,forum,cadecv2,ACID_RELATED,1,forum,calib,test,train,train
cadecv2:NEXIUM-NEXIUM.200,forum,cadecv2,ACID_RELATED,1,forum,calib,test,train,train
cadecv2:NEXIUM-NEXIUM.201,forum,cadecv2,ACID_RELATED,1,forum,calib,test,train,train
cadecv2:NEXIUM-NEXIUM.202,forum,cadecv2,ACID_RELATED,1,forum,calib,test,train,train
cadecv2:NEXIUM-NEXIUM.203,forum,cadecv2,ACID_RELATED,1,forum,calib,test,train,train
cadecv2:NEXIUM-NEXIUM.204,forum,cadecv2,ACID_RELATED,1,forum,calib,test,train,train
cadecv2:NEXIUM-NEXIUM.205,forum,cadecv2,ACID_RELATED,1,forum,calib,test,train,train
cadecv2:NEXIUM-NEXIUM.206,forum,cadecv2,ACID_RELATED,1,forum,calib,test,train,train
cadecv2:NEXIUM-NEXIUM.207,forum,cadecv2,ACID_RELATED,1,forum,calib,test,train,train
cadecv2:NEXIUM-NEXIUM.210,forum,cadecv2,ACID_RELATED,1,forum,calib,test,train,train
cadecv2:NEXIUM-NEXIUM.212,forum,cadecv2,ACID_RELATED,1,forum,calib,test,train,train
cadecv2:NEXIUM-NEXIUM.213,forum,cadecv2,ACID_RELATED,1,forum,calib,test,train,train
cadecv2:NEXIUM-NEXIUM.214,forum,cadecv2,ACID_RELATED,1,forum,calib,test,train,train
cadecv2:NEXIUM-NEXIUM.215,forum,cadecv2,ACID_RELATED,1,forum,calib,test,train,train
cadecv2:NEXIUM-NEXIUM.216,forum,cadecv2,ACID_RELATED,1,forum,calib,test,train,train
cadecv2:NEXIUM-NEXIUM.217,forum,cadecv2,ACID_RELATED,1,forum,calib,test,train,train
cadecv2:NEXIUM-NEXIUM.218,forum,cadecv2,ACID_RELATED,1,forum,calib,test,train,train
cadecv2:NEXIUM-NEXIUM.219,forum,cadecv2,ACID_RELATED,1,forum,calib,test,train,train
cadecv2:NEXIUM-NEXIUM.22,forum,cadecv2,ACID_RELATED,1,forum,calib,test,train,train
cadecv2:NEXIUM-NEXIUM.220,forum,cadecv2,ACID_RELATED,1,forum,calib,test,train,train
cadecv2:NEXIUM-NEXIUM.221,forum,cadecv2,ACID_RELATED,1,forum,calib,test,train,train
cadecv2:NEXIUM-NEXIUM.223,forum,cadecv2,ACID_RELATED,1,forum,calib,test,train,train
cadecv2:NEXIUM-NEXIUM.224,forum,cadecv2,ACID_RELATED,1,forum,calib,test,train,train
cadecv2:NEXIUM-NEXIUM.225,forum,cadecv2,ACID_RELATED,1,forum,calib,test,train,train
cadecv2:NEXIUM-NEXIUM.226,forum,cadecv2,ACID_RELATED,1,forum,calib,test,train,train
cadecv2:NEXIUM-NEXIUM.227,forum,cadecv2,ACID_RELATED,1,forum,calib,test,train,train
cadecv2:NEXIUM-NEXIUM.229,forum,cadecv2,ACID_RELATED,1,forum,calib,test,train,train
cadecv2:NEXIUM-NEXIUM.23,forum,cadecv2,ACID_RELATED,1,forum,calib,test,train,train
cadecv2:NEXIUM-NEXIUM.230,forum,cadecv2,ACID_RELATED,1,forum,calib,test,train,train
cadecv2:NEXIUM-NEXIUM.232,forum,cadecv2,ACID_RELATED,1,forum,calib,test,train,train
cadecv2:NEXIUM-NEXIUM.233,forum,cadecv2,ACID_RELATED,1,forum,calib,test,train,train
cadecv2:NEXIUM-NEXIUM.235,forum,cadecv2,ACID_RELATED,1,forum,calib,test,train,train
cadecv2:NEXIUM-NEXIUM.238,forum,cadecv2,ACID_RELATED,1,forum,calib,test,train,train
cadecv2:NEXIUM-NEXIUM.24,forum,cadecv2,ACID_RELATED,1,forum,calib,test,train,train
cadecv2:NEXIUM-NEXIUM.240,forum,cadecv2,ACID_RELATED,1,forum,calib,test,train,train
cadecv2:NEXIUM-NEXIUM.241,forum,cadecv2,ACID_RELATED,1,forum,calib,test,train,train
cadecv2:NEXIUM-NEXIUM.245,forum,cadecv2,ACID_RELATED,1,forum,calib,test,train,train
cadecv2:NEXIUM-NEXIUM.246,forum,cadecv2,ACID_RELATED,1,forum,calib,test,train,train
cadecv2:NEXIUM-NEXIUM.247,forum,cadecv2,ACID_RELATED,1,forum,calib,test,train,train
cadecv2:NEXIUM-NEXIUM.248,forum,cadecv2,ACID_RELATED,1,forum,calib,test,train,train
cadecv2:NEXIUM-NEXIUM.249,forum,cadecv2,ACID_RELATED,1,forum,calib,test,train,train
cadecv2:NEXIUM-NEXIUM.25,forum,cadecv2,ACID_RELATED,1,forum,calib,test,train,train
cadecv2:NEXIUM-NEXIUM.252,forum,cadecv2,ACID_RELATED,1,forum,calib,test,train,train
cadecv2:NEXIUM-NEXIUM.253,forum,cadecv2,ACID_RELATED,1,forum,calib,test,train,train
cadecv2:NEXIUM-NEXIUM.254,forum,cadecv2,ACID_RELATED,1,forum,calib,test,train,train
cadecv2:NEXIUM-NEXIUM.256,forum,cadecv2,ACID_RELATED,1,forum,calib,test,train,train
cadecv2:NEXIUM-NEXIUM.257,forum,cadecv2,ACID_RELATED,1,forum,calib,test,train,train
cadecv2:NEXIUM-NEXIUM.258,forum,cadecv2,ACID_RELATED,1,forum,calib,test,train,train
cadecv2:NEXIUM-NEXIUM.259,forum,cadecv2,ACID_RELATED,1,forum,calib,test,train,train
cadecv2:NEXIUM-NEXIUM.260,forum,cadecv2,ACID_RELATED,1,forum,calib,test,train,train
cadecv2:NEXIUM-NEXIUM.261,forum,cadecv2,ACID_RELATED,1,forum,calib,test,train,train
cadecv2:NEXIUM-NEXIUM.263,forum,cadecv2,ACID_RELATED,1,forum,calib,test,train,train
cadecv2:NEXIUM-NEXIUM.264,forum,cadecv2,ACID_RELATED,1,forum,calib,test,train,train
cadecv2:NEXIUM-NEXIUM.265,forum,cadecv2,ACID_RELATED,1,forum,calib,test,train,train
cadecv2:NEXIUM-NEXIUM.266,forum,cadecv2,ACID_RELATED,1,forum,calib,test,train,train
cadecv2:NEXIUM-NEXIUM.267,forum,cadecv2,ACID_RELATED,1,forum,calib,test,train,train
cadecv2:NEXIUM-NEXIUM.268,forum,cadecv2,ACID_RELATED,1,forum,calib,test,train,train
cadecv2:NEXIUM-NEXIUM.269,forum,cadecv2,ACID_RELATED,1,forum,calib,test,train,train
cadecv2:NEXIUM-NEXIUM.27,forum,cadecv2,ACID_RELATED,1,forum,calib,test,train,train
cadecv2:NEXIUM-NEXIUM.270,forum,cadecv2,ACID_RELATED,1,forum,calib,test,train,train
cadecv2:NEXIUM-NEXIUM.271,forum,cadecv2,ACID_RELATED,1,forum,calib,test,train,train
cadecv2:NEXIUM-NEXIUM.273,forum,cadecv2,ACID_RELATED,1,forum,calib,test,train,train
cadecv2:NEXIUM-NEXIUM.274,forum,cadecv2,ACID_RELATED,1,forum,calib,test,train,train
cadecv2:NEXIUM-NEXIUM.275,forum,cadecv2,ACID_RELATED,1,forum,calib,test,train,train
cadecv2:NEXIUM-NEXIUM.276,forum,cadecv2,ACID_RELATED,1,forum,calib,test,train,train
cadecv2:NEXIUM-NEXIUM.278,forum,cadecv2,ACID_RELATED,1,forum,calib,test,train,train
cadecv2:NEXIUM-NEXIUM.28,forum,cadecv2,ACID_RELATED,1,forum,calib,test,train,train
cadecv2:NEXIUM-NEXIUM.280,forum,cadecv2,ACID_RELATED,1,forum,calib,test,train,train
cadecv2:NEXIUM-NEXIUM.281,forum,cadecv2,ACID_RELATED,1,forum,calib,test,train,train
cadecv2:NEXIUM-NEXIUM.282,forum,cadecv2,ACID_RELATED,1,forum,calib,test,train,train
cadecv2:NEXIUM-NEXIUM.283,forum,cadecv2,ACID_RELATED,1,forum,calib,test,train,train
cadecv2:NEXIUM-NEXIUM.284,forum,cadecv2,ACID_RELATED,1,forum,calib,test,train,train
cadecv2:NEXIUM-NEXIUM.285,forum,cadecv2,ACID_RELATED,1,forum,calib,test,train,train
cadecv2:NEXIUM-NEXIUM.286,forum,cadecv2,ACID_RELATED,1,forum,calib,test,train,train
cadecv2:NEXIUM-NEXIUM.287,forum,cadecv2,ACID_RELATED,1,forum,calib,test,train,train
cadecv2:NEXIUM-NEXIUM.289,forum,cadecv2,ACID_RELATED,1,forum,calib,test,train,train
cadecv2:NEXIUM-NEXIUM.29,forum,cadecv2,ACID_RELATED,1,forum,calib,test,train,train
cadecv2:NEXIUM-NEXIUM.290,forum,cadecv2,ACID_RELATED,1,forum,calib,test,train,train
cadecv2:NEXIUM-NEXIUM.292,forum,cadecv2,ACID_RELATED,1,forum,calib,test,train,train
cadecv2:NEXIUM-NEXIUM.294,forum,cadecv2,ACID_RELATED,1,forum,calib,test,train,train
cadecv2:NEXIUM-NEXIUM.295,forum,cadecv2,ACID_RELATED,1,forum,calib,test,train,train
cadecv2:NEXIUM-NEXIUM.297,forum,cadecv2,ACID_RELATED,1,forum,calib,test,train,train
cadecv2:NEXIUM-NEXIUM.299,forum,cadecv2,ACID_RELATED,1,forum,calib,test,train,train
cadecv2:NEXIUM-NEXIUM.3,forum,cadecv2,ACID_RELATED,1,forum,calib,test,train,train
cadecv2:NEXIUM-NEXIUM.301,forum,cadecv2,ACID_RELATED,1,forum,calib,test,train,train
cadecv2:NEXIUM-NEXIUM.302,forum,cadecv2,ACID_RELATED,1,forum,calib,test,train,train
cadecv2:NEXIUM-NEXIUM.305,forum,cadecv2,ACID_RELATED,1,forum,calib,test,train,train
cadecv2:NEXIUM-NEXIUM.306,forum,cadecv2,ACID_RELATED,1,forum,calib,test,train,train
cadecv2:NEXIUM-NEXIUM.307,forum,cadecv2,ACID_RELATED,1,forum,calib,test,train,train
cadecv2:NEXIUM-NEXIUM.308,forum,cadecv2,ACID_RELATED,1,forum,calib,test,train,train
cadecv2:NEXIUM-NEXIUM.309,forum,cadecv2,ACID_RELATED,1,forum,calib,test,train,train
cadecv2:NEXIUM-NEXIUM.31,forum,cadecv2,ACID_RELATED,1,forum,calib,test,train,train
cadecv2:NEXIUM-NEXIUM.311,forum,cadecv2,ACID_RELATED,1,forum,calib,test,train,train
cadecv2:NEXIUM-NEXIUM.312,forum,cadecv2,ACID_RELATED,1,forum,calib,test,train,train
cadecv2:NEXIUM-NEXIUM.313,forum,cadecv2,ACID_RELATED,1,forum,calib,test,train,train
cadecv2:NEXIUM-NEXIUM.314,forum,cadecv2,ACID_RELATED,1,forum,calib,test,train,train
cadecv2:NEXIUM-NEXIUM.315,forum,cadecv2,ACID_RELATED,1,forum,calib,test,train,train
cadecv2:NEXIUM-NEXIUM.316,forum,cadecv2,ACID_RELATED,1,forum,calib,test,train,train
cadecv2:NEXIUM-NEXIUM.317,forum,cadecv2,ACID_RELATED,1,forum,calib,test,train,train
cadecv2:NEXIUM-NEXIUM.32,forum,cadecv2,ACID_RELATED,1,forum,calib,test,train,train
cadecv2:NEXIUM-NEXIUM.320,forum,cadecv2,ACID_RELATED,1,forum,calib,test,train,train
cadecv2:NEXIUM-NEXIUM.323,forum,cadecv2,ACID_RELATED,1,forum,calib,test,train,train
cadecv2:NEXIUM-NEXIUM.325,forum,cadecv2,ACID_RELATED,1,forum,calib,test,train,train
cadecv2:NEXIUM-NEXIUM.326,forum,cadecv2,ACID_RELATED,1,forum,calib,test,train,train
cadecv2:NEXIUM-NEXIUM.328,forum,cadecv2,ACID_RELATED,1,forum,calib,test,train,train
cadecv2:NEXIUM-NEXIUM.329,forum,cadecv2,ACID_RELATED,1,forum,calib,test,train,train
cadecv2:NEXIUM-NEXIUM.331,forum,cadecv2,ACID_RELATED,1,forum,calib,test,train,train
cadecv2:NEXIUM-NEXIUM.332,forum,cadecv2,ACID_RELATED,1,forum,calib,test,train,train
cadecv2:NEXIUM-NEXIUM.333,forum,cadecv2,ACID_RELATED,1,forum,calib,test,train,train
cadecv2:NEXIUM-NEXIUM.334,forum,cadecv2,ACID_RELATED,1,forum,calib,test,train,train
cadecv2:NEXIUM-NEXIUM.335,forum,cadecv2,ACID_RELATED,1,forum,calib,test,train,train
cadecv2:NEXIUM-NEXIUM.336,forum,cadecv2,ACID_RELATED,1,forum,calib,test,train,train
cadecv2:NEXIUM-NEXIUM.337,forum,cadecv2,ACID_RELATED,1,forum,calib,test,train,train
cadecv2:NEXIUM-NEXIUM.338,forum,cadecv2,ACID_RELATED,1,forum,calib,test,train,train
cadecv2:NEXIUM-NEXIUM.34,forum,cadecv2,ACID_RELATED,1,forum,calib,test,train,train
cadecv2:NEXIUM-NEXIUM.340,forum,cadecv2,ACID_RELATED,1,forum,calib,test,train,train
cadecv2:NEXIUM-NEXIUM.341,forum,cadecv2,ACID_RELATED,1,forum,calib,test,train,train
cadecv2:NEXIUM-NEXIUM.342,forum,cadecv2,ACID_RELATED,1,forum,calib,test,train,train
cadecv2:NEXIUM-NEXIUM.343,forum,cadecv2,ACID_RELATED,1,forum,calib,test,train,train
cadecv2:NEXIUM-NEXIUM.344,forum,cadecv2,ACID_RELATED,1,forum,calib,test,train,train
cadecv2:NEXIUM-NEXIUM.345,forum,cadecv2,ACID_RELATED,1,forum,calib,test,train,train
cadecv2:NEXIUM-NEXIUM.346,forum,cadecv2,ACID_RELATED,1,forum,calib,test,train,train
cadecv2:NEXIUM-NEXIUM.347,forum,cadecv2,ACID_RELATED,1,forum,calib,test,train,train
cadecv2:NEXIUM-NEXIUM.348,forum,cadecv2,ACID_RELATED,1,forum,calib,test,train,train
cadecv2:NEXIUM-NEXIUM.349,forum,cadecv2,ACID_RELATED,1,forum,calib,test,train,train
cadecv2:NEXIUM-NEXIUM.35,forum,cadecv2,ACID_RELATED,1,forum,calib,test,train,train
cadecv2:NEXIUM-NEXIUM.350,forum,cadecv2,ACID_RELATED,1,forum,calib,test,train,train
cadecv2:NEXIUM-NEXIUM.351,forum,cadecv2,ACID_RELATED,1,forum,calib,test,train,train
cadecv2:NEXIUM-NEXIUM.355,forum,cadecv2,ACID_RELATED,1,forum,calib,test,train,train
cadecv2:NEXIUM-NEXIUM.356,forum,cadecv2,ACID_RELATED,1,forum,calib,test,train,train
cadecv2:NEXIUM-NEXIUM.357,forum,cadecv2,ACID_RELATED,1,forum,calib,test,train,train
cadecv2:NEXIUM-NEXIUM.359,forum,cadecv2,ACID_RELATED,1,forum,calib,test,train,train
cadecv2:NEXIUM-NEXIUM.36,forum,cadecv2,ACID_RELATED,1,forum,calib,test,train,train
cadecv2:NEXIUM-NEXIUM.360,forum,cadecv2,ACID_RELATED,1,forum,calib,test,train,train
cadecv2:NEXIUM-NEXIUM.361,forum,cadecv2,ACID_RELATED,1,forum,calib,test,train,train
cadecv2:NEXIUM-NEXIUM.362,forum,cadecv2,ACID_RELATED,1,forum,calib,test,train,train
cadecv2:NEXIUM-NEXIUM.363,forum,cadecv2,ACID_RELATED,1,forum,calib,test,train,train
cadecv2:NEXIUM-NEXIUM.364,forum,cadecv2,ACID_RELATED,1,forum,calib,test,train,train
cadecv2:NEXIUM-NEXIUM.365,forum,cadecv2,ACID_RELATED,1,forum,calib,test,train,train
cadecv2:NEXIUM-NEXIUM.367,forum,cadecv2,ACID_RELATED,1,forum,calib,test,train,train
cadecv2:NEXIUM-NEXIUM.368,forum,cadecv2,ACID_RELATED,1,forum,calib,test,train,train
cadecv2:NEXIUM-NEXIUM.369,forum,cadecv2,ACID_RELATED,1,forum,calib,test,train,train
cadecv2:NEXIUM-NEXIUM.37,forum,cadecv2,ACID_RELATED,1,forum,calib,test,train,train
cadecv2:NEXIUM-NEXIUM.370,forum,cadecv2,ACID_RELATED,1,forum,calib,test,train,train
cadecv2:NEXIUM-NEXIUM.371,forum,cadecv2,ACID_RELATED,1,forum,calib,test,train,train
cadecv2:NEXIUM-NEXIUM.372,forum,cadecv2,ACID_RELATED,1,forum,calib,test,train,train
cadecv2:NEXIUM-NEXIUM.374,forum,cadecv2,ACID_RELATED,1,forum,calib,test,train,train
cadecv2:NEXIUM-NEXIUM.375,forum,cadecv2,ACID_RELATED,1,forum,calib,test,train,train
cadecv2:NEXIUM-NEXIUM.377,forum,cadecv2,ACID_RELATED,1,forum,calib,test,train,train
cadecv2:NEXIUM-NEXIUM.378,forum,cadecv2,ACID_RELATED,1,forum,calib,test,train,train
cadecv2:NEXIUM-NEXIUM.379,forum,cadecv2,ACID_RELATED,1,forum,calib,test,train,train
cadecv2:NEXIUM-NEXIUM.38,forum,cadecv2,ACID_RELATED,1,forum,calib,test,train,train
cadecv2:NEXIUM-NEXIUM.380,forum,cadecv2,ACID_RELATED,1,forum,calib,test,train,train
cadecv2:NEXIUM-NEXIUM.382,forum,cadecv2,ACID_RELATED,1,forum,calib,test,train,train
cadecv2:NEXIUM-NEXIUM.383,forum,cadecv2,ACID_RELATED,1,forum,calib,test,train,train
cadecv2:NEXIUM-NEXIUM.384,forum,cadecv2,ACID_RELATED,1,forum,calib,test,train,train
cadecv2:NEXIUM-NEXIUM.387,forum,cadecv2,ACID_RELATED,1,forum,calib,test,train,train
cadecv2:NEXIUM-NEXIUM.389,forum,cadecv2,ACID_RELATED,1,forum,calib,test,train,train
cadecv2:NEXIUM-NEXIUM.390,forum,cadecv2,ACID_RELATED,1,forum,calib,test,train,train
cadecv2:NEXIUM-NEXIUM.392,forum,cadecv2,ACID_RELATED,1,forum,calib,test,train,train
cadecv2:NEXIUM-NEXIUM.393,forum,cadecv2,ACID_RELATED,1,forum,calib,test,train,train
cadecv2:NEXIUM-NEXIUM.394,forum,cadecv2,ACID_RELATED,1,forum,calib,test,train,train
cadecv2:NEXIUM-NEXIUM.397,forum,cadecv2,ACID_RELATED,1,forum,calib,test,train,train
cadecv2:NEXIUM-NEXIUM.398,forum,cadecv2,ACID_RELATED,1,forum,calib,test,train,train
cadecv2:NEXIUM-NEXIUM.399,forum,cadecv2,ACID_RELATED,1,forum,calib,test,train,train
cadecv2:NEXIUM-NEXIUM.4,forum,cadecv2,ACID_RELATED,1,forum,calib,test,train,train
cadecv2:NEXIUM-NEXIUM.40,forum,cadecv2,ACID_RELATED,1,forum,calib,test,train,train
cadecv2:NEXIUM-NEXIUM.400,forum,cadecv2,ACID_RELATED,1,forum,calib,test,train,train
cadecv2:NEXIUM-NEXIUM.401,forum,cadecv2,ACID_RELATED,1,forum,calib,test,train,train
cadecv2:NEXIUM-NEXIUM.403,forum,cadecv2,ACID_RELATED,1,forum,calib,test,train,train
cadecv2:NEXIUM-NEXIUM.406,forum,cadecv2,ACID_RELATED,1,forum,calib,test,train,train
cadecv2:NEXIUM-NEXIUM.407,forum,cadecv2,ACID_RELATED,1,forum,calib,test,train,train
cadecv2:NEXIUM-NEXIUM.408,forum,cadecv2,ACID_RELATED,1,forum,calib,test,train,train
cadecv2:NEXIUM-NEXIUM.411,forum,cadecv2,ACID_RELATED,1,forum,calib,test,train,train
cadecv2:NEXIUM-NEXIUM.413,forum,cadecv2,ACID_RELATED,1,forum,calib,test,train,train
cadecv2:NEXIUM-NEXIUM.414,forum,cadecv2,ACID_RELATED,1,forum,calib,test,train,train
cadecv2:NEXIUM-NEXIUM.417,forum,cadecv2,ACID_RELATED,1,forum,calib,test,train,train
cadecv2:NEXIUM-NEXIUM.418,forum,cadecv2,ACID_RELATED,1,forum,calib,test,train,train
cadecv2:NEXIUM-NEXIUM.419,forum,cadecv2,ACID_RELATED,1,forum,calib,test,train,train
cadecv2:NEXIUM-NEXIUM.42,forum,cadecv2,ACID_RELATED,1,forum,calib,test,train,train
cadecv2:NEXIUM-NEXIUM.420,forum,cadecv2,ACID_RELATED,1,forum,calib,test,train,train
cadecv2:NEXIUM-NEXIUM.421,forum,cadecv2,ACID_RELATED,1,forum,calib,test,train,train
cadecv2:NEXIUM-NEXIUM.423,forum,cadecv2,ACID_RELATED,1,forum,calib,test,train,train
cadecv2:NEXIUM-NEXIUM.424,forum,cadecv2,ACID_RELATED,1,forum,calib,test,train,train
cadecv2:NEXIUM-NEXIUM.426,forum,cadecv2,ACID_RELATED,1,forum,calib,test,train,train
cadecv2:NEXIUM-NEXIUM.427,forum,cadecv2,ACID_RELATED,1,forum,calib,test,train,train
cadecv2:NEXIUM-NEXIUM.429,forum,cadecv2,ACID_RELATED,1,forum,calib,test,train,train
cadecv2:NEXIUM-NEXIUM.43,forum,cadecv2,ACID_RELATED,1,forum,calib,test,train,train
cadecv2:NEXIUM-NEXIUM.430,forum,cadecv2,ACID_RELATED,1,forum,calib,test,train,train
cadecv2:NEXIUM-NEXIUM.434,forum,cadecv2,ACID_RELATED,1,forum,calib,test,train,train
cadecv2:NEXIUM-NEXIUM.435,forum,cadecv2,ACID_RELATED,1,forum,calib,test,train,train
cadecv2:NEXIUM-NEXIUM.438,forum,cadecv2,ACID_RELATED,1,forum,calib,test,train,train
cadecv2:NEXIUM-NEXIUM.439,forum,cadecv2,ACID_RELATED,1,forum,calib,test,train,train
cadecv2:NEXIUM-NEXIUM.44,forum,cadecv2,ACID_RELATED,1,forum,calib,test,train,train
cadecv2:NEXIUM-NEXIUM.440,forum,cadecv2,ACID_RELATED,1,forum,calib,test,train,train
cadecv2:NEXIUM-NEXIUM.441,forum,cadecv2,ACID_RELATED,1,forum,calib,test,train,train
cadecv2:NEXIUM-NEXIUM.442,forum,cadecv2,ACID_RELATED,1,forum,calib,test,train,train
cadecv2:NEXIUM-NEXIUM.443,forum,cadecv2,ACID_RELATED,1,forum,calib,test,train,train
cadecv2:NEXIUM-NEXIUM.444,forum,cadecv2,ACID_RELATED,1,forum,calib,test,train,train
cadecv2:NEXIUM-NEXIUM.445,forum,cadecv2,ACID_RELATED,1,forum,calib,test,train,train
cadecv2:NEXIUM-NEXIUM.446,forum,cadecv2,ACID_RELATED,1,forum,calib,test,train,train
cadecv2:NEXIUM-NEXIUM.448,forum,cadecv2,ACID_RELATED,1,forum,calib,test,train,train
cadecv2:NEXIUM-NEXIUM.449,forum,cadecv2,ACID_RELATED,1,forum,calib,test,train,train
cadecv2:NEXIUM-NEXIUM.45,forum,cadecv2,ACID_RELATED,1,forum,calib,test,train,train
cadecv2:NEXIUM-NEXIUM.450,forum,cadecv2,ACID_RELATED,1,forum,calib,test,train,train
cadecv2:NEXIUM-NEXIUM.451,forum,cadecv2,ACID_RELATED,1,forum,calib,test,train,train
cadecv2:NEXIUM-NEXIUM.453,forum,cadecv2,ACID_RELATED,1,forum,calib,test,train,train
cadecv2:NEXIUM-NEXIUM.454,forum,cadecv2,ACID_RELATED,1,forum,calib,test,train,train
cadecv2:NEXIUM-NEXIUM.455,forum,cadecv2,ACID_RELATED,1,forum,calib,test,train,train
cadecv2:NEXIUM-NEXIUM.456,forum,cadecv2,ACID_RELATED,1,forum,calib,test,train,train
cadecv2:NEXIUM-NEXIUM.457,forum,cadecv2,ACID_RELATED,1,forum,calib,test,train,train
cadecv2:NEXIUM-NEXIUM.458,forum,cadecv2,ACID_RELATED,1,forum,calib,test,train,train
cadecv2:NEXIUM-NEXIUM.459,forum,cadecv2,ACID_RELATED,1,forum,calib,test,train,train
cadecv2:NEXIUM-NEXIUM.46,forum,cadecv2,ACID_RELATED,1,forum,calib,test,train,train
cadecv2:NEXIUM-NEXIUM.463,forum,cadecv2,ACID_RELATED,1,forum,calib,test,train,train
cadecv2:NEXIUM-NEXIUM.464,forum,cadecv2,ACID_RELATED,1,forum,calib,test,train,train
cadecv2:NEXIUM-NEXIUM.465,forum,cadecv2,ACID_RELATED,1,forum,calib,test,train,train
cadecv2:NEXIUM-NEXIUM.466,forum,cadecv2,ACID_RELATED,1,forum,calib,test,train,train
cadecv2:NEXIUM-NEXIUM.467,forum,cadecv2,ACID_RELATED,1,forum,calib,test,train,train
cadecv2:NEXIUM-NEXIUM.469,forum,cadecv2,ACID_RELATED,1,forum,calib,test,train,train
cadecv2:NEXIUM-NEXIUM.47,forum,cadecv2,ACID_RELATED,1,forum,calib,test,train,train
cadecv2:NEXIUM-NEXIUM.470,forum,cadecv2,ACID_RELATED,1,forum,calib,test,train,train
cadecv2:NEXIUM-NEXIUM.471,forum,cadecv2,ACID_RELATED,1,forum,calib,test,train,train
cadecv2:NEXIUM-NEXIUM.472,forum,cadecv2,ACID_RELATED,1,forum,calib,test,train,train
cadecv2:NEXIUM-NEXIUM.474,forum,cadecv2,ACID_RELATED,1,forum,calib,test,train,train
cadecv2:NEXIUM-NEXIUM.476,forum,cadecv2,ACID_RELATED,1,forum,calib,test,train,train
cadecv2:NEXIUM-NEXIUM.477,forum,cadecv2,ACID_RELATED,1,forum,calib,test,train,train
cadecv2:NEXIUM-NEXIUM.480,forum,cadecv2,ACID_RELATED,1,forum,calib,test,train,train
cadecv2:NEXIUM-NEXIUM.481,forum,cadecv2,ACID_RELATED,1,forum,calib,test,train,train
cadecv2:NEXIUM-NEXIUM.482,forum,cadecv2,ACID_RELATED,1,forum,calib,test,train,train
cadecv2:NEXIUM-NEXIUM.483,forum,cadecv2,ACID_RELATED,1,forum,calib,test,train,train
cadecv2:NEXIUM-NEXIUM.484,forum,cadecv2,ACID_RELATED,1,forum,calib,test,train,train
cadecv2:NEXIUM-NEXIUM.485,forum,cadecv2,ACID_RELATED,1,forum,calib,test,train,train
cadecv2:NEXIUM-NEXIUM.487,forum,cadecv2,ACID_RELATED,1,forum,calib,test,train,train
cadecv2:NEXIUM-NEXIUM.489,forum,cadecv2,ACID_RELATED,1,forum,calib,test,train,train
cadecv2:NEXIUM-NEXIUM.490,forum,cadecv2,ACID_RELATED,1,forum,calib,test,train,train
cadecv2:NEXIUM-NEXIUM.491,forum,cadecv2,ACID_RELATED,1,forum,calib,test,train,train
cadecv2:NEXIUM-NEXIUM.492,forum,cadecv2,ACID_RELATED,1,forum,calib,test,train,train
cadecv2:NEXIUM-NEXIUM.493,forum,cadecv2,ACID_RELATED,1,forum,calib,test,train,train
cadecv2:NEXIUM-NEXIUM.494,forum,cadecv2,ACID_RELATED,1,forum,calib,test,train,train
cadecv2:NEXIUM-NEXIUM.495,forum,cadecv2,ACID_RELATED,1,forum,calib,test,train,train
cadecv2:NEXIUM-NEXIUM.496,forum,cadecv2,ACID_RELATED,1,forum,calib,test,train,train
cadecv2:NEXIUM-NEXIUM.498,forum,cadecv2,ACID_RELATED,1,forum,calib,test,train,train
cadecv2:NEXIUM-NEXIUM.499,forum,cadecv2,ACID_RELATED,1,forum,calib,test,train,train
cadecv2:NEXIUM-NEXIUM.5,forum,cadecv2,ACID_RELATED,1,forum,calib,test,train,train
cadecv2:NEXIUM-NEXIUM.500,forum,cadecv2,ACID_RELATED,1,forum,calib,test,train,train
cadecv2:NEXIUM-NEXIUM.501,forum,cadecv2,ACID_RELATED,1,forum,calib,test,train,train
cadecv2:NEXIUM-NEXIUM.502,forum,cadecv2,ACID_RELATED,1,forum,calib,test,train,train
cadecv2:NEXIUM-NEXIUM.503,forum,cadecv2,ACID_RELATED,1,forum,calib,test,train,train
cadecv2:NEXIUM-NEXIUM.504,forum,cadecv2,ACID_RELATED,1,forum,calib,test,train,train
cadecv2:NEXIUM-NEXIUM.505,forum,cadecv2,ACID_RELATED,1,forum,calib,test,train,train
cadecv2:NEXIUM-NEXIUM.506,forum,cadecv2,ACID_RELATED,1,forum,calib,test,train,train
cadecv2:NEXIUM-NEXIUM.508,forum,cadecv2,ACID_RELATED,1,forum,calib,test,train,train
cadecv2:NEXIUM-NEXIUM.51,forum,cadecv2,ACID_RELATED,1,forum,calib,test,train,train
cadecv2:NEXIUM-NEXIUM.510,forum,cadecv2,ACID_RELATED,1,forum,calib,test,train,train
cadecv2:NEXIUM-NEXIUM.511,forum,cadecv2,ACID_RELATED,1,forum,calib,test,train,train
cadecv2:NEXIUM-NEXIUM.513,forum,cadecv2,ACID_RELATED,1,forum,calib,test,train,train
cadecv2:NEXIUM-NEXIUM.514,forum,cadecv2,ACID_RELATED,1,forum,calib,test,train,train
cadecv2:NEXIUM-NEXIUM.515,forum,cadecv2,ACID_RELATED,1,forum,calib,test,train,train
cadecv2:NEXIUM-NEXIUM.516,forum,cadecv2,ACID_RELATED,1,forum,calib,test,train,train
cadecv2:NEXIUM-NEXIUM.517,forum,cadecv2,ACID_RELATED,1,forum,calib,test,train,train
cadecv2:NEXIUM-NEXIUM.518,forum,cadecv2,ACID_RELATED,1,forum,calib,test,train,train
cadecv2:NEXIUM-NEXIUM.519,forum,cadecv2,ACID_RELATED,1,forum,calib,test,train,train
cadecv2:NEXIUM-NEXIUM.520,forum,cadecv2,ACID_RELATED,1,forum,calib,test,train,train
cadecv2:NEXIUM-NEXIUM.521,forum,cadecv2,ACID_RELATED,1,forum,calib,test,train,train
cadecv2:NEXIUM-NEXIUM.524,forum,cadecv2,ACID_RELATED,1,forum,calib,test,train,train
cadecv2:NEXIUM-NEXIUM.525,forum,cadecv2,ACID_RELATED,1,forum,calib,test,train,train
cadecv2:NEXIUM-NEXIUM.526,forum,cadecv2,ACID_RELATED,1,forum,calib,test,train,train
cadecv2:NEXIUM-NEXIUM.527,forum,cadecv2,ACID_RELATED,1,forum,calib,test,train,train
cadecv2:NEXIUM-NEXIUM.528,forum,cadecv2,ACID_RELATED,1,forum,calib,test,train,train
cadecv2:NEXIUM-NEXIUM.529,forum,cadecv2,ACID_RELATED,1,forum,calib,test,train,train
cadecv2:NEXIUM-NEXIUM.53,forum,cadecv2,ACID_RELATED,1,forum,calib,test,train,train
cadecv2:NEXIUM-NEXIUM.530,forum,cadecv2,ACID_RELATED,1,forum,calib,test,train,train
cadecv2:NEXIUM-NEXIUM.531,forum,cadecv2,ACID_RELATED,1,forum,calib,test,train,train
cadecv2:NEXIUM-NEXIUM.533,forum,cadecv2,ACID_RELATED,1,forum,calib,test,train,train
cadecv2:NEXIUM-NEXIUM.534,forum,cadecv2,ACID_RELATED,1,forum,calib,test,train,train
cadecv2:NEXIUM-NEXIUM.535,forum,cadecv2,ACID_RELATED,1,forum,calib,test,train,train
cadecv2:NEXIUM-NEXIUM.536,forum,cadecv2,ACID_RELATED,1,forum,calib,test,train,train
cadecv2:NEXIUM-NEXIUM.537,forum,cadecv2,ACID_RELATED,1,forum,calib,test,train,train
cadecv2:NEXIUM-NEXIUM.538,forum,cadecv2,ACID_RELATED,1,forum,calib,test,train,train
cadecv2:NEXIUM-NEXIUM.54,forum,cadecv2,ACID_RELATED,1,forum,calib,test,train,train
cadecv2:NEXIUM-NEXIUM.540,forum,cadecv2,ACID_RELATED,1,forum,calib,test,train,train
cadecv2:NEXIUM-NEXIUM.542,forum,cadecv2,ACID_RELATED,1,forum,calib,test,train,train
cadecv2:NEXIUM-NEXIUM.543,forum,cadecv2,ACID_RELATED,1,forum,calib,test,train,train
cadecv2:NEXIUM-NEXIUM.544,forum,cadecv2,ACID_RELATED,1,forum,calib,test,train,train
cadecv2:NEXIUM-NEXIUM.545,forum,cadecv2,ACID_RELATED,1,forum,calib,test,train,train
cadecv2:NEXIUM-NEXIUM.547,forum,cadecv2,ACID_RELATED,1,forum,calib,test,train,train
cadecv2:NEXIUM-NEXIUM.548,forum,cadecv2,ACID_RELATED,1,forum,calib,test,train,train
cadecv2:NEXIUM-NEXIUM.549,forum,cadecv2,ACID_RELATED,1,forum,calib,test,train,train
cadecv2:NEXIUM-NEXIUM.55,forum,cadecv2,ACID_RELATED,1,forum,calib,test,train,train
cadecv2:NEXIUM-NEXIUM.550,forum,cadecv2,ACID_RELATED,1,forum,calib,test,train,train
cadecv2:NEXIUM-NEXIUM.551,forum,cadecv2,ACID_RELATED,1,forum,calib,test,train,train
cadecv2:NEXIUM-NEXIUM.552,forum,cadecv2,ACID_RELATED,1,forum,calib,test,train,train
cadecv2:NEXIUM-NEXIUM.554,forum,cadecv2,ACID_RELATED,1,forum,calib,test,train,train
cadecv2:NEXIUM-NEXIUM.555,forum,cadecv2,ACID_RELATED,1,forum,calib,test,train,train
cadecv2:NEXIUM-NEXIUM.556,forum,cadecv2,ACID_RELATED,1,forum,calib,test,train,train
cadecv2:NEXIUM-NEXIUM.557,forum,cadecv2,ACID_RELATED,1,forum,calib,test,train,train
cadecv2:NEXIUM-NEXIUM.558,forum,cadecv2,ACID_RELATED,1,forum,calib,test,train,train
cadecv2:NEXIUM-NEXIUM.559,forum,cadecv2,ACID_RELATED,1,forum,calib,test,train,train
cadecv2:NEXIUM-NEXIUM.56,forum,cadecv2,ACID_RELATED,1,forum,calib,test,train,train
cadecv2:NEXIUM-NEXIUM.560,forum,cadecv2,ACID_RELATED,1,forum,calib,test,train,train
cadecv2:NEXIUM-NEXIUM.561,forum,cadecv2,ACID_RELATED,1,forum,calib,test,train,train
cadecv2:NEXIUM-NEXIUM.563,forum,cadecv2,ACID_RELATED,1,forum,calib,test,train,train
cadecv2:NEXIUM-NEXIUM.564,forum,cadecv2,ACID_RELATED,1,forum,calib,test,train,train
cadecv2:NEXIUM-NEXIUM.565,forum,cadecv2,ACID_RELATED,1,forum,calib,test,train,train
cadecv2:NEXIUM-NEXIUM.566,forum,cadecv2,ACID_RELATED,1,forum,calib,test,train,train
cadecv2:NEXIUM-NEXIUM.568,forum,cadecv2,ACID_RELATED,1,forum,calib,test,train,train
cadecv2:NEXIUM-NEXIUM.57,forum,cadecv2,ACID_RELATED,1,forum,calib,test,train,train
cadecv2:NEXIUM-NEXIUM.570,forum,cadecv2,ACID_RELATED,1,forum,calib,test,train,train
cadecv2:NEXIUM-NEXIUM.573,forum,cadecv2,ACID_RELATED,1,forum,calib,test,train,train
cadecv2:NEXIUM-NEXIUM.574,forum,cadecv2,ACID_RELATED,1,forum,calib,test,train,train
cadecv2:NEXIUM-NEXIUM.575,forum,cadecv2,ACID_RELATED,1,forum,calib,test,train,train
cadecv2:NEXIUM-NEXIUM.577,forum,cadecv2,ACID_RELATED,1,forum,calib,test,train,train
cadecv2:NEXIUM-NEXIUM.578,forum,cadecv2,ACID_RELATED,1,forum,calib,test,train,train
cadecv2:NEXIUM-NEXIUM.579,forum,cadecv2,ACID_RELATED,1,forum,calib,test,train,train
cadecv2:NEXIUM-NEXIUM.58,forum,cadecv2,ACID_RELATED,1,forum,calib,test,train,train
cadecv2:NEXIUM-NEXIUM.580,forum,cadecv2,ACID_RELATED,1,forum,calib,test,train,train
cadecv2:NEXIUM-NEXIUM.581,forum,cadecv2,ACID_RELATED,1,forum,calib,test,train,train
cadecv2:NEXIUM-NEXIUM.582,forum,cadecv2,ACID_RELATED,1,forum,calib,test,train,train
cadecv2:NEXIUM-NEXIUM.584,forum,cadecv2,ACID_RELATED,1,forum,calib,test,train,train
cadecv2:NEXIUM-NEXIUM.585,forum,cadecv2,ACID_RELATED,1,forum,calib,test,train,train
cadecv2:NEXIUM-NEXIUM.587,forum,cadecv2,ACID_RELATED,1,forum,calib,test,train,train
cadecv2:NEXIUM-NEXIUM.588,forum,cadecv2,ACID_RELATED,1,forum,calib,test,train,train
cadecv2:NEXIUM-NEXIUM.589,forum,cadecv2,ACID_RELATED,1,forum,calib,test,train,train
cadecv2:NEXIUM-NEXIUM.590,forum,cadecv2,ACID_RELATED,1,forum,calib,test,train,train
cadecv2:NEXIUM-NEXIUM.591,forum,cadecv2,ACID_RELATED,1,forum,calib,test,train,train
cadecv2:NEXIUM-NEXIUM.592,forum,cadecv2,ACID_RELATED,1,forum,calib,test,train,train
cadecv2:NEXIUM-NEXIUM.593,forum,cadecv2,ACID_RELATED,1,forum,calib,test,train,train
cadecv2:NEXIUM-NEXIUM.594,forum,cadecv2,ACID_RELATED,1,forum,calib,test,train,train
cadecv2:NEXIUM-NEXIUM.595,forum,cadecv2,ACID_RELATED,1,forum,calib,test,train,train
cadecv2:NEXIUM-NEXIUM.597,forum,cadecv2,ACID_RELATED,1,forum,calib,test,train,train
cadecv2:NEXIUM-NEXIUM.598,forum,cadecv2,ACID_RELATED,1,forum,calib,test,train,train
cadecv2:NEXIUM-NEXIUM.599,forum,cadecv2,ACID_RELATED,1,forum,calib,test,train,train
cadecv2:NEXIUM-NEXIUM.6,forum,cadecv2,ACID_RELATED,1,forum,calib,test,train,train
cadecv2:NEXIUM-NEXIUM.60,forum,cadecv2,ACID_RELATED,1,forum,calib,test,train,train
cadecv2:NEXIUM-NEXIUM.600,forum,cadecv2,ACID_RELATED,1,forum,calib,test,train,train
cadecv2:NEXIUM-NEXIUM.601,forum,cadecv2,ACID_RELATED,1,forum,calib,test,train,train
cadecv2:NEXIUM-NEXIUM.602,forum,cadecv2,ACID_RELATED,1,forum,calib,test,train,train
cadecv2:NEXIUM-NEXIUM.603,forum,cadecv2,ACID_RELATED,1,forum,calib,test,train,train
cadecv2:NEXIUM-NEXIUM.604,forum,cadecv2,ACID_RELATED,1,forum,calib,test,train,train
cadecv2:NEXIUM-NEXIUM.607,forum,cadecv2,ACID_RELATED,1,forum,calib,test,train,train
cadecv2:NEXIUM-NEXIUM.608,forum,cadecv2,ACID_RELATED,1,forum,calib,test,train,train
cadecv2:NEXIUM-NEXIUM.609,forum,cadecv2,ACID_RELATED,1,forum,calib,test,train,train
cadecv2:NEXIUM-NEXIUM.61,forum,cadecv2,ACID_RELATED,1,forum,calib,test,train,train
cadecv2:NEXIUM-NEXIUM.610,forum,cadecv2,ACID_RELATED,1,forum,calib,test,train,train
cadecv2:NEXIUM-NEXIUM.611,forum,cadecv2,ACID_RELATED,1,forum,calib,test,train,train
cadecv2:NEXIUM-NEXIUM.612,forum,cadecv2,ACID_RELATED,1,forum,calib,test,train,train
cadecv2:NEXIUM-NEXIUM.613,forum,cadecv2,ACID_RELATED,1,forum,calib,test,train,train
cadecv2:NEXIUM-NEXIUM.614,forum,cadecv2,ACID_RELATED,1,forum,calib,test,train,train
cadecv2:NEXIUM-NEXIUM.617,forum,cadecv2,ACID_RELATED,1,forum,calib,test,train,train
cadecv2:NEXIUM-NEXIUM.618,forum,cadecv2,ACID_RELATED,1,forum,calib,test,train,train
cadecv2:NEXIUM-NEXIUM.619,forum,cadecv2,ACID_RELATED,1,forum,calib,test,train,train
cadecv2:NEXIUM-NEXIUM.62,forum,cadecv2,ACID_RELATED,1,forum,calib,test,train,train
cadecv2:NEXIUM-NEXIUM.623,forum,cadecv2,ACID_RELATED,1,forum,calib,test,train,train
cadecv2:NEXIUM-NEXIUM.624,forum,cadecv2,ACID_RELATED,1,forum,calib,test,train,train
cadecv2:NEXIUM-NEXIUM.626,forum,cadecv2,ACID_RELATED,1,forum,calib,test,train,train
cadecv2:NEXIUM-NEXIUM.627,forum,cadecv2,ACID_RELATED,1,forum,calib,test,train,train
cadecv2:NEXIUM-NEXIUM.628,forum,cadecv2,ACID_RELATED,1,forum,calib,test,train,train
cadecv2:NEXIUM-NEXIUM.63,forum,cadecv2,ACID_RELATED,1,forum,calib,test,train,train
cadecv2:NEXIUM-NEXIUM.630,forum,cadecv2,ACID_RELATED,1,forum,calib,test,train,train
cadecv2:NEXIUM-NEXIUM.632,forum,cadecv2,ACID_RELATED,1,forum,calib,test,train,train
cadecv2:NEXIUM-NEXIUM.633,forum,cadecv2,ACID_RELATED,1,forum,calib,test,train,train
cadecv2:NEXIUM-NEXIUM.634,forum,cadecv2,ACID_RELATED,1,forum,calib,test,train,train
cadecv2:NEXIUM-NEXIUM.635,forum,cadecv2,ACID_RELATED,1,forum,calib,test,train,train
cadecv2:NEXIUM-NEXIUM.637,forum,cadecv2,ACID_RELATED,1,forum,calib,test,train,train
cadecv2:NEXIUM-NEXIUM.638,forum,cadecv2,ACID_RELATED,1,forum,calib,test,train,train
cadecv2:NEXIUM-NEXIUM.639,forum,cadecv2,ACID_RELATED,1,forum,calib,test,train,train
cadecv2:NEXIUM-NEXIUM.64,forum,cadecv2,ACID_RELATED,1,forum,calib,test,train,train
cadecv2:NEXIUM-NEXIUM.640,forum,cadecv2,ACID_RELATED,1,forum,calib,test,train,train
cadecv2:NEXIUM-NEXIUM.641,forum,cadecv2,ACID_RELATED,1,forum,calib,test,train,train
cadecv2:NEXIUM-NEXIUM.644,forum,cadecv2,ACID_RELATED,1,forum,calib,test,train,train
cadecv2:NEXIUM-NEXIUM.645,forum,cadecv2,ACID_RELATED,1,forum,calib,test,train,train
cadecv2:NEXIUM-NEXIUM.646,forum,cadecv2,ACID_RELATED,1,forum,calib,test,train,train
cadecv2:NEXIUM-NEXIUM.647,forum,cadecv2,ACID_RELATED,1,forum,calib,test,train,train
cadecv2:NEXIUM-NEXIUM.648,forum,cadecv2,ACID_RELATED,1,forum,calib,test,train,train
cadecv2:NEXIUM-NEXIUM.649,forum,cadecv2,ACID_RELATED,1,forum,calib,test,train,train
cadecv2:NEXIUM-NEXIUM.65,forum,cadecv2,ACID_RELATED,1,forum,calib,test,train,train
cadecv2:NEXIUM-NEXIUM.651,forum,cadecv2,ACID_RELATED,1,forum,calib,test,train,train
cadecv2:NEXIUM-NEXIUM.652,forum,cadecv2,ACID_RELATED,1,forum,calib,test,train,train
cadecv2:NEXIUM-NEXIUM.654,forum,cadecv2,ACID_RELATED,1,forum,calib,test,train,train
cadecv2:NEXIUM-NEXIUM.655,forum,cadecv2,ACID_RELATED,1,forum,calib,test,train,train
cadecv2:NEXIUM-NEXIUM.656,forum,cadecv2,ACID_RELATED,1,forum,calib,test,train,train
cadecv2:NEXIUM-NEXIUM.657,forum,cadecv2,ACID_RELATED,1,forum,calib,test,train,train
cadecv2:NEXIUM-NEXIUM.658,forum,cadecv2,ACID_RELATED,1,forum,calib,test,train,train
cadecv2:NEXIUM-NEXIUM.659,forum,cadecv2,ACID_RELATED,1,forum,calib,test,train,train
cadecv2:NEXIUM-NEXIUM.66,forum,cadecv2,ACID_RELATED,1,forum,calib,test,train,train
cadecv2:NEXIUM-NEXIUM.660,forum,cadecv2,ACID_RELATED,1,forum,calib,test,train,train
cadecv2:NEXIUM-NEXIUM.661,forum,cadecv2,ACID_RELATED,1,forum,calib,test,train,train
cadecv2:NEXIUM-NEXIUM.663,forum,cadecv2,ACID_RELATED,1,forum,calib,test,train,train
cadecv2:NEXIUM-NEXIUM.664,forum,cadecv2,ACID_RELATED,1,forum,calib,test,train,train
cadecv2:NEXIUM-NEXIUM.665,forum,cadecv2,ACID_RELATED,1,forum,calib,test,train,train
cadecv2:NEXIUM-NEXIUM.666,forum,cadecv2,ACID_RELATED,1,forum,calib,test,train,train
cadecv2:NEXIUM-NEXIUM.667,forum,cadecv2,ACID_RELATED,1,forum,calib,test,train,train
cadecv2:NEXIUM-NEXIUM.668,forum,cadecv2,ACID_RELATED,1,forum,calib,test,train,train
cadecv2:NEXIUM-NEXIUM.669,forum,cadecv2,ACID_RELATED,1,forum,calib,test,train,train
cadecv2:NEXIUM-NEXIUM.67,forum,cadecv2,ACID_RELATED,1,forum,calib,test,train,train
cadecv2:NEXIUM-NEXIUM.670,forum,cadecv2,ACID_RELATED,1,forum,calib,test,train,train
cadecv2:NEXIUM-NEXIUM.671,forum,cadecv2,ACID_RELATED,1,forum,calib,test,train,train
cadecv2:NEXIUM-NEXIUM.672,forum,cadecv2,ACID_RELATED,1,forum,calib,test,train,train
cadecv2:NEXIUM-NEXIUM.674,forum,cadecv2,ACID_RELATED,1,forum,calib,test,train,train
cadecv2:NEXIUM-NEXIUM.675,forum,cadecv2,ACID_RELATED,1,forum,calib,test,train,train
cadecv2:NEXIUM-NEXIUM.676,forum,cadecv2,ACID_RELATED,1,forum,calib,test,train,train
cadecv2:NEXIUM-NEXIUM.677,forum,cadecv2,ACID_RELATED,1,forum,calib,test,train,train
cadecv2:NEXIUM-NEXIUM.679,forum,cadecv2,ACID_RELATED,1,forum,calib,test,train,train
cadecv2:NEXIUM-NEXIUM.68,forum,cadecv2,ACID_RELATED,1,forum,calib,test,train,train
cadecv2:NEXIUM-NEXIUM.681,forum,cadecv2,ACID_RELATED,1,forum,calib,test,train,train
cadecv2:NEXIUM-NEXIUM.682,forum,cadecv2,ACID_RELATED,1,forum,calib,test,train,train
cadecv2:NEXIUM-NEXIUM.683,forum,cadecv2,ACID_RELATED,1,forum,calib,test,train,train
cadecv2:NEXIUM-NEXIUM.684,forum,cadecv2,ACID_RELATED,1,forum,calib,test,train,train
cadecv2:NEXIUM-NEXIUM.686,forum,cadecv2,ACID_RELATED,1,forum,calib,test,train,train
cadecv2:NEXIUM-NEXIUM.687,forum,cadecv2,ACID_RELATED,1,forum,calib,test,train,train
cadecv2:NEXIUM-NEXIUM.688,forum,cadecv2,ACID_RELATED,1,forum,calib,test,train,train
cadecv2:NEXIUM-NEXIUM.689,forum,cadecv2,ACID_RELATED,1,forum,calib,test,train,train
cadecv2:NEXIUM-NEXIUM.69,forum,cadecv2,ACID_RELATED,1,forum,calib,test,train,train
cadecv2:NEXIUM-NEXIUM.692,forum,cadecv2,ACID_RELATED,1,forum,calib,test,train,train
cadecv2:NEXIUM-NEXIUM.693,forum,cadecv2,ACID_RELATED,1,forum,calib,test,train,train
cadecv2:NEXIUM-NEXIUM.694,forum,cadecv2,ACID_RELATED,1,forum,calib,test,train,train
cadecv2:NEXIUM-NEXIUM.695,forum,cadecv2,ACID_RELATED,1,forum,calib,test,train,train
cadecv2:NEXIUM-NEXIUM.696,forum,cadecv2,ACID_RELATED,1,forum,calib,test,train,train
cadecv2:NEXIUM-NEXIUM.697,forum,cadecv2,ACID_RELATED,1,forum,calib,test,train,train
cadecv2:NEXIUM-NEXIUM.698,forum,cadecv2,ACID_RELATED,1,forum,calib,test,train,train
cadecv2:NEXIUM-NEXIUM.699,forum,cadecv2,ACID_RELATED,1,forum,calib,test,train,train
cadecv2:NEXIUM-NEXIUM.700,forum,cadecv2,ACID_RELATED,1,forum,calib,test,train,train
cadecv2:NEXIUM-NEXIUM.702,forum,cadecv2,ACID_RELATED,1,forum,calib,test,train,train
cadecv2:NEXIUM-NEXIUM.704,forum,cadecv2,ACID_RELATED,1,forum,calib,test,train,train
cadecv2:NEXIUM-NEXIUM.705,forum,cadecv2,ACID_RELATED,1,forum,calib,test,train,train
cadecv2:NEXIUM-NEXIUM.706,forum,cadecv2,ACID_RELATED,1,forum,calib,test,train,train
cadecv2:NEXIUM-NEXIUM.707,forum,cadecv2,ACID_RELATED,1,forum,calib,test,train,train
cadecv2:NEXIUM-NEXIUM.708,forum,cadecv2,ACID_RELATED,1,forum,calib,test,train,train
cadecv2:NEXIUM-NEXIUM.709,forum,cadecv2,ACID_RELATED,1,forum,calib,test,train,train
cadecv2:NEXIUM-NEXIUM.71,forum,cadecv2,ACID_RELATED,1,forum,calib,test,train,train
cadecv2:NEXIUM-NEXIUM.710,forum,cadecv2,ACID_RELATED,1,forum,calib,test,train,train
cadecv2:NEXIUM-NEXIUM.713,forum,cadecv2,ACID_RELATED,1,forum,calib,test,train,train
cadecv2:NEXIUM-NEXIUM.714,forum,cadecv2,ACID_RELATED,1,forum,calib,test,train,train
cadecv2:NEXIUM-NEXIUM.715,forum,cadecv2,ACID_RELATED,1,forum,calib,test,train,train
cadecv2:NEXIUM-NEXIUM.716,forum,cadecv2,ACID_RELATED,1,forum,calib,test,train,train
cadecv2:NEXIUM-NEXIUM.717,forum,cadecv2,ACID_RELATED,1,forum,calib,test,train,train
cadecv2:NEXIUM-NEXIUM.718,forum,cadecv2,ACID_RELATED,1,forum,calib,test,train,train
cadecv2:NEXIUM-NEXIUM.719,forum,cadecv2,ACID_RELATED,1,forum,calib,test,train,train
cadecv2:NEXIUM-NEXIUM.72,forum,cadecv2,ACID_RELATED,1,forum,calib,test,train,train
cadecv2:NEXIUM-NEXIUM.720,forum,cadecv2,ACID_RELATED,1,forum,calib,test,train,train
cadecv2:NEXIUM-NEXIUM.721,forum,cadecv2,ACID_RELATED,1,forum,calib,test,train,train
cadecv2:NEXIUM-NEXIUM.724,forum,cadecv2,ACID_RELATED,1,forum,calib,test,train,train
cadecv2:NEXIUM-NEXIUM.725,forum,cadecv2,ACID_RELATED,1,forum,calib,test,train,train
cadecv2:NEXIUM-NEXIUM.726,forum,cadecv2,ACID_RELATED,1,forum,calib,test,train,train
cadecv2:NEXIUM-NEXIUM.727,forum,cadecv2,ACID_RELATED,1,forum,calib,test,train,train
cadecv2:NEXIUM-NEXIUM.728,forum,cadecv2,ACID_RELATED,1,forum,calib,test,train,train
cadecv2:NEXIUM-NEXIUM.729,forum,cadecv2,ACID_RELATED,1,forum,calib,test,train,train
cadecv2:NEXIUM-NEXIUM.730,forum,cadecv2,ACID_RELATED,1,forum,calib,test,train,train
cadecv2:NEXIUM-NEXIUM.731,forum,cadecv2,ACID_RELATED,1,forum,calib,test,train,train
cadecv2:NEXIUM-NEXIUM.732,forum,cadecv2,ACID_RELATED,1,forum,calib,test,train,train
cadecv2:NEXIUM-NEXIUM.733,forum,cadecv2,ACID_RELATED,1,forum,calib,test,train,train
cadecv2:NEXIUM-NEXIUM.734,forum,cadecv2,ACID_RELATED,1,forum,calib,test,train,train
cadecv2:NEXIUM-NEXIUM.735,forum,cadecv2,ACID_RELATED,1,forum,calib,test,train,train
cadecv2:NEXIUM-NEXIUM.736,forum,cadecv2,ACID_RELATED,1,forum,calib,test,train,train
cadecv2:NEXIUM-NEXIUM.738,forum,cadecv2,ACID_RELATED,1,forum,calib,test,train,train
cadecv2:NEXIUM-NEXIUM.739,forum,cadecv2,ACID_RELATED,1,forum,calib,test,train,train
cadecv2:NEXIUM-NEXIUM.74,forum,cadecv2,ACID_RELATED,1,forum,calib,test,train,train
cadecv2:NEXIUM-NEXIUM.740,forum,cadecv2,ACID_RELATED,1,forum,calib,test,train,train
cadecv2:NEXIUM-NEXIUM.741,forum,cadecv2,ACID_RELATED,1,forum,calib,test,train,train
cadecv2:NEXIUM-NEXIUM.742,forum,cadecv2,ACID_RELATED,1,forum,calib,test,train,train
cadecv2:NEXIUM-NEXIUM.743,forum,cadecv2,ACID_RELATED,1,forum,calib,test,train,train
cadecv2:NEXIUM-NEXIUM.744,forum,cadecv2,ACID_RELATED,1,forum,calib,test,train,train
cadecv2:NEXIUM-NEXIUM.746,forum,cadecv2,ACID_RELATED,1,forum,calib,test,train,train
cadecv2:NEXIUM-NEXIUM.747,forum,cadecv2,ACID_RELATED,1,forum,calib,test,train,train
cadecv2:NEXIUM-NEXIUM.749,forum,cadecv2,ACID_RELATED,1,forum,calib,test,train,train
cadecv2:NEXIUM-NEXIUM.75,forum,cadecv2,ACID_RELATED,1,forum,calib,test,train,train
cadecv2:NEXIUM-NEXIUM.751,forum,cadecv2,ACID_RELATED,1,forum,calib,test,train,train
cadecv2:NEXIUM-NEXIUM.752,forum,cadecv2,ACID_RELATED,1,forum,calib,test,train,train
cadecv2:NEXIUM-NEXIUM.753,forum,cadecv2,ACID_RELATED,1,forum,calib,test,train,train
cadecv2:NEXIUM-NEXIUM.754,forum,cadecv2,ACID_RELATED,1,forum,calib,test,train,train
cadecv2:NEXIUM-NEXIUM.755,forum,cadecv2,ACID_RELATED,1,forum,calib,test,train,train
cadecv2:NEXIUM-NEXIUM.757,forum,cadecv2,ACID_RELATED,1,forum,calib,test,train,train
cadecv2:NEXIUM-NEXIUM.758,forum,cadecv2,ACID_RELATED,1,forum,calib,test,train,train
cadecv2:NEXIUM-NEXIUM.759,forum,cadecv2,ACID_RELATED,1,forum,calib,test,train,train
cadecv2:NEXIUM-NEXIUM.760,forum,cadecv2,ACID_RELATED,1,forum,calib,test,train,train
cadecv2:NEXIUM-NEXIUM.762,forum,cadecv2,ACID_RELATED,1,forum,calib,test,train,train
cadecv2:NEXIUM-NEXIUM.763,forum,cadecv2,ACID_RELATED,1,forum,calib,test,train,train
cadecv2:NEXIUM-NEXIUM.764,forum,cadecv2,ACID_RELATED,1,forum,calib,test,train,train
cadecv2:NEXIUM-NEXIUM.765,forum,cadecv2,ACID_RELATED,1,forum,calib,test,train,train
cadecv2:NEXIUM-NEXIUM.766,forum,cadecv2,ACID_RELATED,1,forum,calib,test,train,train
cadecv2:NEXIUM-NEXIUM.77,forum,cadecv2,ACID_RELATED,1,forum,calib,test,train,train
cadecv2:NEXIUM-NEXIUM.770,forum,cadecv2,ACID_RELATED,1,forum,calib,test,train,train
cadecv2:NEXIUM-NEXIUM.771,forum,cadecv2,ACID_RELATED,1,forum,calib,test,train,train
cadecv2:NEXIUM-NEXIUM.772,forum,cadecv2,ACID_RELATED,1,forum,calib,test,train,train
cadecv2:NEXIUM-NEXIUM.773,forum,cadecv2,ACID_RELATED,1,forum,calib,test,train,train
cadecv2:NEXIUM-NEXIUM.774,forum,cadecv2,ACID_RELATED,1,forum,calib,test,train,train
cadecv2:NEXIUM-NEXIUM.775,forum,cadecv2,ACID_RELATED,1,forum,calib,test,train,train
cadecv2:NEXIUM-NEXIUM.777,forum,cadecv2,ACID_RELATED,1,forum,calib,test,train,train
cadecv2:NEXIUM-NEXIUM.778,forum,cadecv2,ACID_RELATED,1,forum,calib,test,train,train
cadecv2:NEXIUM-NEXIUM.779,forum,cadecv2,ACID_RELATED,1,forum,calib,test,train,train
cadecv2:NEXIUM-NEXIUM.781,forum,cadecv2,ACID_RELATED,1,forum,calib,test,train,train
cadecv2:NEXIUM-NEXIUM.782,forum,cadecv2,ACID_RELATED,1,forum,calib,test,train,train
cadecv2:NEXIUM-NEXIUM.784,forum,cadecv2,ACID_RELATED,1,forum,calib,test,train,train
cadecv2:NEXIUM-NEXIUM.786,forum,cadecv2,ACID_RELATED,1,forum,calib,test,train,train
cadecv2:NEXIUM-NEXIUM.787,forum,cadecv2,ACID_RELATED,1,forum,calib,test,train,train
cadecv2:NEXIUM-NEXIUM.788,forum,cadecv2,ACID_RELATED,1,forum,calib,test,train,train
cadecv2:NEXIUM-NEXIUM.789,forum,cadecv2,ACID_RELATED,1,forum,calib,test,train,train
cadecv2:NEXIUM-NEXIUM.79,forum,cadecv2,ACID_RELATED,1,forum,calib,test,train,train
cadecv2:NEXIUM-NEXIUM.790,forum,cadecv2,ACID_RELATED,1,forum,calib,test,train,train
cadecv2:NEXIUM-NEXIUM.791,forum,cadecv2,ACID_RELATED,1,forum,calib,test,train,train
cadecv2:NEXIUM-NEXIUM.792,forum,cadecv2,ACID_RELATED,1,forum,calib,test,train,train
cadecv2:NEXIUM-NEXIUM.793,forum,cadecv2,ACID_RELATED,1,forum,calib,test,train,train
cadecv2:NEXIUM-NEXIUM.796,forum,cadecv2,ACID_RELATED,1,forum,calib,test,train,train
cadecv2:NEXIUM-NEXIUM.797,forum,cadecv2,ACID_RELATED,1,forum,calib,test,train,train
cadecv2:NEXIUM-NEXIUM.799,forum,cadecv2,ACID_RELATED,1,forum,calib,test,train,train
cadecv2:NEXIUM-NEXIUM.80,forum,cadecv2,ACID_RELATED,1,forum,calib,test,train,train
cadecv2:NEXIUM-NEXIUM.803,forum,cadecv2,ACID_RELATED,1,forum,calib,test,train,train
cadecv2:NEXIUM-NEXIUM.804,forum,cadecv2,ACID_RELATED,1,forum,calib,test,train,train
cadecv2:NEXIUM-NEXIUM.805,forum,cadecv2,ACID_RELATED,1,forum,calib,test,train,train
cadecv2:NEXIUM-NEXIUM.806,forum,cadecv2,ACID_RELATED,1,forum,calib,test,train,train
cadecv2:NEXIUM-NEXIUM.807,forum,cadecv2,ACID_RELATED,1,forum,calib,test,train,train
cadecv2:NEXIUM-NEXIUM.808,forum,cadecv2,ACID_RELATED,1,forum,calib,test,train,train
cadecv2:NEXIUM-NEXIUM.809,forum,cadecv2,ACID_RELATED,1,forum,calib,test,train,train
cadecv2:NEXIUM-NEXIUM.81,forum,cadecv2,ACID_RELATED,1,forum,calib,test,train,train
cadecv2:NEXIUM-NEXIUM.810,forum,cadecv2,ACID_RELATED,1,forum,calib,test,train,train
cadecv2:NEXIUM-NEXIUM.812,forum,cadecv2,ACID_RELATED,1,forum,calib,test,train,train
cadecv2:NEXIUM-NEXIUM.813,forum,cadecv2,ACID_RELATED,1,forum,calib,test,train,train
cadecv2:NEXIUM-NEXIUM.814,forum,cadecv2,ACID_RELATED,1,forum,calib,test,train,train
cadecv2:NEXIUM-NEXIUM.815,forum,cadecv2,ACID_RELATED,1,forum,calib,test,train,train
cadecv2:NEXIUM-NEXIUM.817,forum,cadecv2,ACID_RELATED,1,forum,calib,test,train,train
cadecv2:NEXIUM-NEXIUM.818,forum,cadecv2,ACID_RELATED,1,forum,calib,test,train,train
cadecv2:NEXIUM-NEXIUM.819,forum,cadecv2,ACID_RELATED,1,forum,calib,test,train,train
cadecv2:NEXIUM-NEXIUM.82,forum,cadecv2,ACID_RELATED,1,forum,calib,test,train,train
cadecv2:NEXIUM-NEXIUM.821,forum,cadecv2,ACID_RELATED,1,forum,calib,test,train,train
cadecv2:NEXIUM-NEXIUM.822,forum,cadecv2,ACID_RELATED,1,forum,calib,test,train,train
cadecv2:NEXIUM-NEXIUM.823,forum,cadecv2,ACID_RELATED,1,forum,calib,test,train,train
cadecv2:NEXIUM-NEXIUM.824,forum,cadecv2,ACID_RELATED,1,forum,calib,test,train,train
cadecv2:NEXIUM-NEXIUM.826,forum,cadecv2,ACID_RELATED,1,forum,calib,test,train,train
cadecv2:NEXIUM-NEXIUM.827,forum,cadecv2,ACID_RELATED,1,forum,calib,test,train,train
cadecv2:NEXIUM-NEXIUM.829,forum,cadecv2,ACID_RELATED,1,forum,calib,test,train,train
cadecv2:NEXIUM-NEXIUM.83,forum,cadecv2,ACID_RELATED,1,forum,calib,test,train,train
cadecv2:NEXIUM-NEXIUM.831,forum,cadecv2,ACID_RELATED,1,forum,calib,test,train,train
cadecv2:NEXIUM-NEXIUM.833,forum,cadecv2,ACID_RELATED,1,forum,calib,test,train,train
cadecv2:NEXIUM-NEXIUM.834,forum,cadecv2,ACID_RELATED,1,forum,calib,test,train,train
cadecv2:NEXIUM-NEXIUM.835,forum,cadecv2,ACID_RELATED,1,forum,calib,test,train,train
cadecv2:NEXIUM-NEXIUM.836,forum,cadecv2,ACID_RELATED,1,forum,calib,test,train,train
cadecv2:NEXIUM-NEXIUM.837,forum,cadecv2,ACID_RELATED,1,forum,calib,test,train,train
cadecv2:NEXIUM-NEXIUM.838,forum,cadecv2,ACID_RELATED,1,forum,calib,test,train,train
cadecv2:NEXIUM-NEXIUM.839,forum,cadecv2,ACID_RELATED,1,forum,calib,test,train,train
cadecv2:NEXIUM-NEXIUM.84,forum,cadecv2,ACID_RELATED,1,forum,calib,test,train,train
cadecv2:NEXIUM-NEXIUM.840,forum,cadecv2,ACID_RELATED,1,forum,calib,test,train,train
cadecv2:NEXIUM-NEXIUM.841,forum,cadecv2,ACID_RELATED,1,forum,calib,test,train,train
cadecv2:NEXIUM-NEXIUM.842,forum,cadecv2,ACID_RELATED,1,forum,calib,test,train,train
cadecv2:NEXIUM-NEXIUM.843,forum,cadecv2,ACID_RELATED,1,forum,calib,test,train,train
cadecv2:NEXIUM-NEXIUM.844,forum,cadecv2,ACID_RELATED,1,forum,calib,test,train,train
cadecv2:NEXIUM-NEXIUM.845,forum,cadecv2,ACID_RELATED,1,forum,calib,test,train,train
cadecv2:NEXIUM-NEXIUM.847,forum,cadecv2,ACID_RELATED,1,forum,calib,test,train,train
cadecv2:NEXIUM-NEXIUM.849,forum,cadecv2,ACID_RELATED,1,forum,calib,test,train,train
cadecv2:NEXIUM-NEXIUM.85,forum,cadecv2,ACID_RELATED,1,forum,calib,test,train,train
cadecv2:NEXIUM-NEXIUM.850,forum,cadecv2,ACID_RELATED,1,forum,calib,test,train,train
cadecv2:NEXIUM-NEXIUM.851,forum,cadecv2,ACID_RELATED,1,forum,calib,test,train,train
cadecv2:NEXIUM-NEXIUM.852,forum,cadecv2,ACID_RELATED,1,forum,calib,test,train,train
cadecv2:NEXIUM-NEXIUM.854,forum,cadecv2,ACID_RELATED,1,forum,calib,test,train,train
cadecv2:NEXIUM-NEXIUM.855,forum,cadecv2,ACID_RELATED,1,forum,calib,test,train,train
cadecv2:NEXIUM-NEXIUM.857,forum,cadecv2,ACID_RELATED,1,forum,calib,test,train,train
cadecv2:NEXIUM-NEXIUM.858,forum,cadecv2,ACID_RELATED,1,forum,calib,test,train,train
cadecv2:NEXIUM-NEXIUM.859,forum,cadecv2,ACID_RELATED,1,forum,calib,test,train,train
cadecv2:NEXIUM-NEXIUM.86,forum,cadecv2,ACID_RELATED,1,forum,calib,test,train,train
cadecv2:NEXIUM-NEXIUM.861,forum,cadecv2,ACID_RELATED,1,forum,calib,test,train,train
cadecv2:NEXIUM-NEXIUM.862,forum,cadecv2,ACID_RELATED,1,forum,calib,test,train,train
cadecv2:NEXIUM-NEXIUM.863,forum,cadecv2,ACID_RELATED,1,forum,calib,test,train,train
cadecv2:NEXIUM-NEXIUM.864,forum,cadecv2,ACID_RELATED,1,forum,calib,test,train,train
cadecv2:NEXIUM-NEXIUM.865,forum,cadecv2,ACID_RELATED,1,forum,calib,test,train,train
cadecv2:NEXIUM-NEXIUM.866,forum,cadecv2,ACID_RELATED,1,forum,calib,test,train,train
cadecv2:NEXIUM-NEXIUM.868,forum,cadecv2,ACID_RELATED,1,forum,calib,test,train,train
cadecv2:NEXIUM-NEXIUM.869,forum,cadecv2,ACID_RELATED,1,forum,calib,test,train,train
cadecv2:NEXIUM-NEXIUM.87,forum,cadecv2,ACID_RELATED,1,forum,calib,test,train,train
cadecv2:NEXIUM-NEXIUM.871,forum,cadecv2,ACID_RELATED,1,forum,calib,test,train,train
cadecv2:NEXIUM-NEXIUM.872,forum,cadecv2,ACID_RELATED,1,forum,calib,test,train,train
cadecv2:NEXIUM-NEXIUM.873,forum,cadecv2,ACID_RELATED,1,forum,calib,test,train,train
cadecv2:NEXIUM-NEXIUM.874,forum,cadecv2,ACID_RELATED,1,forum,calib,test,train,train
cadecv2:NEXIUM-NEXIUM.875,forum,cadecv2,ACID_RELATED,1,forum,calib,test,train,train
cadecv2:NEXIUM-NEXIUM.876,forum,cadecv2,ACID_RELATED,1,forum,calib,test,train,train
cadecv2:NEXIUM-NEXIUM.877,forum,cadecv2,ACID_RELATED,1,forum,calib,test,train,train
cadecv2:NEXIUM-NEXIUM.878,forum,cadecv2,ACID_RELATED,1,forum,calib,test,train,train
cadecv2:NEXIUM-NEXIUM.879,forum,cadecv2,ACID_RELATED,1,forum,calib,test,train,train
cadecv2:NEXIUM-NEXIUM.88,forum,cadecv2,ACID_RELATED,1,forum,calib,test,train,train
cadecv2:NEXIUM-NEXIUM.880,forum,cadecv2,ACID_RELATED,1,forum,calib,test,train,train
cadecv2:NEXIUM-NEXIUM.881,forum,cadecv2,ACID_RELATED,1,forum,calib,test,train,train
cadecv2:NEXIUM-NEXIUM.882,forum,cadecv2,ACID_RELATED,1,forum,calib,test,train,train
cadecv2:NEXIUM-NEXIUM.883,forum,cadecv2,ACID_RELATED,1,forum,calib,test,train,train
cadecv2:NEXIUM-NEXIUM.886,forum,cadecv2,ACID_RELATED,1,forum,calib,test,train,train
cadecv2:NEXIUM-NEXIUM.887,forum,cadecv2,ACID_RELATED,1,forum,calib,test,train,train
cadecv2:NEXIUM-NEXIUM.888,forum,cadecv2,ACID_RELATED,1,forum,calib,test,train,train
cadecv2:NEXIUM-NEXIUM.889,forum,cadecv2,ACID_RELATED,1,forum,calib,test,train,train
cadecv2:NEXIUM-NEXIUM.89,forum,cadecv2,ACID_RELATED,1,forum,calib,test,train,train
cadecv2:NEXIUM-NEXIUM.890,forum,cadecv2,ACID_RELATED,1,forum,calib,test,train,train
cadecv2:NEXIUM-NEXIUM.891,forum,cadecv2,ACID_RELATED,1,forum,calib,test,train,train
cadecv2:NEXIUM-NEXIUM.894,forum,cadecv2,ACID_RELATED,1,forum,calib,test,train,train
cadecv2:NEXIUM-NEXIUM.896,forum,cadecv2,ACID_RELATED,1,forum,calib,test,train,train
cadecv2:NEXIUM-NEXIUM.897,forum,cadecv2,ACID_RELATED,1,forum,calib,test,train,train
cadecv2:NEXIUM-NEXIUM.900,forum,cadecv2,ACID_RELATED,1,forum,calib,test,train,train
cadecv2:NEXIUM-NEXIUM.901,forum,cadecv2,ACID_RELATED,1,forum,calib,test,train,train
cadecv2:NEXIUM-NEXIUM.902,forum,cadecv2,ACID_RELATED,1,forum,calib,test,train,train
cadecv2:NEXIUM-NEXIUM.903,forum,cadecv2,ACID_RELATED,1,forum,calib,test,train,train
cadecv2:NEXIUM-NEXIUM.904,forum,cadecv2,ACID_RELATED,1,forum,calib,test,train,train
cadecv2:NEXIUM-NEXIUM.905,forum,cadecv2,ACID_RELATED,1,forum,calib,test,train,train
cadecv2:NEXIUM-NEXIUM.91,forum,cadecv2,ACID_RELATED,1,forum,calib,test,train,train
cadecv2:NEXIUM-NEXIUM.92,forum,cadecv2,ACID_RELATED,1,forum,calib,test,train,train
cadecv2:NEXIUM-NEXIUM.93,forum,cadecv2,ACID_RELATED,1,forum,calib,test,train,train
cadecv2:NEXIUM-NEXIUM.94,forum,cadecv2,ACID_RELATED,1,forum,calib,test,train,train
cadecv2:NEXIUM-NEXIUM.96,forum,cadecv2,ACID_RELATED,1,forum,calib,test,train,train
cadecv2:NEXIUM-NEXIUM.97,forum,cadecv2,ACID_RELATED,1,forum,calib,test,train,train
cadecv2:NEXIUM-NEXIUM.98,forum,cadecv2,ACID_RELATED,1,forum,calib,test,train,train
cadecv2:NEXIUM-NEXIUM.99,forum,cadecv2,ACID_RELATED,1,forum,calib,test,train,train
cadecv2:PPIS-AXID.1,forum,cadecv2,ACID_RELATED,1,forum,calib,test,train,train
cadecv2:PPIS-AXID.2,forum,cadecv2,ACID_RELATED,1,forum,calib,test,train,train
cadecv2:PPIS-AXID.3,forum,cadecv2,ACID_RELATED,1,forum,calib,test,train,train
cadecv2:PPIS-AXID.4,forum,cadecv2,ACID_RELATED,1,forum,calib,test,train,train
cadecv2:PPIS-AXID.5,forum,cadecv2,ACID_RELATED,1,forum,calib,test,train,train
cadecv2:PPIS-AXID.6,forum,cadecv2,ACID_RELATED,1,forum,calib,test,train,train
cadecv2:PPIS-DEXILANT.1,forum,cadecv2,ACID_RELATED,1,forum,calib,test,train,train
cadecv2:PPIS-DEXILANT.10,forum,cadecv2,ACID_RELATED,1,forum,calib,test,train,train
cadecv2:PPIS-DEXILANT.100,forum,cadecv2,ACID_RELATED,1,forum,calib,test,train,train
cadecv2:PPIS-DEXILANT.102,forum,cadecv2,ACID_RELATED,1,forum,calib,test,train,train
cadecv2:PPIS-DEXILANT.103,forum,cadecv2,ACID_RELATED,1,forum,calib,test,train,train
cadecv2:PPIS-DEXILANT.104,forum,cadecv2,ACID_RELATED,1,forum,calib,test,train,train
cadecv2:PPIS-DEXILANT.105,forum,cadecv2,ACID_RELATED,1,forum,calib,test,train,train
cadecv2:PPIS-DEXILANT.106,forum,cadecv2,ACID_RELATED,1,forum,calib,test,train,train
cadecv2:PPIS-DEXILANT.107,forum,cadecv2,ACID_RELATED,1,forum,calib,test,train,train
cadecv2:PPIS-DEXILANT.108,forum,cadecv2,ACID_RELATED,1,forum,calib,test,train,train
cadecv2:PPIS-DEXILANT.11,forum,cadecv2,ACID_RELATED,1,forum,calib,test,train,train
cadecv2:PPIS-DEXILANT.110,forum,cadecv2,ACID_RELATED,1,forum,calib,test,train,train
cadecv2:PPIS-DEXILANT.111,forum,cadecv2,ACID_RELATED,1,forum,calib,test,train,train
cadecv2:PPIS-DEXILANT.112,forum,cadecv2,ACID_RELATED,1,forum,calib,test,train,train
cadecv2:PPIS-DEXILANT.114,forum,cadecv2,ACID_RELATED,1,forum,calib,test,train,train
cadecv2:PPIS-DEXILANT.115,forum,cadecv2,ACID_RELATED,1,forum,calib,test,train,train
cadecv2:PPIS-DEXILANT.116,forum,cadecv2,ACID_RELATED,1,forum,calib,test,train,train
cadecv2:PPIS-DEXILANT.118,forum,cadecv2,ACID_RELATED,1,forum,calib,test,train,train
cadecv2:PPIS-DEXILANT.12,forum,cadecv2,ACID_RELATED,1,forum,calib,test,train,train
cadecv2:PPIS-DEXILANT.120,forum,cadecv2,ACID_RELATED,1,forum,calib,test,train,train
cadecv2:PPIS-DEXILANT.121,forum,cadecv2,ACID_RELATED,1,forum,calib,test,train,train
cadecv2:PPIS-DEXILANT.122,forum,cadecv2,ACID_RELATED,1,forum,calib,test,train,train
cadecv2:PPIS-DEXILANT.13,forum,cadecv2,ACID_RELATED,1,forum,calib,test,train,train
cadecv2:PPIS-DEXILANT.14,forum,cadecv2,ACID_RELATED,1,forum,calib,test,train,train
cadecv2:PPIS-DEXILANT.15,forum,cadecv2,ACID_RELATED,1,forum,calib,test,train,train
cadecv2:PPIS-DEXILANT.17,forum,cadecv2,ACID_RELATED,1,forum,calib,test,train,train
cadecv2:PPIS-DEXILANT.18,forum,cadecv2,ACID_RELATED,1,forum,calib,test,train,train
cadecv2:PPIS-DEXILANT.20,forum,cadecv2,ACID_RELATED,1,forum,calib,test,train,train
cadecv2:PPIS-DEXILANT.21,forum,cadecv2,ACID_RELATED,1,forum,calib,test,train,train
cadecv2:PPIS-DEXILANT.22,forum,cadecv2,ACID_RELATED,1,forum,calib,test,train,train
cadecv2:PPIS-DEXILANT.23,forum,cadecv2,ACID_RELATED,1,forum,calib,test,train,train
cadecv2:PPIS-DEXILANT.24,forum,cadecv2,ACID_RELATED,1,forum,calib,test,train,train
cadecv2:PPIS-DEXILANT.25,forum,cadecv2,ACID_RELATED,1,forum,calib,test,train,train
cadecv2:PPIS-DEXILANT.27,forum,cadecv2,ACID_RELATED,1,forum,calib,test,train,train
cadecv2:PPIS-DEXILANT.28,forum,cadecv2,ACID_RELATED,1,forum,calib,test,train,train
cadecv2:PPIS-DEXILANT.29,forum,cadecv2,ACID_RELATED,1,forum,calib,test,train,train
cadecv2:PPIS-DEXILANT.3,forum,cadecv2,ACID_RELATED,1,forum,calib,test,train,train
cadecv2:PPIS-DEXILANT.30,forum,cadecv2,ACID_RELATED,1,forum,calib,test,train,train
cadecv2:PPIS-DEXILANT.31,forum,cadecv2,ACID_RELATED,1,forum,calib,test,train,train
cadecv2:PPIS-DEXILANT.34,forum,cadecv2,ACID_RELATED,1,forum,calib,test,train,train
cadecv2:PPIS-DEXILANT.35,forum,cadecv2,ACID_RELATED,1,forum,calib,test,train,train
cadecv2:PPIS-DEXILANT.36,forum,cadecv2,ACID_RELATED,1,forum,calib,test,train,train
cadecv2:PPIS-DEXILANT.37,forum,cadecv2,ACID_RELATED,1,forum,calib,test,train,train
cadecv2:PPIS-DEXILANT.38,forum,cadecv2,ACID_RELATED,1,forum,calib,test,train,train
cadecv2:PPIS-DEXILANT.39,forum,cadecv2,ACID_RELATED,1,forum,calib,test,train,train
cadecv2:PPIS-DEXILANT.4,forum,cadecv2,ACID_RELATED,1,forum,calib,test,train,train
cadecv2:PPIS-DEXILANT.41,forum,cadecv2,ACID_RELATED,1,forum,calib,test,train,train
cadecv2:PPIS-DEXILANT.44,forum,cadecv2,ACID_RELATED,1,forum,calib,test,train,train
cadecv2:PPIS-DEXILANT.45,forum,cadecv2,ACID_RELATED,1,forum,calib,test,train,train
cadecv2:PPIS-DEXILANT.46,forum,cadecv2,ACID_RELATED,1,forum,calib,test,train,train
cadecv2:PPIS-DEXILANT.50,forum,cadecv2,ACID_RELATED,1,forum,calib,test,train,train
cadecv2:PPIS-DEXILANT.52,forum,cadecv2,ACID_RELATED,1,forum,calib,test,train,train
cadecv2:PPIS-DEXILANT.53,forum,cadecv2,ACID_RELATED,1,forum,calib,test,train,train
cadecv2:PPIS-DEXILANT.54,forum,cadecv2,ACID_RELATED,1,forum,calib,test,train,train
cadecv2:PPIS-DEXILANT.57,forum,cadecv2,ACID_RELATED,1,forum,calib,test,train,train
cadecv2:PPIS-DEXILANT.58,forum,cadecv2,ACID_RELATED,1,forum,calib,test,train,train
cadecv2:PPIS-DEXILANT.59,forum,cadecv2,ACID_RELATED,1,forum,calib,test,train,train
cadecv2:PPIS-DEXILANT.6,forum,cadecv2,ACID_RELATED,1,forum,calib,test,train,train
cadecv2:PPIS-DEXILANT.60,forum,cadecv2,ACID_RELATED,1,forum,calib,test,train,train
cadecv2:PPIS-DEXILANT.62,forum,cadecv2,ACID_RELATED,1,forum,calib,test,train,train
cadecv2:PPIS-DEXILANT.63,forum,cadecv2,ACID_RELATED,1,forum,calib,test,train,train
cadecv2:PPIS-DEXILANT.64,forum,cadecv2,ACID_RELATED,1,forum,calib,test,train,train
cadecv2:PPIS-DEXILANT.65,forum,cadecv2,ACID_RELATED,1,forum,calib,test,train,train
cadecv2:PPIS-DEXILANT.66,forum,cadecv2,ACID_RELATED,1,forum,calib,test,train,train
cadecv2:PPIS-DEXILANT.67,forum,cadecv2,ACID_RELATED,1,forum,calib,test,train,train
cadecv2:PPIS-DEXILANT.68,forum,cadecv2,ACID_RELATED,1,forum,calib,test,train,train
cadecv2:PPIS-DEXILANT.69,forum,cadecv2,ACID_RELATED,1,forum,calib,test,train,train
cadecv2:PPIS-DEXILANT.7,forum,cadecv2,ACID_RELATED,1,forum,calib,test,train,train
cadecv2:PPIS-DEXILANT.71,forum,cadecv2,ACID_RELATED,1,forum,calib,test,train,train
cadecv2:PPIS-DEXILANT.72,forum,cadecv2,ACID_RELATED,1,forum,calib,test,train,train
cadecv2:PPIS-DEXILANT.73,forum,cadecv2,ACID_RELATED,1,forum,calib,test,train,train
cadecv2:PPIS-DEXILANT.75,forum,cadecv2,ACID_RELATED,1,forum,calib,test,train,train
cadecv2:PPIS-DEXILANT.76,forum,cadecv2,ACID_RELATED,1,forum,calib,test,train,train
cadecv2:PPIS-DEXILANT.78,forum,cadecv2,ACID_RELATED,1,forum,calib,test,train,train
cadecv2:PPIS-DEXILANT.79,forum,cadecv2,ACID_RELATED,1,forum,calib,test,train,train
cadecv2:PPIS-DEXILANT.8,forum,cadecv2,ACID_RELATED,1,forum,calib,test,train,train
cadecv2:PPIS-DEXILANT.80,forum,cadecv2,ACID_RELATED,1,forum,calib,test,train,train
cadecv2:PPIS-DEXILANT.81,forum,cadecv2,ACID_RELATED,1,forum,calib,test,train,train
cadecv2:PPIS-DEXILANT.82,forum,cadecv2,ACID_RELATED,1,forum,calib,test,train,train
cadecv2:PPIS-DEXILANT.83,forum,cadecv2,ACID_RELATED,1,forum,calib,test,train,train
cadecv2:PPIS-DEXILANT.84,forum,cadecv2,ACID_RELATED,1,forum,calib,test,train,train
cadecv2:PPIS-DEXILANT.86,forum,cadecv2,ACID_RELATED,1,forum,calib,test,train,train
cadecv2:PPIS-DEXILANT.87,forum,cadecv2,ACID_RELATED,1,forum,calib,test,train,train
cadecv2:PPIS-DEXILANT.88,forum,cadecv2,ACID_RELATED,1,forum,calib,test,train,train
cadecv2:PPIS-DEXILANT.89,forum,cadecv2,ACID_RELATED,1,forum,calib,test,train,train
cadecv2:PPIS-DEXILANT.9,forum,cadecv2,ACID_RELATED,1,forum,calib,test,train,train
cadecv2:PPIS-DEXILANT.90,forum,cadecv2,ACID_RELATED,1,forum,calib,test,train,train
cadecv2:PPIS-DEXILANT.91,forum,cadecv2,ACID_RELATED,1,forum,calib,test,train,train
cadecv2:PPIS-DEXILANT.92,forum,cadecv2,ACID_RELATED,1,forum,calib,test,train,train
cadecv2:PPIS-DEXILANT.94,forum,cadecv2,ACID_RELATED,1,forum,calib,test,train,train
cadecv2:PPIS-DEXILANT.95,forum,cadecv2,ACID_RELATED,1,forum,calib,test,train,train
cadecv2:PPIS-DEXILANT.96,forum,cadecv2,ACID_RELATED,1,forum,calib,test,train,train
cadecv2:PPIS-DEXILANT.98,forum,cadecv2,ACID_RELATED,1,forum,calib,test,train,train
cadecv2:PPIS-DEXILANT.99,forum,cadecv2,ACID_RELATED,1,forum,calib,test,train,train
cadecv2:PPIS-PEPCID.1,forum,cadecv2,ACID_RELATED,1,forum,calib,test,train,train
cadecv2:PPIS-PEPCID.10,forum,cadecv2,ACID_RELATED,1,forum,calib,test,train,train
cadecv2:PPIS-PEPCID.100,forum,cadecv2,ACID_RELATED,1,forum,calib,test,train,train
cadecv2:PPIS-PEPCID.101,forum,cadecv2,ACID_RELATED,1,forum,calib,test,train,train
cadecv2:PPIS-PEPCID.102,forum,cadecv2,ACID_RELATED,1,forum,calib,test,train,train
cadecv2:PPIS-PEPCID.103,forum,cadecv2,ACID_RELATED,1,forum,calib,test,train,train
cadecv2:PPIS-PEPCID.104,forum,cadecv2,ACID_RELATED,1,forum,calib,test,train,train
cadecv2:PPIS-PEPCID.11,forum,cadecv2,ACID_RELATED,1,forum,calib,test,train,train
cadecv2:PPIS-PEPCID.13,forum,cadecv2,ACID_RELATED,1,forum,calib,test,train,train
cadecv2:PPIS-PEPCID.15,forum,cadecv2,ACID_RELATED,1,forum,calib,test,train,train
cadecv2:PPIS-PEPCID.17,forum,cadecv2,ACID_RELATED,1,forum,calib,test,train,train
cadecv2:PPIS-PEPCID.18,forum,cadecv2,ACID_RELATED,1,forum,calib,test,train,train
cadecv2:PPIS-PEPCID.19,forum,cadecv2,ACID_RELATED,1,forum,calib,test,train,train
cadecv2:PPIS-PEPCID.20,forum,cadecv2,ACID_RELATED,1,forum,calib,test,train,train
cadecv2:PPIS-PEPCID.22,forum,cadecv2,ACID_RELATED,1,forum,calib,test,train,train
cadecv2:PPIS-PEPCID.24,forum,cadecv2,ACID_RELATED,1,forum,calib,test,train,train
cadecv2:PPIS-PEPCID.26,forum,cadecv2,ACID_RELATED,1,forum,calib,test,train,train
cadecv2:PPIS-PEPCID.27,forum,cadecv2,ACID_RELATED,1,forum,calib,test,train,train
cadecv2:PPIS-PEPCID.29,forum,cadecv2,ACID_RELATED,1,forum,calib,test,train,train
cadecv2:PPIS-PEPCID.30,forum,cadecv2,ACID_RELATED,1,forum,calib,test,train,train
cadecv2:PPIS-PEPCID.31,forum,cadecv2,ACID_RELATED,1,forum,calib,test,train,train
cadecv2:PPIS-PEPCID.33,forum,cadecv2,ACID_RELATED,1,forum,calib,test,train,train
cadecv2:PPIS-PEPCID.34,forum,cadecv2,ACID_RELATED,1,forum,calib,test,train,train
cadecv2:PPIS-PEPCID.36,forum,cadecv2,ACID_RELATED,1,forum,calib,test,train,train
cadecv2:PPIS-PEPCID.38,forum,cadecv2,ACID_RELATED,1,forum,calib,test,train,train
cadecv2:PPIS-PEPCID.39,forum,cadecv2,ACID_RELATED,1,forum,calib,test,train,train
cadecv2:PPIS-PEPCID.4,forum,cadecv2,ACID_RELATED,1,forum,calib,test,train,train
cadecv2:PPIS-PEPCID.40,forum,cadecv2,ACID_RELATED,1,forum,calib,test,train,train
cadecv2:PPIS-PEPCID.41,forum,cadecv2,ACID_RELATED,1,forum,calib,test,train,train
cadecv2:PPIS-PEPCID.42,forum,cadecv2,ACID_RELATED,1,forum,calib,test,train,train
cadecv2:PPIS-PEPCID.43,forum,cadecv2,ACID_RELATED,1,forum,calib,test,train,train
cadecv2:PPIS-PEPCID.44,forum,cadecv2,ACID_RELATED,1,forum,calib,test,train,train
cadecv2:PPIS-PEPCID.45,forum,cadecv2,ACID_RELATED,1,forum,calib,test,train,train
cadecv2:PPIS-PEPCID.47,forum,cadecv2,ACID_RELATED,1,forum,calib,test,train,train
cadecv2:PPIS-PEPCID.48,forum,cadecv2,ACID_RELATED,1,forum,calib,test,train,train
cadecv2:PPIS-PEPCID.49,forum,cadecv2,ACID_RELATED,1,forum,calib,test,train,train
cadecv2:PPIS-PEPCID.5,forum,cadecv2,ACID_RELATED,1,forum,calib,test,train,train
cadecv2:PPIS-PEPCID.51,forum,cadecv2,ACID_RELATED,1,forum,calib,test,train,train
cadecv2:PPIS-PEPCID.52,forum,cadecv2,ACID_RELATED,1,forum,calib,test,train,train
cadecv2:PPIS-PEPCID.53,forum,cadecv2,ACID_RELATED,1,forum,calib,test,train,train
cadecv2:PPIS-PEPCID.54,forum,cadecv2,ACID_RELATED,1,forum,calib,test,train,train
cadecv2:PPIS-PEPCID.55,forum,cadecv2,ACID_RELATED,1,forum,calib,test,train,train
cadecv2:PPIS-PEPCID.57,forum,cadecv2,ACID_RELATED,1,forum,calib,test,train,train
cadecv2:PPIS-PEPCID.6,forum,cadecv2,ACID_RELATED,1,forum,calib,test,train,train
cadecv2:PPIS-PEPCID.60,forum,cadecv2,ACID_RELATED,1,forum,calib,test,train,train
cadecv2:PPIS-PEPCID.61,forum,cadecv2,ACID_RELATED,1,forum,calib,test,train,train
cadecv2:PPIS-PEPCID.62,forum,cadecv2,ACID_RELATED,1,forum,calib,test,train,train
cadecv2:PPIS-PEPCID.63,forum,cadecv2,ACID_RELATED,1,forum,calib,test,train,train
cadecv2:PPIS-PEPCID.65,forum,cadecv2,ACID_RELATED,1,forum,calib,test,train,train
cadecv2:PPIS-PEPCID.66,forum,cadecv2,ACID_RELATED,1,forum,calib,test,train,train
cadecv2:PPIS-PEPCID.67,forum,cadecv2,ACID_RELATED,1,forum,calib,test,train,train
cadecv2:PPIS-PEPCID.68,forum,cadecv2,ACID_RELATED,1,forum,calib,test,train,train
cadecv2:PPIS-PEPCID.7,forum,cadecv2,ACID_RELATED,1,forum,calib,test,train,train
cadecv2:PPIS-PEPCID.70,forum,cadecv2,ACID_RELATED,1,forum,calib,test,train,train
cadecv2:PPIS-PEPCID.71,forum,cadecv2,ACID_RELATED,1,forum,calib,test,train,train
cadecv2:PPIS-PEPCID.72,forum,cadecv2,ACID_RELATED,1,forum,calib,test,train,train
cadecv2:PPIS-PEPCID.74,forum,cadecv2,ACID_RELATED,1,forum,calib,test,train,train
cadecv2:PPIS-PEPCID.75,forum,cadecv2,ACID_RELATED,1,forum,calib,test,train,train
cadecv2:PPIS-PEPCID.76,forum,cadecv2,ACID_RELATED,1,forum,calib,test,train,train
cadecv2:PPIS-PEPCID.77,forum,cadecv2,ACID_RELATED,1,forum,calib,test,train,train
cadecv2:PPIS-PEPCID.78,forum,cadecv2,ACID_RELATED,1,forum,calib,test,train,train
cadecv2:PPIS-PEPCID.79,forum,cadecv2,ACID_RELATED,1,forum,calib,test,train,train
cadecv2:PPIS-PEPCID.8,forum,cadecv2,ACID_RELATED,1,forum,calib,test,train,train
cadecv2:PPIS-PEPCID.81,forum,cadecv2,ACID_RELATED,1,forum,calib,test,train,train
cadecv2:PPIS-PEPCID.82,forum,cadecv2,ACID_RELATED,1,forum,calib,test,train,train
cadecv2:PPIS-PEPCID.83,forum,cadecv2,ACID_RELATED,1,forum,calib,test,train,train
cadecv2:PPIS-PEPCID.84,forum,cadecv2,ACID_RELATED,1,forum,calib,test,train,train
cadecv2:PPIS-PEPCID.85,forum,cadecv2,ACID_RELATED,1,forum,calib,test,train,train
cadecv2:PPIS-PEPCID.86,forum,cadecv2,ACID_RELATED,1,forum,calib,test,train,train
cadecv2:PPIS-PEPCID.87,forum,cadecv2,ACID_RELATED,1,forum,calib,test,train,train
cadecv2:PPIS-PEPCID.88,forum,cadecv2,ACID_RELATED,1,forum,calib,test,train,train
cadecv2:PPIS-PEPCID.89,forum,cadecv2,ACID_RELATED,1,forum,calib,test,train,train
cadecv2:PPIS-PEPCID.9,forum,cadecv2,ACID_RELATED,1,forum,calib,test,train,train
cadecv2:PPIS-PEPCID.90,forum,cadecv2,ACID_RELATED,1,forum,calib,test,train,train
cadecv2:PPIS-PEPCID.91,forum,cadecv2,ACID_RELATED,1,forum,calib,test,train,train
cadecv2:PPIS-PEPCID.92,forum,cadecv2,ACID_RELATED,1,forum,calib,test,train,train
cadecv2:PPIS-PEPCID.93,forum,cadecv2,ACID_RELATED,1,forum,calib,test,train,train
cadecv2:PPIS-PEPCID.94,forum,cadecv2,ACID_RELATED,1,forum,calib,test,train,train
cadecv2:PPIS-PEPCID.95,forum,cadecv2,ACID_RELATED,1,forum,calib,test,train,train
cadecv2:PPIS-PEPCID.96,forum,cadecv2,ACID_RELATED,1,forum,calib,test,train,train
cadecv2:PPIS-PEPCID.97,forum,cadecv2,ACID_RELATED,1,forum,calib,test,train,train
cadecv2:PPIS-PEPCID.98,forum,cadecv2,ACID_RELATED,1,forum,calib,test,train,train
cadecv2:PPIS-PEPCID.99,forum,cadecv2,ACID_RELATED,1,forum,calib,test,train,train
cadecv2:PPIS-PEPCIDAC.1,forum,cadecv2,ACID_RELATED,1,forum,calib,test,train,train
cadecv2:PPIS-PEPCIDAC.10,forum,cadecv2,ACID_RELATED,1,forum,calib,test,train,train
cadecv2:PPIS-PEPCIDAC.11,forum,cadecv2,ACID_RELATED,1,forum,calib,test,train,train
cadecv2:PPIS-PEPCIDAC.12,forum,cadecv2,ACID_RELATED,1,forum,calib,test,train,train
cadecv2:PPIS-PEPCIDAC.13,forum,cadecv2,ACID_RELATED,1,forum,calib,test,train,train
cadecv2:PPIS-PEPCIDAC.14,forum,cadecv2,ACID_RELATED,1,forum,calib,test,train,train
cadecv2:PPIS-PEPCIDAC.16,forum,cadecv2,ACID_RELATED,1,forum,calib,test,train,train
cadecv2:PPIS-PEPCIDAC.17,forum,cadecv2,ACID_RELATED,1,forum,calib,test,train,train
cadecv2:PPIS-PEPCIDAC.18,forum,cadecv2,ACID_RELATED,1,forum,calib,test,train,train
cadecv2:PPIS-PEPCIDAC.19,forum,cadecv2,ACID_RELATED,1,forum,calib,test,train,train
cadecv2:PPIS-PEPCIDAC.2,forum,cadecv2,ACID_RELATED,1,forum,calib,test,train,train
cadecv2:PPIS-PEPCIDAC.20,forum,cadecv2,ACID_RELATED,1,forum,calib,test,train,train
cadecv2:PPIS-PEPCIDAC.21,forum,cadecv2,ACID_RELATED,1,forum,calib,test,train,train
cadecv2:PPIS-PEPCIDAC.22,forum,cadecv2,ACID_RELATED,1,forum,calib,test,train,train
cadecv2:PPIS-PEPCIDAC.23,forum,cadecv2,ACID_RELATED,1,forum,calib,test,train,train
cadecv2:PPIS-PEPCIDAC.24,forum,cadecv2,ACID_RELATED,1,forum,calib,test,train,train
cadecv2:PPIS-PEPCIDAC.25,forum,cadecv2,ACID_RELATED,1,forum,calib,test,train,train
cadecv2:PPIS-PEPCIDAC.26,forum,cadecv2,ACID_RELATED,1,forum,calib,test,train,train
cadecv2:PPIS-PEPCIDAC.28,forum,cadecv2,ACID_RELATED,1,forum,calib,test,train,train
cadecv2:PPIS-PEPCIDAC.29,forum,cadecv2,ACID_RELATED,1,forum,calib,test,train,train
cadecv2:PPIS-PEPCIDAC.3,forum,cadecv2,ACID_RELATED,1,forum,calib,test,train,train
cadecv2:PPIS-PEPCIDAC.30,forum,cadecv2,ACID_RELATED,1,forum,calib,test,train,train
cadecv2:PPIS-PEPCIDAC.31,forum,cadecv2,ACID_RELATED,1,forum,calib,test,train,train
cadecv2:PPIS-PEPCIDAC.33,forum,cadecv2,ACID_RELATED,1,forum,calib,test,train,train
cadecv2:PPIS-PEPCIDAC.35,forum,cadecv2,ACID_RELATED,1,forum,calib,test,train,train
cadecv2:PPIS-PEPCIDAC.36,forum,cadecv2,ACID_RELATED,1,forum,calib,test,train,train
cadecv2:PPIS-PEPCIDAC.37,forum,cadecv2,ACID_RELATED,1,forum,calib,test,train,train
cadecv2:PPIS-PEPCIDAC.4,forum,cadecv2,ACID_RELATED,1,forum,calib,test,train,train
cadecv2:PPIS-PEPCIDAC.5,forum,cadecv2,ACID_RELATED,1,forum,calib,test,train,train
cadecv2:PPIS-PEPCIDAC.6,forum,cadecv2,ACID_RELATED,1,forum,calib,test,train,train
cadecv2:PPIS-PEPCIDAC.7,forum,cadecv2,ACID_RELATED,1,forum,calib,test,train,train
cadecv2:PPIS-PEPCIDAC.9,forum,cadecv2,ACID_RELATED,1,forum,calib,test,train,train
cadecv2:PPIS-PEPCIDRPD.1,forum,cadecv2,ACID_RELATED,1,forum,calib,test,train,train
cadecv2:PPIS-ZANTAC150.10,forum,cadecv2,ACID_RELATED,1,forum,calib,test,train,train
cadecv2:PPIS-ZANTAC150.100,forum,cadecv2,ACID_RELATED,1,forum,calib,test,train,train
cadecv2:PPIS-ZANTAC150.101,forum,cadecv2,ACID_RELATED,1,forum,calib,test,train,train
cadecv2:PPIS-ZANTAC150.103,forum,cadecv2,ACID_RELATED,1,forum,calib,test,train,train
cadecv2:PPIS-ZANTAC150.104,forum,cadecv2,ACID_RELATED,1,forum,calib,test,train,train
cadecv2:PPIS-ZANTAC150.105,forum,cadecv2,ACID_RELATED,1,forum,calib,test,train,train
cadecv2:PPIS-ZANTAC150.106,forum,cadecv2,ACID_RELATED,1,forum,calib,test,train,train
cadecv2:PPIS-ZANTAC150.107,forum,cadecv2,ACID_RELATED,1,forum,calib,test,train,train
cadecv2:PPIS-ZANTAC150.108,forum,cadecv2,ACID_RELATED,1,forum,calib,test,train,train
cadecv2:PPIS-ZANTAC150.109,forum,cadecv2,ACID_RELATED,1,forum,calib,test,train,train
cadecv2:PPIS-ZANTAC150.11,forum,cadecv2,ACID_RELATED,1,forum,calib,test,train,train
cadecv2:PPIS-ZANTAC150.111,forum,cadecv2,ACID_RELATED,1,forum,calib,test,train,train
cadecv2:PPIS-ZANTAC150.113,forum,cadecv2,ACID_RELATED,1,forum,calib,test,train,train
cadecv2:PPIS-ZANTAC150.116,forum,cadecv2,ACID_RELATED,1,forum,calib,test,train,train
cadecv2:PPIS-ZANTAC150.117,forum,cadecv2,ACID_RELATED,1,forum,calib,test,train,train
cadecv2:PPIS-ZANTAC150.118,forum,cadecv2,ACID_RELATED,1,forum,calib,test,train,train
cadecv2:PPIS-ZANTAC150.119,forum,cadecv2,ACID_RELATED,1,forum,calib,test,train,train
cadecv2:PPIS-ZANTAC150.12,forum,cadecv2,ACID_RELATED,1,forum,calib,test,train,train
cadecv2:PPIS-ZANTAC150.121,forum,cadecv2,ACID_RELATED,1,forum,calib,test,train,train
cadecv2:PPIS-ZANTAC150.123,forum,cadecv2,ACID_RELATED,1,forum,calib,test,train,train
cadecv2:PPIS-ZANTAC150.124,forum,cadecv2,ACID_RELATED,1,forum,calib,test,train,train
cadecv2:PPIS-ZANTAC150.126,forum,cadecv2,ACID_RELATED,1,forum,calib,test,train,train
cadecv2:PPIS-ZANTAC150.127,forum,cadecv2,ACID_RELATED,1,forum,calib,test,train,train
cadecv2:PPIS-ZANTAC150.128,forum,cadecv2,ACID_RELATED,1,forum,calib,test,train,train
cadecv2:PPIS-ZANTAC150.129,forum,cadecv2,ACID_RELATED,1,forum,calib,test,train,train
cadecv2:PPIS-ZANTAC150.130,forum,cadecv2,ACID_RELATED,1,forum,calib,test,train,train
cadecv2:PPIS-ZANTAC150.131,forum,cadecv2,ACID_RELATED,1,forum,calib,test,train,train
cadecv2:PPIS-ZANTAC150.133,forum,cadecv2,ACID_RELATED,1,forum,calib,test,train,train
cadecv2:PPIS-ZANTAC150.135,forum,cadecv2,ACID_RELATED,1,forum,calib,test,train,train
cadecv2:PPIS-ZANTAC150.136,forum,cadecv2,ACID_RELATED,1,forum,calib,test,train,train
cadecv2:PPIS-ZANTAC150.139,forum,cadecv2,ACID_RELATED,1,forum,calib,test,train,train
cadecv2:PPIS-ZANTAC150.14,forum,cadecv2,ACID_RELATED,1,forum,calib,test,train,train
cadecv2:PPIS-ZANTAC150.141,forum,cadecv2,ACID_RELATED,1,forum,calib,test,train,train
cadecv2:PPIS-ZANTAC150.142,forum,cadecv2,ACID_RELATED,1,forum,calib,test,train,train
cadecv2:PPIS-ZANTAC150.144,forum,cadecv2,ACID_RELATED,1,forum,calib,test,train,train
cadecv2:PPIS-ZANTAC150.145,forum,cadecv2,ACID_RELATED,1,forum,calib,test,train,train
cadecv2:PPIS-ZANTAC150.146,forum,cadecv2,ACID_RELATED,1,forum,calib,test,train,train
cadecv2:PPIS-ZANTAC150.147,forum,cadecv2,ACID_RELATED,1,forum,calib,test,train,train
cadecv2:PPIS-ZANTAC150.148,forum,cadecv2,ACID_RELATED,1,forum,calib,test,train,train
cadecv2:PPIS-ZANTAC150.149,forum,cadecv2,ACID_RELATED,1,forum,calib,test,train,train
cadecv2:PPIS-ZANTAC150.15,forum,cadecv2,ACID_RELATED,1,forum,calib,test,train,train
cadecv2:PPIS-ZANTAC150.150,forum,cadecv2,ACID_RELATED,1,forum,calib,test,train,train
cadecv2:PPIS-ZANTAC150.151,forum,cadecv2,ACID_RELATED,1,forum,calib,test,train,train
cadecv2:PPIS-ZANTAC150.152,forum,cadecv2,ACID_RELATED,1,forum,calib,test,train,train
cadecv2:PPIS-ZANTAC150.153,forum,cadecv2,ACID_RELATED,1,forum,calib,test,train,train
cadecv2:PPIS-ZANTAC150.154,forum,cadecv2,ACID_RELATED,1,forum,calib,test,train,train
cadecv2:PPIS-ZANTAC150.155,forum,cadecv2,ACID_RELATED,1,forum,calib,test,train,train
cadecv2:PPIS-ZANTAC150.156,forum,cadecv2,ACID_RELATED,1,forum,calib,test,train,train
cadecv2:PPIS-ZANTAC150.157,forum,cadecv2,ACID_RELATED,1,forum,calib,test,train,train
cadecv2:PPIS-ZANTAC150.158,forum,cadecv2,ACID_RELATED,1,forum,calib,test,train,train
cadecv2:PPIS-ZANTAC150.16,forum,cadecv2,ACID_RELATED,1,forum,calib,test,train,train
cadecv2:PPIS-ZANTAC150.160,forum,cadecv2,ACID_RELATED,1,forum,calib,test,train,train
cadecv2:PPIS-ZANTAC150.161,forum,cadecv2,ACID_RELATED,1,forum,calib,test,train,train
cadecv2:PPIS-ZANTAC150.162,forum,cadecv2,ACID_RELATED,1,forum,calib,test,train,train
cadecv2:PPIS-ZANTAC150.164,forum,cadecv2,ACID_RELATED,1,forum,calib,test,train,train
cadecv2:PPIS-ZANTAC150.166,forum,cadecv2,ACID_RELATED,1,forum,calib,test,train,train
cadecv2:PPIS-ZANTAC150.167,forum,cadecv2,ACID_RELATED,1,forum,calib,test,train,train
cadecv2:PPIS-ZANTAC150.168,forum,cadecv2,ACID_RELATED,1,forum,calib,test,train,train
cadecv2:PPIS-ZANTAC150.169,forum,cadecv2,ACID_RELATED,1,forum,calib,test,train,train
cadecv2:PPIS-ZANTAC150.17,forum,cadecv2,ACID_RELATED,1,forum,calib,test,train,train
cadecv2:PPIS-ZANTAC150.171,forum,cadecv2,ACID_RELATED,1,forum,calib,test,train,train
cadecv2:PPIS-ZANTAC150.174,forum,cadecv2,ACID_RELATED,1,forum,calib,test,train,train
cadecv2:PPIS-ZANTAC150.175,forum,cadecv2,ACID_RELATED,1,forum,calib,test,train,train
cadecv2:PPIS-ZANTAC150.177,forum,cadecv2,ACID_RELATED,1,forum,calib,test,train,train
cadecv2:PPIS-ZANTAC150.178,forum,cadecv2,ACID_RELATED,1,forum,calib,test,train,train
cadecv2:PPIS-ZANTAC150.179,forum,cadecv2,ACID_RELATED,1,forum,calib,test,train,train
cadecv2:PPIS-ZANTAC150.18,forum,cadecv2,ACID_RELATED,1,forum,calib,test,train,train
cadecv2:PPIS-ZANTAC150.180,forum,cadecv2,ACID_RELATED,1,forum,calib,test,train,train
cadecv2:PPIS-ZANTAC150.181,forum,cadecv2,ACID_RELATED,1,forum,calib,test,train,train
cadecv2:PPIS-ZANTAC150.182,forum,cadecv2,ACID_RELATED,1,forum,calib,test,train,train
cadecv2:PPIS-ZANTAC150.184,forum,cadecv2,ACID_RELATED,1,forum,calib,test,train,train
cadecv2:PPIS-ZANTAC150.186,forum,cadecv2,ACID_RELATED,1,forum,calib,test,train,train
cadecv2:PPIS-ZANTAC150.188,forum,cadecv2,ACID_RELATED,1,forum,calib,test,train,train
cadecv2:PPIS-ZANTAC150.189,forum,cadecv2,ACID_RELATED,1,forum,calib,test,train,train
cadecv2:PPIS-ZANTAC150.19,forum,cadecv2,ACID_RELATED,1,forum,calib,test,train,train
cadecv2:PPIS-ZANTAC150.190,forum,cadecv2,ACID_RELATED,1,forum,calib,test,train,train
cadecv2:PPIS-ZANTAC150.191,forum,cadecv2,ACID_RELATED,1,forum,calib,test,train,train
cadecv2:PPIS-ZANTAC150.192,forum,cadecv2,ACID_RELATED,1,forum,calib,test,train,train
cadecv2:PPIS-ZANTAC150.193,forum,cadecv2,ACID_RELATED,1,forum,calib,test,train,train
cadecv2:PPIS-ZANTAC150.195,forum,cadecv2,ACID_RELATED,1,forum,calib,test,train,train
cadecv2:PPIS-ZANTAC150.196,forum,cadecv2,ACID_RELATED,1,forum,calib,test,train,train
cadecv2:PPIS-ZANTAC150.197,forum,cadecv2,ACID_RELATED,1,forum,calib,test,train,train
cadecv2:PPIS-ZANTAC150.198,forum,cadecv2,ACID_RELATED,1,forum,calib,test,train,train
cadecv2:PPIS-ZANTAC150.199,forum,cadecv2,ACID_RELATED,1,forum,calib,test,train,train
cadecv2:PPIS-ZANTAC150.2,forum,cadecv2,ACID_RELATED,1,forum,calib,test,train,train
cadecv2:PPIS-ZANTAC150.20,forum,cadecv2,ACID_RELATED,1,forum,calib,test,train,train
cadecv2:PPIS-ZANTAC150.200,forum,cadecv2,ACID_RELATED,1,forum,calib,test,train,train
cadecv2:PPIS-ZANTAC150.201,forum,cadecv2,ACID_RELATED,1,forum,calib,test,train,train
cadecv2:PPIS-ZANTAC150.202,forum,cadecv2,ACID_RELATED,1,forum,calib,test,train,train
cadecv2:PPIS-ZANTAC150.203,forum,cadecv2,ACID_RELATED,1,forum,calib,test,train,train
cadecv2:PPIS-ZANTAC150.204,forum,cadecv2,ACID_RELATED,1,forum,calib,test,train,train
cadecv2:PPIS-ZANTAC150.206,forum,cadecv2,ACID_RELATED,1,forum,calib,test,train,train
cadecv2:PPIS-ZANTAC150.207,forum,cadecv2,ACID_RELATED,1,forum,calib,test,train,train
cadecv2:PPIS-ZANTAC150.208,forum,cadecv2,ACID_RELATED,1,forum,calib,test,train,train
cadecv2:PPIS-ZANTAC150.209,forum,cadecv2,ACID_RELATED,1,forum,calib,test,train,train
cadecv2:PPIS-ZANTAC150.21,forum,cadecv2,ACID_RELATED,1,forum,calib,test,train,train
cadecv2:PPIS-ZANTAC150.210,forum,cadecv2,ACID_RELATED,1,forum,calib,test,train,train
cadecv2:PPIS-ZANTAC150.211,forum,cadecv2,ACID_RELATED,1,forum,calib,test,train,train
cadecv2:PPIS-ZANTAC150.214,forum,cadecv2,ACID_RELATED,1,forum,calib,test,train,train
cadecv2:PPIS-ZANTAC150.215,forum,cadecv2,ACID_RELATED,1,forum,calib,test,train,train
cadecv2:PPIS-ZANTAC150.216,forum,cadecv2,ACID_RELATED,1,forum,calib,test,train,train
cadecv2:PPIS-ZANTAC150.217,forum,cadecv2,ACID_RELATED,1,forum,calib,test,train,train
cadecv2:PPIS-ZANTAC150.219,forum,cadecv2,ACID_RELATED,1,forum,calib,test,train,train
cadecv2:PPIS-ZANTAC150.22,forum,cadecv2,ACID_RELATED,1,forum,calib,test,train,train
cadecv2:PPIS-ZANTAC150.220,forum,cadecv2,ACID_RELATED,1,forum,calib,test,train,train
cadecv2:PPIS-ZANTAC150.221,forum,cadecv2,ACID_RELATED,1,forum,calib,test,train,train
cadecv2:PPIS-ZANTAC150.223,forum,cadecv2,ACID_RELATED,1,forum,calib,test,train,train
cadecv2:PPIS-ZANTAC150.224,forum,cadecv2,ACID_RELATED,1,forum,calib,test,train,train
cadecv2:PPIS-ZANTAC150.226,forum,cadecv2,ACID_RELATED,1,forum,calib,test,train,train
cadecv2:PPIS-ZANTAC150.227,forum,cadecv2,ACID_RELATED,1,forum,calib,test,train,train
cadecv2:PPIS-ZANTAC150.228,forum,cadecv2,ACID_RELATED,1,forum,calib,test,train,train
cadecv2:PPIS-ZANTAC150.229,forum,cadecv2,ACID_RELATED,1,forum,calib,test,train,train
cadecv2:PPIS-ZANTAC150.23,forum,cadecv2,ACID_RELATED,1,forum,calib,test,train,train
cadecv2:PPIS-ZANTAC150.233,forum,cadecv2,ACID_RELATED,1,forum,calib,test,train,train
cadecv2:PPIS-ZANTAC150.234,forum,cadecv2,ACID_RELATED,1,forum,calib,test,train,train
cadecv2:PPIS-ZANTAC150.235,forum,cadecv2,ACID_RELATED,1,forum,calib,test,train,train
cadecv2:PPIS-ZANTAC150.24,forum,cadecv2,ACID_RELATED,1,forum,calib,test,train,train
cadecv2:PPIS-ZANTAC150.25,forum,cadecv2,ACID_RELATED,1,forum,calib,test,train,train
cadecv2:PPIS-ZANTAC150.26,forum,cadecv2,ACID_RELATED,1,forum,calib,test,train,train
cadecv2:PPIS-ZANTAC150.28,forum,cadecv2,ACID_RELATED,1,forum,calib,test,train,train
cadecv2:PPIS-ZANTAC150.29,forum,cadecv2,ACID_RELATED,1,forum,calib,test,train,train
cadecv2:PPIS-ZANTAC150.3,forum,cadecv2,ACID_RELATED,1,forum,calib,test,train,train
cadecv2:PPIS-ZANTAC150.30,forum,cadecv2,ACID_RELATED,1,forum,calib,test,train,train
cadecv2:PPIS-ZANTAC150.31,forum,cadecv2,ACID_RELATED,1,forum,calib,test,train,train
cadecv2:PPIS-ZANTAC150.32,forum,cadecv2,ACID_RELATED,1,forum,calib,test,train,train
cadecv2:PPIS-ZANTAC150.33,forum,cadecv2,ACID_RELATED,1,forum,calib,test,train,train
cadecv2:PPIS-ZANTAC150.34,forum,cadecv2,ACID_RELATED,1,forum,calib,test,train,train
cadecv2:PPIS-ZANTAC150.35,forum,cadecv2,ACID_RELATED,1,forum,calib,test,train,train
cadecv2:PPIS-ZANTAC150.36,forum,cadecv2,ACID_RELATED,1,forum,calib,test,train,train
cadecv2:PPIS-ZANTAC150.38,forum,cadecv2,ACID_RELATED,1,forum,calib,test,train,train
cadecv2:PPIS-ZANTAC150.39,forum,cadecv2,ACID_RELATED,1,forum,calib,test,train,train
cadecv2:PPIS-ZANTAC150.4,forum,cadecv2,ACID_RELATED,1,forum,calib,test,train,train
cadecv2:PPIS-ZANTAC150.40,forum,cadecv2,ACID_RELATED,1,forum,calib,test,train,train
cadecv2:PPIS-ZANTAC150.41,forum,cadecv2,ACID_RELATED,1,forum,calib,test,train,train
cadecv2:PPIS-ZANTAC150.43,forum,cadecv2,ACID_RELATED,1,forum,calib,test,train,train
cadecv2:PPIS-ZANTAC150.44,forum,cadecv2,ACID_RELATED,1,forum,calib,test,train,train
cadecv2:PPIS-ZANTAC150.46,forum,cadecv2,ACID_RELATED,1,forum,calib,test,train,train
cadecv2:PPIS-ZANTAC150.49,forum,cadecv2,ACID_RELATED,1,forum,calib,test,train,train
cadecv2:PPIS-ZANTAC150.5,forum,cadecv2,ACID_RELATED,1,forum,calib,test,train,train
cadecv2:PPIS-ZANTAC150.50,forum,cadecv2,ACID_RELATED,1,forum,calib,test,train,train
cadecv2:PPIS-ZANTAC150.51,forum,cadecv2,ACID_RELATED,1,forum,calib,test,train,train
cadecv2:PPIS-ZANTAC150.52,forum,cadecv2,ACID_RELATED,1,forum,calib,test,train,train
cadecv2:PPIS-ZANTAC150.54,forum,cadecv2,ACID_RELATED,1,forum,calib,test,train,train
cadecv2:PPIS-ZANTAC150.55,forum,cadecv2,ACID_RELATED,1,forum,calib,test,train,train
cadecv2:PPIS-ZANTAC150.56,forum,cadecv2,ACID_RELATED,1,forum,calib,test,train,train
cadecv2:PPIS-ZANTAC150.57,forum,cadecv2,ACID_RELATED,1,forum,calib,test,train,train
cadecv2:PPIS-ZANTAC150.58,forum,cadecv2,ACID_RELATED,1,forum,calib,test,train,train
cadecv2:PPIS-ZANTAC150.59,forum,cadecv2,ACID_RELATED,1,forum,calib,test,train,train
cadecv2:PPIS-ZANTAC150.6,forum,cadecv2,ACID_RELATED,1,forum,calib,test,train,train
cadecv2:PPIS-ZANTAC150.60,forum,cadecv2,ACID_RELATED,1,forum,calib,test,train,train
cadecv2:PPIS-ZANTAC150.61,forum,cadecv2,ACID_RELATED,1,forum,calib,test,train,train
cadecv2:PPIS-ZANTAC150.62,forum,cadecv2,ACID_RELATED,1,forum,calib,test,train,train
cadecv2:PPIS-ZANTAC150.63,forum,cadecv2,ACID_RELATED,1,forum,calib,test,train,train
cadecv2:PPIS-ZANTAC150.64,forum,cadecv2,ACID_RELATED,1,forum,calib,test,train,train
cadecv2:PPIS-ZANTAC150.65,forum,cadecv2,ACID_RELATED,1,forum,calib,test,train,train
cadecv2:PPIS-ZANTAC150.66,forum,cadecv2,ACID_RELATED,1,forum,calib,test,train,train
cadecv2:PPIS-ZANTAC150.67,forum,cadecv2,ACID_RELATED,1,forum,calib,test,train,train
cadecv2:PPIS-ZANTAC150.68,forum,cadecv2,ACID_RELATED,1,forum,calib,test,train,train
cadecv2:PPIS-ZANTAC150.69,forum,cadecv2,ACID_RELATED,1,forum,calib,test,train,train
cadecv2:PPIS-ZANTAC150.7,forum,cadecv2,ACID_RELATED,1,forum,calib,test,train,train
cadecv2:PPIS-ZANTAC150.70,forum,cadecv2,ACID_RELATED,1,forum,calib,test,train,train
cadecv2:PPIS-ZANTAC150.71,forum,cadecv2,ACID_RELATED,1,forum,calib,test,train,train
cadecv2:PPIS-ZANTAC150.72,forum,cadecv2,ACID_RELATED,1,forum,calib,test,train,train
cadecv2:PPIS-ZANTAC150.73,forum,cadecv2,ACID_RELATED,1,forum,calib,test,train,train
cadecv2:PPIS-ZANTAC150.74,forum,cadecv2,ACID_RELATED,1,forum,calib,test,train,train
cadecv2:PPIS-ZANTAC150.75,forum,cadecv2,ACID_RELATED,1,forum,calib,test,train,train
cadecv2:PPIS-ZANTAC150.76,forum,cadecv2,ACID_RELATED,1,forum,calib,test,train,train
cadecv2:PPIS-ZANTAC150.77,forum,cadecv2,ACID_RELATED,1,forum,calib,test,train,train
cadecv2:PPIS-ZANTAC150.79,forum,cadecv2,ACID_RELATED,1,forum,calib,test,train,train
cadecv2:PPIS-ZANTAC150.80,forum,cadecv2,ACID_RELATED,1,forum,calib,test,train,train
cadecv2:PPIS-ZANTAC150.81,forum,cadecv2,ACID_RELATED,1,forum,calib,test,train,train
cadecv2:PPIS-ZANTAC150.82,forum,cadecv2,ACID_RELATED,1,forum,calib,test,train,train
cadecv2:PPIS-ZANTAC150.83,forum,cadecv2,ACID_RELATED,1,forum,calib,test,train,train
cadecv2:PPIS-ZANTAC150.84,forum,cadecv2,ACID_RELATED,1,forum,calib,test,train,train
cadecv2:PPIS-ZANTAC150.85,forum,cadecv2,ACID_RELATED,1,forum,calib,test,train,train
cadecv2:PPIS-ZANTAC150.87,forum,cadecv2,ACID_RELATED,1,forum,calib,test,train,train
cadecv2:PPIS-ZANTAC150.88,forum,cadecv2,ACID_RELATED,1,forum,calib,test,train,train
cadecv2:PPIS-ZANTAC150.89,forum,cadecv2,ACID_RELATED,1,forum,calib,test,train,train
cadecv2:PPIS-ZANTAC150.9,forum,cadecv2,ACID_RELATED,1,forum,calib,test,train,train
cadecv2:PPIS-ZANTAC150.91,forum,cadecv2,ACID_RELATED,1,forum,calib,test,train,train
cadecv2:PPIS-ZANTAC150.92,forum,cadecv2,ACID_RELATED,1,forum,calib,test,train,train
cadecv2:PPIS-ZANTAC150.93,forum,cadecv2,ACID_RELATED,1,forum,calib,test,train,train
cadecv2:PPIS-ZANTAC150.95,forum,cadecv2,ACID_RELATED,1,forum,calib,test,train,train
cadecv2:PPIS-ZANTAC150.96,forum,cadecv2,ACID_RELATED,1,forum,calib,test,train,train
cadecv2:PPIS-ZANTAC150.97,forum,cadecv2,ACID_RELATED,1,forum,calib,test,train,train
cadecv2:PPIS-ZANTAC150.98,forum,cadecv2,ACID_RELATED,1,forum,calib,test,train,train
cadecv2:PPIS-ZANTAC150.99,forum,cadecv2,ACID_RELATED,1,forum,calib,test,train,train
cadecv2:PPIS-ZANTAC75.1,forum,cadecv2,ACID_RELATED,1,forum,calib,test,train,train
cadecv2:PPIS-ZANTAC75.10,forum,cadecv2,ACID_RELATED,1,forum,calib,test,train,train
cadecv2:PPIS-ZANTAC75.12,forum,cadecv2,ACID_RELATED,1,forum,calib,test,train,train
cadecv2:PPIS-ZANTAC75.13,forum,cadecv2,ACID_RELATED,1,forum,calib,test,train,train
cadecv2:PPIS-ZANTAC75.14,forum,cadecv2,ACID_RELATED,1,forum,calib,test,train,train
cadecv2:PPIS-ZANTAC75.15,forum,cadecv2,ACID_RELATED,1,forum,calib,test,train,train
cadecv2:PPIS-ZANTAC75.16,forum,cadecv2,ACID_RELATED,1,forum,calib,test,train,train
cadecv2:PPIS-ZANTAC75.17,forum,cadecv2,ACID_RELATED,1,forum,calib,test,train,train
cadecv2:PPIS-ZANTAC75.18,forum,cadecv2,ACID_RELATED,1,forum,calib,test,train,train
cadecv2:PPIS-ZANTAC75.2,forum,cadecv2,ACID_RELATED,1,forum,calib,test,train,train
cadecv2:PPIS-ZANTAC75.20,forum,cadecv2,ACID_RELATED,1,forum,calib,test,train,train
cadecv2:PPIS-ZANTAC75.22,forum,cadecv2,ACID_RELATED,1,forum,calib,test,train,train
cadecv2:PPIS-ZANTAC75.23,forum,cadecv2,ACID_RELATED,1,forum,calib,test,train,train
cadecv2:PPIS-ZANTAC75.24,forum,cadecv2,ACID_RELATED,1,forum,calib,test,train,train
cadecv2:PPIS-ZANTAC75.25,forum,cadecv2,ACID_RELATED,1,forum,calib,test,train,train
cadecv2:PPIS-ZANTAC75.26,forum,cadecv2,ACID_RELATED,1,forum,calib,test,train,train
cadecv2:PPIS-ZANTAC75.3,forum,cadecv2,ACID_RELATED,1,forum,calib,test,train,train
cadecv2:PPIS-ZANTAC75.4,forum,cadecv2,ACID_RELATED,1,forum,calib,test,train,train
cadecv2:PPIS-ZANTAC75.7,forum,cadecv2,ACID_RELATED,1,forum,calib,test,train,train
cadecv2:PPIS-ZANTAC75.9,forum,cadecv2,ACID_RELATED,1,forum,calib,test,train,train
cadecv1:ARTHROTEC.1,forum,cadec_v1,NSAID,2,forum,train,calib,test,train
cadecv1:ARTHROTEC.10,forum,cadec_v1,NSAID,2,forum,train,calib,test,train
cadecv1:ARTHROTEC.100,forum,cadec_v1,NSAID,2,forum,train,calib,test,train
cadecv1:ARTHROTEC.101,forum,cadec_v1,NSAID,2,forum,train,calib,test,train
cadecv1:ARTHROTEC.102,forum,cadec_v1,NSAID,2,forum,train,calib,test,train
cadecv1:ARTHROTEC.103,forum,cadec_v1,NSAID,2,forum,train,calib,test,train
cadecv1:ARTHROTEC.104,forum,cadec_v1,NSAID,2,forum,train,calib,test,train
cadecv1:ARTHROTEC.106,forum,cadec_v1,NSAID,2,forum,train,calib,test,train
cadecv1:ARTHROTEC.107,forum,cadec_v1,NSAID,2,forum,train,calib,test,train
cadecv1:ARTHROTEC.109,forum,cadec_v1,NSAID,2,forum,train,calib,test,train
cadecv1:ARTHROTEC.11,forum,cadec_v1,NSAID,2,forum,train,calib,test,train
cadecv1:ARTHROTEC.111,forum,cadec_v1,NSAID,2,forum,train,calib,test,train
cadecv1:ARTHROTEC.112,forum,cadec_v1,NSAID,2,forum,train,calib,test,train
cadecv1:ARTHROTEC.113,forum,cadec_v1,NSAID,2,forum,train,calib,test,train
cadecv1:ARTHROTEC.114,forum,cadec_v1,NSAID,2,forum,train,calib,test,train
cadecv1:ARTHROTEC.115,forum,cadec_v1,NSAID,2,forum,train,calib,test,train
cadecv1:ARTHROTEC.116,forum,cadec_v1,NSAID,2,forum,train,calib,test,train
cadecv1:ARTHROTEC.117,forum,cadec_v1,NSAID,2,forum,train,calib,test,train
cadecv1:ARTHROTEC.118,forum,cadec_v1,NSAID,2,forum,train,calib,test,train
cadecv1:ARTHROTEC.119,forum,cadec_v1,NSAID,2,forum,train,calib,test,train
cadecv1:ARTHROTEC.12,forum,cadec_v1,NSAID,2,forum,train,calib,test,train
cadecv1:ARTHROTEC.122,forum,cadec_v1,NSAID,2,forum,train,calib,test,train
cadecv1:ARTHROTEC.123,forum,cadec_v1,NSAID,2,forum,train,calib,test,train
cadecv1:ARTHROTEC.125,forum,cadec_v1,NSAID,2,forum,train,calib,test,train
cadecv1:ARTHROTEC.126,forum,cadec_v1,NSAID,2,forum,train,calib,test,train
cadecv1:ARTHROTEC.127,forum,cadec_v1,NSAID,2,forum,train,calib,test,train
cadecv1:ARTHROTEC.129,forum,cadec_v1,NSAID,2,forum,train,calib,test,train
cadecv1:ARTHROTEC.130,forum,cadec_v1,NSAID,2,forum,train,calib,test,train
cadecv1:ARTHROTEC.131,forum,cadec_v1,NSAID,2,forum,train,calib,test,train
cadecv1:ARTHROTEC.132,forum,cadec_v1,NSAID,2,forum,train,calib,test,train
cadecv1:ARTHROTEC.137,forum,cadec_v1,NSAID,2,forum,train,calib,test,train
cadecv1:ARTHROTEC.138,forum,cadec_v1,NSAID,2,forum,train,calib,test,train
cadecv1:ARTHROTEC.139,forum,cadec_v1,NSAID,2,forum,train,calib,test,train
cadecv1:ARTHROTEC.141,forum,cadec_v1,NSAID,2,forum,train,calib,test,train
cadecv1:ARTHROTEC.144,forum,cadec_v1,NSAID,2,forum,train,calib,test,train
cadecv1:ARTHROTEC.145,forum,cadec_v1,NSAID,2,forum,train,calib,test,train
cadecv1:ARTHROTEC.17,forum,cadec_v1,NSAID,2,forum,train,calib,test,train
cadecv1:ARTHROTEC.18,forum,cadec_v1,NSAID,2,forum,train,calib,test,train
cadecv1:ARTHROTEC.19,forum,cadec_v1,NSAID,2,forum,train,calib,test,train
cadecv1:ARTHROTEC.2,forum,cadec_v1,NSAID,2,forum,train,calib,test,train
cadecv1:ARTHROTEC.20,forum,cadec_v1,NSAID,2,forum,train,calib,test,train
cadecv1:ARTHROTEC.21,forum,cadec_v1,NSAID,2,forum,train,calib,test,train
cadecv1:ARTHROTEC.22,forum,cadec_v1,NSAID,2,forum,train,calib,test,train
cadecv1:ARTHROTEC.25,forum,cadec_v1,NSAID,2,forum,train,calib,test,train
cadecv1:ARTHROTEC.28,forum,cadec_v1,NSAID,2,forum,train,calib,test,train
cadecv1:ARTHROTEC.29,forum,cadec_v1,NSAID,2,forum,train,calib,test,train
cadecv1:ARTHROTEC.30,forum,cadec_v1,NSAID,2,forum,train,calib,test,train
cadecv1:ARTHROTEC.32,forum,cadec_v1,NSAID,2,forum,train,calib,test,train
cadecv1:ARTHROTEC.33,forum,cadec_v1,NSAID,2,forum,train,calib,test,train
cadecv1:ARTHROTEC.34,forum,cadec_v1,NSAID,2,forum,train,calib,test,train
cadecv1:ARTHROTEC.36,forum,cadec_v1,NSAID,2,forum,train,calib,test,train
cadecv1:ARTHROTEC.38,forum,cadec_v1,NSAID,2,forum,train,calib,test,train
cadecv1:ARTHROTEC.39,forum,cadec_v1,NSAID,2,forum,train,calib,test,train
cadecv1:ARTHROTEC.40,forum,cadec_v1,NSAID,2,forum,train,calib,test,train
cadecv1:ARTHROTEC.41,forum,cadec_v1,NSAID,2,forum,train,calib,test,train
cadecv1:ARTHROTEC.42,forum,cadec_v1,NSAID,2,forum,train,calib,test,train
cadecv1:ARTHROTEC.43,forum,cadec_v1,NSAID,2,forum,train,calib,test,train
cadecv1:ARTHROTEC.45,forum,cadec_v1,NSAID,2,forum,train,calib,test,train
cadecv1:ARTHROTEC.46,forum,cadec_v1,NSAID,2,forum,train,calib,test,train
cadecv1:ARTHROTEC.47,forum,cadec_v1,NSAID,2,forum,train,calib,test,train
cadecv1:ARTHROTEC.5,forum,cadec_v1,NSAID,2,forum,train,calib,test,train
cadecv1:ARTHROTEC.50,forum,cadec_v1,NSAID,2,forum,train,calib,test,train
cadecv1:ARTHROTEC.51,forum,cadec_v1,NSAID,2,forum,train,calib,test,train
cadecv1:ARTHROTEC.54,forum,cadec_v1,NSAID,2,forum,train,calib,test,train
cadecv1:ARTHROTEC.55,forum,cadec_v1,NSAID,2,forum,train,calib,test,train
cadecv1:ARTHROTEC.56,forum,cadec_v1,NSAID,2,forum,train,calib,test,train
cadecv1:ARTHROTEC.57,forum,cadec_v1,NSAID,2,forum,train,calib,test,train
cadecv1:ARTHROTEC.59,forum,cadec_v1,NSAID,2,forum,train,calib,test,train
cadecv1:ARTHROTEC.60,forum,cadec_v1,NSAID,2,forum,train,calib,test,train
cadecv1:ARTHROTEC.61,forum,cadec_v1,NSAID,2,forum,train,calib,test,train
cadecv1:ARTHROTEC.62,forum,cadec_v1,NSAID,2,forum,train,calib,test,train
cadecv1:ARTHROTEC.63,forum,cadec_v1,NSAID,2,forum,train,calib,test,train
cadecv1:ARTHROTEC.65,forum,cadec_v1,NSAID,2,forum,train,calib,test,train
cadecv1:ARTHROTEC.67,forum,cadec_v1,NSAID,2,forum,train,calib,test,train
cadecv1:ARTHROTEC.71,forum,cadec_v1,NSAID,2,forum,train,calib,test,train
cadecv1:ARTHROTEC.72,forum,cadec_v1,NSAID,2,forum,train,calib,test,train
cadecv1:ARTHROTEC.73,forum,cadec_v1,NSAID,2,forum,train,calib,test,train
cadecv1:ARTHROTEC.76,forum,cadec_v1,NSAID,2,forum,train,calib,test,train
cadecv1:ARTHROTEC.77,forum,cadec_v1,NSAID,2,forum,train,calib,test,train
cadecv1:ARTHROTEC.78,forum,cadec_v1,NSAID,2,forum,train,calib,test,train
cadecv1:ARTHROTEC.79,forum,cadec_v1,NSAID,2,forum,train,calib,test,train
cadecv1:ARTHROTEC.80,forum,cadec_v1,NSAID,2,forum,train,calib,test,train
cadecv1:ARTHROTEC.81,forum,cadec_v1,NSAID,2,forum,train,calib,test,train
cadecv1:ARTHROTEC.84,forum,cadec_v1,NSAID,2,forum,train,calib,test,train
cadecv1:ARTHROTEC.85,forum,cadec_v1,NSAID,2,forum,train,calib,test,train
cadecv1:ARTHROTEC.88,forum,cadec_v1,NSAID,2,forum,train,calib,test,train
cadecv1:ARTHROTEC.89,forum,cadec_v1,NSAID,2,forum,train,calib,test,train
cadecv1:ARTHROTEC.91,forum,cadec_v1,NSAID,2,forum,train,calib,test,train
cadecv1:ARTHROTEC.92,forum,cadec_v1,NSAID,2,forum,train,calib,test,train
cadecv1:ARTHROTEC.93,forum,cadec_v1,NSAID,2,forum,train,calib,test,train
cadecv1:ARTHROTEC.96,forum,cadec_v1,NSAID,2,forum,train,calib,test,train
cadecv1:ARTHROTEC.97,forum,cadec_v1,NSAID,2,forum,train,calib,test,train
cadecv1:ARTHROTEC.98,forum,cadec_v1,NSAID,2,forum,train,calib,test,train
cadecv1:ARTHROTEC.99,forum,cadec_v1,NSAID,2,forum,train,calib,test,train
cadecv1:CAMBIA.1,forum,cadec_v1,NSAID,2,forum,train,calib,test,train
cadecv1:CAMBIA.4,forum,cadec_v1,NSAID,2,forum,train,calib,test,train
cadecv1:CATAFLAM.1,forum,cadec_v1,NSAID,2,forum,train,calib,test,train
cadecv1:CATAFLAM.10,forum,cadec_v1,NSAID,2,forum,train,calib,test,train
cadecv1:CATAFLAM.3,forum,cadec_v1,NSAID,2,forum,train,calib,test,train
cadecv1:CATAFLAM.4,forum,cadec_v1,NSAID,2,forum,train,calib,test,train
cadecv1:CATAFLAM.5,forum,cadec_v1,NSAID,2,forum,train,calib,test,train
cadecv1:CATAFLAM.7,forum,cadec_v1,NSAID,2,forum,train,calib,test,train
cadecv1:CATAFLAM.9,forum,cadec_v1,NSAID,2,forum,train,calib,test,train
cadecv1:DICLOFENAC-POTASSIUM.1,forum,cadec_v1,NSAID,2,forum,train,calib,test,train
cadecv1:DICLOFENAC-POTASSIUM.2,forum,cadec_v1,NSAID,2,forum,train,calib,test,train
cadecv1:DICLOFENAC-SODIUM.3,forum,cadec_v1,NSAID,2,forum,train,calib,test,train
cadecv1:DICLOFENAC-SODIUM.5,forum,cadec_v1,NSAID,2,forum,train,calib,test,train
cadecv1:DICLOFENAC-SODIUM.7,forum,cadec_v1,NSAID,2,forum,train,calib,test,train
cadecv1:FLECTOR.1,forum,cadec_v1,NSAID,2,forum,train,calib,test,train
cadecv1:LIPITOR.1,forum,cadec_v1,STATIN,2,forum,train,calib,test,train
cadecv1:LIPITOR.10,forum,cadec_v1,STATIN,2,forum,train,calib,test,train
cadecv1:LIPITOR.100,forum,cadec_v1,STATIN,2,forum,train,calib,test,train
cadecv1:LIPITOR.1000,forum,cadec_v1,STATIN,2,forum,train,calib,test,train
cadecv1:LIPITOR.101,forum,cadec_v1,STATIN,2,forum,train,calib,test,train
cadecv1:LIPITOR.102,forum,cadec_v1,STATIN,2,forum,train,calib,test,train
cadecv1:LIPITOR.103,forum,cadec_v1,STATIN,2,forum,train,calib,test,train
cadecv1:LIPITOR.104,forum,cadec_v1,STATIN,2,forum,train,calib,test,train
cadecv1:LIPITOR.105,forum,cadec_v1,STATIN,2,forum,train,calib,test,train
cadecv1:LIPITOR.106,forum,cadec_v1,STATIN,2,forum,train,calib,test,train
cadecv1:LIPITOR.107,forum,cadec_v1,STATIN,2,forum,train,calib,test,train
cadecv1:LIPITOR.108,forum,cadec_v1,STATIN,2,forum,train,calib,test,train
cadecv1:LIPITOR.109,forum,cadec_v1,STATIN,2,forum,train,calib,test,train
cadecv1:LIPITOR.11,forum,cadec_v1,STATIN,2,forum,train,calib,test,train
cadecv1:LIPITOR.110,forum,cadec_v1,STATIN,2,forum,train,calib,test,train
cadecv1:LIPITOR.111,forum,cadec_v1,STATIN,2,forum,train,calib,test,train
cadecv1:LIPITOR.112,forum,cadec_v1,STATIN,2,forum,train,calib,test,train
cadecv1:LIPITOR.113,forum,cadec_v1,STATIN,2,forum,train,calib,test,train
cadecv1:LIPITOR.114,forum,cadec_v1,STATIN,2,forum,train,calib,test,train
cadecv1:LIPITOR.115,forum,cadec_v1,STATIN,2,forum,train,calib,test,train
cadecv1:LIPITOR.116,forum,cadec_v1,STATIN,2,forum,train,calib,test,train
cadecv1:LIPITOR.117,forum,cadec_v1,STATIN,2,forum,train,calib,test,train
cadecv1:LIPITOR.118,forum,cadec_v1,STATIN,2,forum,train,calib,test,train
cadecv1:LIPITOR.119,forum,cadec_v1,STATIN,2,forum,train,calib,test,train
cadecv1:LIPITOR.12,forum,cadec_v1,STATIN,2,forum,train,calib,test,train
cadecv1:LIPITOR.120,forum,cadec_v1,STATIN,2,forum,train,calib,test,train
cadecv1:LIPITOR.121,forum,cadec_v1,STATIN,2,forum,train,calib,test,train
cadecv1:LIPITOR.122,forum,cadec_v1,STATIN,2,forum,train,calib,test,train
cadecv1:LIPITOR.123,forum,cadec_v1,STATIN,2,forum,train,calib,test,train
cadecv1:LIPITOR.124,forum,cadec_v1,STATIN,2,forum,train,calib,test,train
cadecv1:LIPITOR.125,forum,cadec_v1,STATIN,2,forum,train,calib,test,train
cadecv1:LIPITOR.126,forum,cadec_v1,STATIN,2,forum,train,calib,test,train
cadecv1:LIPITOR.127,forum,cadec_v1,STATIN,2,forum,train,calib,test,train
cadecv1:LIPITOR.128,forum,cadec_v1,STATIN,2,forum,train,calib,test,train
cadecv1:LIPITOR.129,forum,cadec_v1,STATIN,2,forum,train,calib,test,train
cadecv1:LIPITOR.13,forum,cadec_v1,STATIN,2,forum,train,calib,test,train
cadecv1:LIPITOR.130,forum,cadec_v1,STATIN,2,forum,train,calib,test,train
cadecv1:LIPITOR.131,forum,cadec_v1,STATIN,2,forum,train,calib,test,train
cadecv1:LIPITOR.132,forum,cadec_v1,STATIN,2,forum,train,calib,test,train
cadecv1:LIPITOR.133,forum,cadec_v1,STATIN,2,forum,train,calib,test,train
cadecv1:LIPITOR.134,forum,cadec_v1,STATIN,2,forum,train,calib,test,train
cadecv1:LIPITOR.135,forum,cadec_v1,STATIN,2,forum,train,calib,test,train
cadecv1:LIPITOR.136,forum,cadec_v1,STATIN,2,forum,train,calib,test,train
cadecv1:LIPITOR.137,forum,cadec_v1,STATIN,2,forum,train,calib,test,train
cadecv1:LIPITOR.138,forum,cadec_v1,STATIN,2,forum,train,calib,test,train
cadecv1:LIPITOR.139,forum,cadec_v1,STATIN,2,forum,train,calib,test,train
cadecv1:LIPITOR.14,forum,cadec_v1,STATIN,2,forum,train,calib,test,train
cadecv1:LIPITOR.140,forum,cadec_v1,STATIN,2,forum,train,calib,test,train
cadecv1:LIPITOR.141,forum,cadec_v1,STATIN,2,forum,train,calib,test,train
cadecv1:LIPITOR.142,forum,cadec_v1,STATIN,2,forum,train,calib,test,train
cadecv1:LIPITOR.143,forum,cadec_v1,STATIN,2,forum,train,calib,test,train
cadecv1:LIPITOR.144,forum,cadec_v1,STATIN,2,forum,train,calib,test,train
cadecv1:LIPITOR.145,forum,cadec_v1,STATIN,2,forum,train,calib,test,train
cadecv1:LIPITOR.146,forum,cadec_v1,STATIN,2,forum,train,calib,test,train
cadecv1:LIPITOR.147,forum,cadec_v1,STATIN,2,forum,train,calib,test,train
cadecv1:LIPITOR.148,forum,cadec_v1,STATIN,2,forum,train,calib,test,train
cadecv1:LIPITOR.149,forum,cadec_v1,STATIN,2,forum,train,calib,test,train
cadecv1:LIPITOR.15,forum,cadec_v1,STATIN,2,forum,train,calib,test,train
cadecv1:LIPITOR.150,forum,cadec_v1,STATIN,2,forum,train,calib,test,train
cadecv1:LIPITOR.151,forum,cadec_v1,STATIN,2,forum,train,calib,test,train
cadecv1:LIPITOR.152,forum,cadec_v1,STATIN,2,forum,train,calib,test,train
cadecv1:LIPITOR.153,forum,cadec_v1,STATIN,2,forum,train,calib,test,train
cadecv1:LIPITOR.154,forum,cadec_v1,STATIN,2,forum,train,calib,test,train
cadecv1:LIPITOR.155,forum,cadec_v1,STATIN,2,forum,train,calib,test,train
cadecv1:LIPITOR.156,forum,cadec_v1,STATIN,2,forum,train,calib,test,train
cadecv1:LIPITOR.157,forum,cadec_v1,STATIN,2,forum,train,calib,test,train
cadecv1:LIPITOR.158,forum,cadec_v1,STATIN,2,forum,train,calib,test,train
cadecv1:LIPITOR.159,forum,cadec_v1,STATIN,2,forum,train,calib,test,train
cadecv1:LIPITOR.16,forum,cadec_v1,STATIN,2,forum,train,calib,test,train
cadecv1:LIPITOR.160,forum,cadec_v1,STATIN,2,forum,train,calib,test,train
cadecv1:LIPITOR.161,forum,cadec_v1,STATIN,2,forum,train,calib,test,train
cadecv1:LIPITOR.162,forum,cadec_v1,STATIN,2,forum,train,calib,test,train
cadecv1:LIPITOR.163,forum,cadec_v1,STATIN,2,forum,train,calib,test,train
cadecv1:LIPITOR.164,forum,cadec_v1,STATIN,2,forum,train,calib,test,train
cadecv1:LIPITOR.165,forum,cadec_v1,STATIN,2,forum,train,calib,test,train
cadecv1:LIPITOR.166,forum,cadec_v1,STATIN,2,forum,train,calib,test,train
cadecv1:LIPITOR.167,forum,cadec_v1,STATIN,2,forum,train,calib,test,train
cadecv1:LIPITOR.168,forum,cadec_v1,STATIN,2,forum,train,calib,test,train
cadecv1:LIPITOR.169,forum,cadec_v1,STATIN,2,forum,train,calib,test,train
cadecv1:LIPITOR.17,forum,cadec_v1,STATIN,2,forum,train,calib,test,train
cadecv1:LIPITOR.170,forum,cadec_v1,STATIN,2,forum,train,calib,test,train
cadecv1:LIPITOR.171,forum,cadec_v1,STATIN,2,forum,train,calib,test,train
cadecv1:LIPITOR.172,forum,cadec_v1,STATIN,2,forum,train,calib,test,train
cadecv1:LIPITOR.173,forum,cadec_v1,STATIN,2,forum,train,calib,test,train
cadecv1:LIPITOR.174,forum,cadec_v1,STATIN,2,forum,train,calib,test,train
cadecv1:LIPITOR.175,forum,cadec_v1,STATIN,2,forum,train,calib,test,train
cadecv1:LIPITOR.176,forum,cadec_v1,STATIN,2,forum,train,calib,test,train
cadecv1:LIPITOR.177,forum,cadec_v1,STATIN,2,forum,train,calib,test,train
cadecv1:LIPITOR.178,forum,cadec_v1,STATIN,2,forum,train,calib,test,train
cadecv1:LIPITOR.179,forum,cadec_v1,STATIN,2,forum,train,calib,test,train
cadecv1:LIPITOR.18,forum,cadec_v1,STATIN,2,forum,train,calib,test,train
cadecv1:LIPITOR.180,forum,cadec_v1,STATIN,2,forum,train,calib,test,train
cadecv1:LIPITOR.181,forum,cadec_v1,STATIN,2,forum,train,calib,test,train
cadecv1:LIPITOR.182,forum,cadec_v1,STATIN,2,forum,train,calib,test,train
cadecv1:LIPITOR.183,forum,cadec_v1,STATIN,2,forum,train,calib,test,train
cadecv1:LIPITOR.184,forum,cadec_v1,STATIN,2,forum,train,calib,test,train
cadecv1:LIPITOR.185,forum,cadec_v1,STATIN,2,forum,train,calib,test,train
cadecv1:LIPITOR.186,forum,cadec_v1,STATIN,2,forum,train,calib,test,train
cadecv1:LIPITOR.187,forum,cadec_v1,STATIN,2,forum,train,calib,test,train
cadecv1:LIPITOR.188,forum,cadec_v1,STATIN,2,forum,train,calib,test,train
cadecv1:LIPITOR.189,forum,cadec_v1,STATIN,2,forum,train,calib,test,train
cadecv1:LIPITOR.19,forum,cadec_v1,STATIN,2,forum,train,calib,test,train
cadecv1:LIPITOR.190,forum,cadec_v1,STATIN,2,forum,train,calib,test,train
cadecv1:LIPITOR.191,forum,cadec_v1,STATIN,2,forum,train,calib,test,train
cadecv1:LIPITOR.192,forum,cadec_v1,STATIN,2,forum,train,calib,test,train
cadecv1:LIPITOR.193,forum,cadec_v1,STATIN,2,forum,train,calib,test,train
cadecv1:LIPITOR.194,forum,cadec_v1,STATIN,2,forum,train,calib,test,train
cadecv1:LIPITOR.195,forum,cadec_v1,STATIN,2,forum,train,calib,test,train
cadecv1:LIPITOR.196,forum,cadec_v1,STATIN,2,forum,train,calib,test,train
cadecv1:LIPITOR.197,forum,cadec_v1,STATIN,2,forum,train,calib,test,train
cadecv1:LIPITOR.198,forum,cadec_v1,STATIN,2,forum,train,calib,test,train
cadecv1:LIPITOR.199,forum,cadec_v1,STATIN,2,forum,train,calib,test,train
cadecv1:LIPITOR.2,forum,cadec_v1,STATIN,2,forum,train,calib,test,train
cadecv1:LIPITOR.20,forum,cadec_v1,STATIN,2,forum,train,calib,test,train
cadecv1:LIPITOR.200,forum,cadec_v1,STATIN,2,forum,train,calib,test,train
cadecv1:LIPITOR.201,forum,cadec_v1,STATIN,2,forum,train,calib,test,train
cadecv1:LIPITOR.202,forum,cadec_v1,STATIN,2,forum,train,calib,test,train
cadecv1:LIPITOR.203,forum,cadec_v1,STATIN,2,forum,train,calib,test,train
cadecv1:LIPITOR.204,forum,cadec_v1,STATIN,2,forum,train,calib,test,train
cadecv1:LIPITOR.205,forum,cadec_v1,STATIN,2,forum,train,calib,test,train
cadecv1:LIPITOR.206,forum,cadec_v1,STATIN,2,forum,train,calib,test,train
cadecv1:LIPITOR.207,forum,cadec_v1,STATIN,2,forum,train,calib,test,train
cadecv1:LIPITOR.208,forum,cadec_v1,STATIN,2,forum,train,calib,test,train
cadecv1:LIPITOR.209,forum,cadec_v1,STATIN,2,forum,train,calib,test,train
cadecv1:LIPITOR.21,forum,cadec_v1,STATIN,2,forum,train,calib,test,train
cadecv1:LIPITOR.210,forum,cadec_v1,STATIN,2,forum,train,calib,test,train
cadecv1:LIPITOR.211,forum,cadec_v1,STATIN,2,forum,train,calib,test,train
cadecv1:LIPITOR.212,forum,cadec_v1,STATIN,2,forum,train,calib,test,train
cadecv1:LIPITOR.213,forum,cadec_v1,STATIN,2,forum,train,calib,test,train
cadecv1:LIPITOR.214,forum,cadec_v1,STATIN,2,forum,train,calib,test,train
cadecv1:LIPITOR.215,forum,cadec_v1,STATIN,2,forum,train,calib,test,train
cadecv1:LIPITOR.216,forum,cadec_v1,STATIN,2,forum,train,calib,test,train
cadecv1:LIPITOR.217,forum,cadec_v1,STATIN,2,forum,train,calib,test,train
cadecv1:LIPITOR.218,forum,cadec_v1,STATIN,2,forum,train,calib,test,train
cadecv1:LIPITOR.219,forum,cadec_v1,STATIN,2,forum,train,calib,test,train
cadecv1:LIPITOR.22,forum,cadec_v1,STATIN,2,forum,train,calib,test,train
cadecv1:LIPITOR.220,forum,cadec_v1,STATIN,2,forum,train,calib,test,train
cadecv1:LIPITOR.221,forum,cadec_v1,STATIN,2,forum,train,calib,test,train
cadecv1:LIPITOR.222,forum,cadec_v1,STATIN,2,forum,train,calib,test,train
cadecv1:LIPITOR.223,forum,cadec_v1,STATIN,2,forum,train,calib,test,train
cadecv1:LIPITOR.224,forum,cadec_v1,STATIN,2,forum,train,calib,test,train
cadecv1:LIPITOR.225,forum,cadec_v1,STATIN,2,forum,train,calib,test,train
cadecv1:LIPITOR.226,forum,cadec_v1,STATIN,2,forum,train,calib,test,train
cadecv1:LIPITOR.227,forum,cadec_v1,STATIN,2,forum,train,calib,test,train
cadecv1:LIPITOR.228,forum,cadec_v1,STATIN,2,forum,train,calib,test,train
cadecv1:LIPITOR.229,forum,cadec_v1,STATIN,2,forum,train,calib,test,train
cadecv1:LIPITOR.23,forum,cadec_v1,STATIN,2,forum,train,calib,test,train
cadecv1:LIPITOR.230,forum,cadec_v1,STATIN,2,forum,train,calib,test,train
cadecv1:LIPITOR.231,forum,cadec_v1,STATIN,2,forum,train,calib,test,train
cadecv1:LIPITOR.232,forum,cadec_v1,STATIN,2,forum,train,calib,test,train
cadecv1:LIPITOR.233,forum,cadec_v1,STATIN,2,forum,train,calib,test,train
cadecv1:LIPITOR.234,forum,cadec_v1,STATIN,2,forum,train,calib,test,train
cadecv1:LIPITOR.235,forum,cadec_v1,STATIN,2,forum,train,calib,test,train
cadecv1:LIPITOR.236,forum,cadec_v1,STATIN,2,forum,train,calib,test,train
cadecv1:LIPITOR.237,forum,cadec_v1,STATIN,2,forum,train,calib,test,train
cadecv1:LIPITOR.238,forum,cadec_v1,STATIN,2,forum,train,calib,test,train
cadecv1:LIPITOR.239,forum,cadec_v1,STATIN,2,forum,train,calib,test,train
cadecv1:LIPITOR.24,forum,cadec_v1,STATIN,2,forum,train,calib,test,train
cadecv1:LIPITOR.240,forum,cadec_v1,STATIN,2,forum,train,calib,test,train
cadecv1:LIPITOR.241,forum,cadec_v1,STATIN,2,forum,train,calib,test,train
cadecv1:LIPITOR.242,forum,cadec_v1,STATIN,2,forum,train,calib,test,train
cadecv1:LIPITOR.243,forum,cadec_v1,STATIN,2,forum,train,calib,test,train
cadecv1:LIPITOR.244,forum,cadec_v1,STATIN,2,forum,train,calib,test,train
cadecv1:LIPITOR.245,forum,cadec_v1,STATIN,2,forum,train,calib,test,train
cadecv1:LIPITOR.246,forum,cadec_v1,STATIN,2,forum,train,calib,test,train
cadecv1:LIPITOR.247,forum,cadec_v1,STATIN,2,forum,train,calib,test,train
cadecv1:LIPITOR.248,forum,cadec_v1,STATIN,2,forum,train,calib,test,train
cadecv1:LIPITOR.249,forum,cadec_v1,STATIN,2,forum,train,calib,test,train
cadecv1:LIPITOR.25,forum,cadec_v1,STATIN,2,forum,train,calib,test,train
cadecv1:LIPITOR.250,forum,cadec_v1,STATIN,2,forum,train,calib,test,train
cadecv1:LIPITOR.251,forum,cadec_v1,STATIN,2,forum,train,calib,test,train
cadecv1:LIPITOR.252,forum,cadec_v1,STATIN,2,forum,train,calib,test,train
cadecv1:LIPITOR.253,forum,cadec_v1,STATIN,2,forum,train,calib,test,train
cadecv1:LIPITOR.254,forum,cadec_v1,STATIN,2,forum,train,calib,test,train
cadecv1:LIPITOR.255,forum,cadec_v1,STATIN,2,forum,train,calib,test,train
cadecv1:LIPITOR.256,forum,cadec_v1,STATIN,2,forum,train,calib,test,train
cadecv1:LIPITOR.257,forum,cadec_v1,STATIN,2,forum,train,calib,test,train
cadecv1:LIPITOR.258,forum,cadec_v1,STATIN,2,forum,train,calib,test,train
cadecv1:LIPITOR.259,forum,cadec_v1,STATIN,2,forum,train,calib,test,train
cadecv1:LIPITOR.26,forum,cadec_v1,STATIN,2,forum,train,calib,test,train
cadecv1:LIPITOR.260,forum,cadec_v1,STATIN,2,forum,train,calib,test,train
cadecv1:LIPITOR.261,forum,cadec_v1,STATIN,2,forum,train,calib,test,train
cadecv1:LIPITOR.262,forum,cadec_v1,STATIN,2,forum,train,calib,test,train
cadecv1:LIPITOR.263,forum,cadec_v1,STATIN,2,forum,train,calib,test,train
cadecv1:LIPITOR.264,forum,cadec_v1,STATIN,2,forum,train,calib,test,train
cadecv1:LIPITOR.265,forum,cadec_v1,STATIN,2,forum,train,calib,test,train
cadecv1:LIPITOR.266,forum,cadec_v1,STATIN,2,forum,train,calib,test,train
cadecv1:LIPITOR.267,forum,cadec_v1,STATIN,2,forum,train,calib,test,train
cadecv1:LIPITOR.268,forum,cadec_v1,STATIN,2,forum,train,calib,test,train
cadecv1:LIPITOR.269,forum,cadec_v1,STATIN,2,forum,train,calib,test,train
cadecv1:LIPITOR.27,forum,cadec_v1,STATIN,2,forum,train,calib,test,train
cadecv1:LIPITOR.270,forum,cadec_v1,STATIN,2,forum,train,calib,test,train
cadecv1:LIPITOR.271,forum,cadec_v1,STATIN,2,forum,train,calib,test,train
cadecv1:LIPITOR.272,forum,cadec_v1,STATIN,2,forum,train,calib,test,train
cadecv1:LIPITOR.273,forum,cadec_v1,STATIN,2,forum,train,calib,test,train
cadecv1:LIPITOR.274,forum,cadec_v1,STATIN,2,forum,train,calib,test,train
cadecv1:LIPITOR.275,forum,cadec_v1,STATIN,2,forum,train,calib,test,train
cadecv1:LIPITOR.276,forum,cadec_v1,STATIN,2,forum,train,calib,test,train
cadecv1:LIPITOR.277,forum,cadec_v1,STATIN,2,forum,train,calib,test,train
cadecv1:LIPITOR.278,forum,cadec_v1,STATIN,2,forum,train,calib,test,train
cadecv1:LIPITOR.279,forum,cadec_v1,STATIN,2,forum,train,calib,test,train
cadecv1:LIPITOR.28,forum,cadec_v1,STATIN,2,forum,train,calib,test,train
cadecv1:LIPITOR.280,forum,cadec_v1,STATIN,2,forum,train,calib,test,train
cadecv1:LIPITOR.281,forum,cadec_v1,STATIN,2,forum,train,calib,test,train
cadecv1:LIPITOR.282,forum,cadec_v1,STATIN,2,forum,train,calib,test,train
cadecv1:LIPITOR.283,forum,cadec_v1,STATIN,2,forum,train,calib,test,train
cadecv1:LIPITOR.284,forum,cadec_v1,STATIN,2,forum,train,calib,test,train
cadecv1:LIPITOR.285,forum,cadec_v1,STATIN,2,forum,train,calib,test,train
cadecv1:LIPITOR.286,forum,cadec_v1,STATIN,2,forum,train,calib,test,train
cadecv1:LIPITOR.287,forum,cadec_v1,STATIN,2,forum,train,calib,test,train
cadecv1:LIPITOR.288,forum,cadec_v1,STATIN,2,forum,train,calib,test,train
cadecv1:LIPITOR.289,forum,cadec_v1,STATIN,2,forum,train,calib,test,train
cadecv1:LIPITOR.29,forum,cadec_v1,STATIN,2,forum,train,calib,test,train
cadecv1:LIPITOR.290,forum,cadec_v1,STATIN,2,forum,train,calib,test,train
cadecv1:LIPITOR.291,forum,cadec_v1,STATIN,2,forum,train,calib,test,train
cadecv1:LIPITOR.292,forum,cadec_v1,STATIN,2,forum,train,calib,test,train
cadecv1:LIPITOR.293,forum,cadec_v1,STATIN,2,forum,train,calib,test,train
cadecv1:LIPITOR.294,forum,cadec_v1,STATIN,2,forum,train,calib,test,train
cadecv1:LIPITOR.295,forum,cadec_v1,STATIN,2,forum,train,calib,test,train
cadecv1:LIPITOR.296,forum,cadec_v1,STATIN,2,forum,train,calib,test,train
cadecv1:LIPITOR.297,forum,cadec_v1,STATIN,2,forum,train,calib,test,train
cadecv1:LIPITOR.298,forum,cadec_v1,STATIN,2,forum,train,calib,test,train
cadecv1:LIPITOR.299,forum,cadec_v1,STATIN,2,forum,train,calib,test,train
cadecv1:LIPITOR.3,forum,cadec_v1,STATIN,2,forum,train,calib,test,train
cadecv1:LIPITOR.30,forum,cadec_v1,STATIN,2,forum,train,calib,test,train
cadecv1:LIPITOR.300,forum,cadec_v1,STATIN,2,forum,train,calib,test,train
cadecv1:LIPITOR.301,forum,cadec_v1,STATIN,2,forum,train,calib,test,train
cadecv1:LIPITOR.302,forum,cadec_v1,STATIN,2,forum,train,calib,test,train
cadecv1:LIPITOR.303,forum,cadec_v1,STATIN,2,forum,train,calib,test,train
cadecv1:LIPITOR.304,forum,cadec_v1,STATIN,2,forum,train,calib,test,train
cadecv1:LIPITOR.305,forum,cadec_v1,STATIN,2,forum,train,calib,test,train
cadecv1:LIPITOR.306,forum,cadec_v1,STATIN,2,forum,train,calib,test,train
cadecv1:LIPITOR.307,forum,cadec_v1,STATIN,2,forum,train,calib,test,train
cadecv1:LIPITOR.308,forum,cadec_v1,STATIN,2,forum,train,calib,test,train
cadecv1:LIPITOR.309,forum,cadec_v1,STATIN,2,forum,train,calib,test,train
cadecv1:LIPITOR.31,forum,cadec_v1,STATIN,2,forum,train,calib,test,train
cadecv1:LIPITOR.310,forum,cadec_v1,STATIN,2,forum,train,calib,test,train
cadecv1:LIPITOR.311,forum,cadec_v1,STATIN,2,forum,train,calib,test,train
cadecv1:LIPITOR.312,forum,cadec_v1,STATIN,2,forum,train,calib,test,train
cadecv1:LIPITOR.314,forum,cadec_v1,STATIN,2,forum,train,calib,test,train
cadecv1:LIPITOR.315,forum,cadec_v1,STATIN,2,forum,train,calib,test,train
cadecv1:LIPITOR.316,forum,cadec_v1,STATIN,2,forum,train,calib,test,train
cadecv1:LIPITOR.317,forum,cadec_v1,STATIN,2,forum,train,calib,test,train
cadecv1:LIPITOR.318,forum,cadec_v1,STATIN,2,forum,train,calib,test,train
cadecv1:LIPITOR.319,forum,cadec_v1,STATIN,2,forum,train,calib,test,train
cadecv1:LIPITOR.32,forum,cadec_v1,STATIN,2,forum,train,calib,test,train
cadecv1:LIPITOR.320,forum,cadec_v1,STATIN,2,forum,train,calib,test,train
cadecv1:LIPITOR.321,forum,cadec_v1,STATIN,2,forum,train,calib,test,train
cadecv1:LIPITOR.322,forum,cadec_v1,STATIN,2,forum,train,calib,test,train
cadecv1:LIPITOR.323,forum,cadec_v1,STATIN,2,forum,train,calib,test,train
cadecv1:LIPITOR.324,forum,cadec_v1,STATIN,2,forum,train,calib,test,train
cadecv1:LIPITOR.325,forum,cadec_v1,STATIN,2,forum,train,calib,test,train
cadecv1:LIPITOR.326,forum,cadec_v1,STATIN,2,forum,train,calib,test,train
cadecv1:LIPITOR.327,forum,cadec_v1,STATIN,2,forum,train,calib,test,train
cadecv1:LIPITOR.328,forum,cadec_v1,STATIN,2,forum,train,calib,test,train
cadecv1:LIPITOR.329,forum,cadec_v1,STATIN,2,forum,train,calib,test,train
cadecv1:LIPITOR.33,forum,cadec_v1,STATIN,2,forum,train,calib,test,train
cadecv1:LIPITOR.330,forum,cadec_v1,STATIN,2,forum,train,calib,test,train
cadecv1:LIPITOR.331,forum,cadec_v1,STATIN,2,forum,train,calib,test,train
cadecv1:LIPITOR.332,forum,cadec_v1,STATIN,2,forum,train,calib,test,train
cadecv1:LIPITOR.333,forum,cadec_v1,STATIN,2,forum,train,calib,test,train
cadecv1:LIPITOR.334,forum,cadec_v1,STATIN,2,forum,train,calib,test,train
cadecv1:LIPITOR.335,forum,cadec_v1,STATIN,2,forum,train,calib,test,train
cadecv1:LIPITOR.336,forum,cadec_v1,STATIN,2,forum,train,calib,test,train
cadecv1:LIPITOR.337,forum,cadec_v1,STATIN,2,forum,train,calib,test,train
cadecv1:LIPITOR.338,forum,cadec_v1,STATIN,2,forum,train,calib,test,train
cadecv1:LIPITOR.339,forum,cadec_v1,STATIN,2,forum,train,calib,test,train
cadecv1:LIPITOR.34,forum,cadec_v1,STATIN,2,forum,train,calib,test,train
cadecv1:LIPITOR.340,forum,cadec_v1,STATIN,2,forum,train,calib,test,train
cadecv1:LIPITOR.341,forum,cadec_v1,STATIN,2,forum,train,calib,test,train
cadecv1:LIPITOR.342,forum,cadec_v1,STATIN,2,forum,train,calib,test,train
cadecv1:LIPITOR.343,forum,cadec_v1,STATIN,2,forum,train,calib,test,train
cadecv1:LIPITOR.344,forum,cadec_v1,STATIN,2,forum,train,calib,test,train
cadecv1:LIPITOR.345,forum,cadec_v1,STATIN,2,forum,train,calib,test,train
cadecv1:LIPITOR.346,forum,cadec_v1,STATIN,2,forum,train,calib,test,train
cadecv1:LIPITOR.347,forum,cadec_v1,STATIN,2,forum,train,calib,test,train
cadecv1:LIPITOR.348,forum,cadec_v1,STATIN,2,forum,train,calib,test,train
cadecv1:LIPITOR.349,forum,cadec_v1,STATIN,2,forum,train,calib,test,train
cadecv1:LIPITOR.35,forum,cadec_v1,STATIN,2,forum,train,calib,test,train
cadecv1:LIPITOR.350,forum,cadec_v1,STATIN,2,forum,train,calib,test,train
cadecv1:LIPITOR.351,forum,cadec_v1,STATIN,2,forum,train,calib,test,train
cadecv1:LIPITOR.352,forum,cadec_v1,STATIN,2,forum,train,calib,test,train
cadecv1:LIPITOR.353,forum,cadec_v1,STATIN,2,forum,train,calib,test,train
cadecv1:LIPITOR.354,forum,cadec_v1,STATIN,2,forum,train,calib,test,train
cadecv1:LIPITOR.355,forum,cadec_v1,STATIN,2,forum,train,calib,test,train
cadecv1:LIPITOR.356,forum,cadec_v1,STATIN,2,forum,train,calib,test,train
cadecv1:LIPITOR.357,forum,cadec_v1,STATIN,2,forum,train,calib,test,train
cadecv1:LIPITOR.358,forum,cadec_v1,STATIN,2,forum,train,calib,test,train
cadecv1:LIPITOR.359,forum,cadec_v1,STATIN,2,forum,train,calib,test,train
cadecv1:LIPITOR.36,forum,cadec_v1,STATIN,2,forum,train,calib,test,train
cadecv1:LIPITOR.360,forum,cadec_v1,STATIN,2,forum,train,calib,test,train
cadecv1:LIPITOR.361,forum,cadec_v1,STATIN,2,forum,train,calib,test,train
cadecv1:LIPITOR.362,forum,cadec_v1,STATIN,2,forum,train,calib,test,train
cadecv1:LIPITOR.363,forum,cadec_v1,STATIN,2,forum,train,calib,test,train
cadecv1:LIPITOR.364,forum,cadec_v1,STATIN,2,forum,train,calib,test,train
cadecv1:LIPITOR.365,forum,cadec_v1,STATIN,2,forum,train,calib,test,train
cadecv1:LIPITOR.366,forum,cadec_v1,STATIN,2,forum,train,calib,test,train
cadecv1:LIPITOR.367,forum,cadec_v1,STATIN,2,forum,train,calib,test,train
cadecv1:LIPITOR.368,forum,cadec_v1,STATIN,2,forum,train,calib,test,train
cadecv1:LIPITOR.369,forum,cadec_v1,STATIN,2,forum,train,calib,test,train
cadecv1:LIPITOR.37,forum,cadec_v1,STATIN,2,forum,train,calib,test,train
cadecv1:LIPITOR.370,forum,cadec_v1,STATIN,2,forum,train,calib,test,train
cadecv1:LIPITOR.371,forum,cadec_v1,STATIN,2,forum,train,calib,test,train
cadecv1:LIPITOR.372,forum,cadec_v1,STATIN,2,forum,train,calib,test,train
cadecv1:LIPITOR.373,forum,cadec_v1,STATIN,2,forum,train,calib,test,train
cadecv1:LIPITOR.374,forum,cadec_v1,STATIN,2,forum,train,calib,test,train
cadecv1:LIPITOR.375,forum,cadec_v1,STATIN,2,forum,train,calib,test,train
cadecv1:LIPITOR.376,forum,cadec_v1,STATIN,2,forum,train,calib,test,train
cadecv1:LIPITOR.377,forum,cadec_v1,STATIN,2,forum,train,calib,test,train
cadecv1:LIPITOR.378,forum,cadec_v1,STATIN,2,forum,train,calib,test,train
cadecv1:LIPITOR.379,forum,cadec_v1,STATIN,2,forum,train,calib,test,train
cadecv1:LIPITOR.38,forum,cadec_v1,STATIN,2,forum,train,calib,test,train
cadecv1:LIPITOR.380,forum,cadec_v1,STATIN,2,forum,train,calib,test,train
cadecv1:LIPITOR.381,forum,cadec_v1,STATIN,2,forum,train,calib,test,train
cadecv1:LIPITOR.382,forum,cadec_v1,STATIN,2,forum,train,calib,test,train
cadecv1:LIPITOR.383,forum,cadec_v1,STATIN,2,forum,train,calib,test,train
cadecv1:LIPITOR.384,forum,cadec_v1,STATIN,2,forum,train,calib,test,train
cadecv1:LIPITOR.385,forum,cadec_v1,STATIN,2,forum,train,calib,test,train
cadecv1:LIPITOR.386,forum,cadec_v1,STATIN,2,forum,train,calib,test,train
cadecv1:LIPITOR.387,forum,cadec_v1,STATIN,2,forum,train,calib,test,train
cadecv1:LIPITOR.388,forum,cadec_v1,STATIN,2,forum,train,calib,test,train
cadecv1:LIPITOR.389,forum,cadec_v1,STATIN,2,forum,train,calib,test,train
cadecv1:LIPITOR.39,forum,cadec_v1,STATIN,2,forum,train,calib,test,train
cadecv1:LIPITOR.390,forum,cadec_v1,STATIN,2,forum,train,calib,test,train
cadecv1:LIPITOR.391,forum,cadec_v1,STATIN,2,forum,train,calib,test,train
cadecv1:LIPITOR.392,forum,cadec_v1,STATIN,2,forum,train,calib,test,train
cadecv1:LIPITOR.393,forum,cadec_v1,STATIN,2,forum,train,calib,test,train
cadecv1:LIPITOR.394,forum,cadec_v1,STATIN,2,forum,train,calib,test,train
cadecv1:LIPITOR.395,forum,cadec_v1,STATIN,2,forum,train,calib,test,train
cadecv1:LIPITOR.396,forum,cadec_v1,STATIN,2,forum,train,calib,test,train
cadecv1:LIPITOR.397,forum,cadec_v1,STATIN,2,forum,train,calib,test,train
cadecv1:LIPITOR.398,forum,cadec_v1,STATIN,2,forum,train,calib,test,train
cadecv1:LIPITOR.399,forum,cadec_v1,STATIN,2,forum,train,calib,test,train
cadecv1:LIPITOR.4,forum,cadec_v1,STATIN,2,forum,train,calib,test,train
cadecv1:LIPITOR.400,forum,cadec_v1,STATIN,2,forum,train,calib,test,train
cadecv1:LIPITOR.401,forum,cadec_v1,STATIN,2,forum,train,calib,test,train
cadecv1:LIPITOR.402,forum,cadec_v1,STATIN,2,forum,train,calib,test,train
cadecv1:LIPITOR.403,forum,cadec_v1,STATIN,2,forum,train,calib,test,train
cadecv1:LIPITOR.404,forum,cadec_v1,STATIN,2,forum,train,calib,test,train
cadecv1:LIPITOR.405,forum,cadec_v1,STATIN,2,forum,train,calib,test,train
cadecv1:LIPITOR.406,forum,cadec_v1,STATIN,2,forum,train,calib,test,train
cadecv1:LIPITOR.407,forum,cadec_v1,STATIN,2,forum,train,calib,test,train
cadecv1:LIPITOR.408,forum,cadec_v1,STATIN,2,forum,train,calib,test,train
cadecv1:LIPITOR.409,forum,cadec_v1,STATIN,2,forum,train,calib,test,train
cadecv1:LIPITOR.41,forum,cadec_v1,STATIN,2,forum,train,calib,test,train
cadecv1:LIPITOR.410,forum,cadec_v1,STATIN,2,forum,train,calib,test,train
cadecv1:LIPITOR.411,forum,cadec_v1,STATIN,2,forum,train,calib,test,train
cadecv1:LIPITOR.412,forum,cadec_v1,STATIN,2,forum,train,calib,test,train
cadecv1:LIPITOR.413,forum,cadec_v1,STATIN,2,forum,train,calib,test,train
cadecv1:LIPITOR.414,forum,cadec_v1,STATIN,2,forum,train,calib,test,train
cadecv1:LIPITOR.415,forum,cadec_v1,STATIN,2,forum,train,calib,test,train
cadecv1:LIPITOR.416,forum,cadec_v1,STATIN,2,forum,train,calib,test,train
cadecv1:LIPITOR.417,forum,cadec_v1,STATIN,2,forum,train,calib,test,train
cadecv1:LIPITOR.418,forum,cadec_v1,STATIN,2,forum,train,calib,test,train
cadecv1:LIPITOR.419,forum,cadec_v1,STATIN,2,forum,train,calib,test,train
cadecv1:LIPITOR.42,forum,cadec_v1,STATIN,2,forum,train,calib,test,train
cadecv1:LIPITOR.420,forum,cadec_v1,STATIN,2,forum,train,calib,test,train
cadecv1:LIPITOR.421,forum,cadec_v1,STATIN,2,forum,train,calib,test,train
cadecv1:LIPITOR.422,forum,cadec_v1,STATIN,2,forum,train,calib,test,train
cadecv1:LIPITOR.423,forum,cadec_v1,STATIN,2,forum,train,calib,test,train
cadecv1:LIPITOR.424,forum,cadec_v1,STATIN,2,forum,train,calib,test,train
cadecv1:LIPITOR.425,forum,cadec_v1,STATIN,2,forum,train,calib,test,train
cadecv1:LIPITOR.426,forum,cadec_v1,STATIN,2,forum,train,calib,test,train
cadecv1:LIPITOR.427,forum,cadec_v1,STATIN,2,forum,train,calib,test,train
cadecv1:LIPITOR.428,forum,cadec_v1,STATIN,2,forum,train,calib,test,train
cadecv1:LIPITOR.429,forum,cadec_v1,STATIN,2,forum,train,calib,test,train
cadecv1:LIPITOR.43,forum,cadec_v1,STATIN,2,forum,train,calib,test,train
cadecv1:LIPITOR.430,forum,cadec_v1,STATIN,2,forum,train,calib,test,train
cadecv1:LIPITOR.431,forum,cadec_v1,STATIN,2,forum,train,calib,test,train
cadecv1:LIPITOR.432,forum,cadec_v1,STATIN,2,forum,train,calib,test,train
cadecv1:LIPITOR.433,forum,cadec_v1,STATIN,2,forum,train,calib,test,train
cadecv1:LIPITOR.434,forum,cadec_v1,STATIN,2,forum,train,calib,test,train
cadecv1:LIPITOR.435,forum,cadec_v1,STATIN,2,forum,train,calib,test,train
cadecv1:LIPITOR.436,forum,cadec_v1,STATIN,2,forum,train,calib,test,train
cadecv1:LIPITOR.437,forum,cadec_v1,STATIN,2,forum,train,calib,test,train
cadecv1:LIPITOR.438,forum,cadec_v1,STATIN,2,forum,train,calib,test,train
cadecv1:LIPITOR.439,forum,cadec_v1,STATIN,2,forum,train,calib,test,train
cadecv1:LIPITOR.44,forum,cadec_v1,STATIN,2,forum,train,calib,test,train
cadecv1:LIPITOR.440,forum,cadec_v1,STATIN,2,forum,train,calib,test,train
cadecv1:LIPITOR.441,forum,cadec_v1,STATIN,2,forum,train,calib,test,train
cadecv1:LIPITOR.442,forum,cadec_v1,STATIN,2,forum,train,calib,test,train
cadecv1:LIPITOR.443,forum,cadec_v1,STATIN,2,forum,train,calib,test,train
cadecv1:LIPITOR.444,forum,cadec_v1,STATIN,2,forum,train,calib,test,train
cadecv1:LIPITOR.445,forum,cadec_v1,STATIN,2,forum,train,calib,test,train
cadecv1:LIPITOR.446,forum,cadec_v1,STATIN,2,forum,train,calib,test,train
cadecv1:LIPITOR.447,forum,cadec_v1,STATIN,2,forum,train,calib,test,train
cadecv1:LIPITOR.448,forum,cadec_v1,STATIN,2,forum,train,calib,test,train
cadecv1:LIPITOR.449,forum,cadec_v1,STATIN,2,forum,train,calib,test,train
cadecv1:LIPITOR.45,forum,cadec_v1,STATIN,2,forum,train,calib,test,train
cadecv1:LIPITOR.450,forum,cadec_v1,STATIN,2,forum,train,calib,test,train
cadecv1:LIPITOR.451,forum,cadec_v1,STATIN,2,forum,train,calib,test,train
cadecv1:LIPITOR.452,forum,cadec_v1,STATIN,2,forum,train,calib,test,train
cadecv1:LIPITOR.453,forum,cadec_v1,STATIN,2,forum,train,calib,test,train
cadecv1:LIPITOR.454,forum,cadec_v1,STATIN,2,forum,train,calib,test,train
cadecv1:LIPITOR.455,forum,cadec_v1,STATIN,2,forum,train,calib,test,train
cadecv1:LIPITOR.456,forum,cadec_v1,STATIN,2,forum,train,calib,test,train
cadecv1:LIPITOR.457,forum,cadec_v1,STATIN,2,forum,train,calib,test,train
cadecv1:LIPITOR.458,forum,cadec_v1,STATIN,2,forum,train,calib,test,train
cadecv1:LIPITOR.459,forum,cadec_v1,STATIN,2,forum,train,calib,test,train
cadecv1:LIPITOR.46,forum,cadec_v1,STATIN,2,forum,train,calib,test,train
cadecv1:LIPITOR.460,forum,cadec_v1,STATIN,2,forum,train,calib,test,train
cadecv1:LIPITOR.461,forum,cadec_v1,STATIN,2,forum,train,calib,test,train
cadecv1:LIPITOR.462,forum,cadec_v1,STATIN,2,forum,train,calib,test,train
cadecv1:LIPITOR.463,forum,cadec_v1,STATIN,2,forum,train,calib,test,train
cadecv1:LIPITOR.464,forum,cadec_v1,STATIN,2,forum,train,calib,test,train
cadecv1:LIPITOR.465,forum,cadec_v1,STATIN,2,forum,train,calib,test,train
cadecv1:LIPITOR.466,forum,cadec_v1,STATIN,2,forum,train,calib,test,train
cadecv1:LIPITOR.467,forum,cadec_v1,STATIN,2,forum,train,calib,test,train
cadecv1:LIPITOR.468,forum,cadec_v1,STATIN,2,forum,train,calib,test,train
cadecv1:LIPITOR.469,forum,cadec_v1,STATIN,2,forum,train,calib,test,train
cadecv1:LIPITOR.47,forum,cadec_v1,STATIN,2,forum,train,calib,test,train
cadecv1:LIPITOR.470,forum,cadec_v1,STATIN,2,forum,train,calib,test,train
cadecv1:LIPITOR.471,forum,cadec_v1,STATIN,2,forum,train,calib,test,train
cadecv1:LIPITOR.472,forum,cadec_v1,STATIN,2,forum,train,calib,test,train
cadecv1:LIPITOR.473,forum,cadec_v1,STATIN,2,forum,train,calib,test,train
cadecv1:LIPITOR.474,forum,cadec_v1,STATIN,2,forum,train,calib,test,train
cadecv1:LIPITOR.475,forum,cadec_v1,STATIN,2,forum,train,calib,test,train
cadecv1:LIPITOR.476,forum,cadec_v1,STATIN,2,forum,train,calib,test,train
cadecv1:LIPITOR.477,forum,cadec_v1,STATIN,2,forum,train,calib,test,train
cadecv1:LIPITOR.478,forum,cadec_v1,STATIN,2,forum,train,calib,test,train
cadecv1:LIPITOR.479,forum,cadec_v1,STATIN,2,forum,train,calib,test,train
cadecv1:LIPITOR.48,forum,cadec_v1,STATIN,2,forum,train,calib,test,train
cadecv1:LIPITOR.480,forum,cadec_v1,STATIN,2,forum,train,calib,test,train
cadecv1:LIPITOR.481,forum,cadec_v1,STATIN,2,forum,train,calib,test,train
cadecv1:LIPITOR.482,forum,cadec_v1,STATIN,2,forum,train,calib,test,train
cadecv1:LIPITOR.483,forum,cadec_v1,STATIN,2,forum,train,calib,test,train
cadecv1:LIPITOR.484,forum,cadec_v1,STATIN,2,forum,train,calib,test,train
cadecv1:LIPITOR.485,forum,cadec_v1,STATIN,2,forum,train,calib,test,train
cadecv1:LIPITOR.486,forum,cadec_v1,STATIN,2,forum,train,calib,test,train
cadecv1:LIPITOR.487,forum,cadec_v1,STATIN,2,forum,train,calib,test,train
cadecv1:LIPITOR.488,forum,cadec_v1,STATIN,2,forum,train,calib,test,train
cadecv1:LIPITOR.489,forum,cadec_v1,STATIN,2,forum,train,calib,test,train
cadecv1:LIPITOR.49,forum,cadec_v1,STATIN,2,forum,train,calib,test,train
cadecv1:LIPITOR.490,forum,cadec_v1,STATIN,2,forum,train,calib,test,train
cadecv1:LIPITOR.491,forum,cadec_v1,STATIN,2,forum,train,calib,test,train
cadecv1:LIPITOR.492,forum,cadec_v1,STATIN,2,forum,train,calib,test,train
cadecv1:LIPITOR.493,forum,cadec_v1,STATIN,2,forum,train,calib,test,train
cadecv1:LIPITOR.494,forum,cadec_v1,STATIN,2,forum,train,calib,test,train
cadecv1:LIPITOR.495,forum,cadec_v1,STATIN,2,forum,train,calib,test,train
cadecv1:LIPITOR.496,forum,cadec_v1,STATIN,2,forum,train,calib,test,train
cadecv1:LIPITOR.497,forum,cadec_v1,STATIN,2,forum,train,calib,test,train
cadecv1:LIPITOR.498,forum,cadec_v1,STATIN,2,forum,train,calib,test,train
cadecv1:LIPITOR.499,forum,cadec_v1,STATIN,2,forum,train,calib,test,train
cadecv1:LIPITOR.5,forum,cadec_v1,STATIN,2,forum,train,calib,test,train
cadecv1:LIPITOR.50,forum,cadec_v1,STATIN,2,forum,train,calib,test,train
cadecv1:LIPITOR.500,forum,cadec_v1,STATIN,2,forum,train,calib,test,train
cadecv1:LIPITOR.501,forum,cadec_v1,STATIN,2,forum,train,calib,test,train
cadecv1:LIPITOR.502,forum,cadec_v1,STATIN,2,forum,train,calib,test,train
cadecv1:LIPITOR.503,forum,cadec_v1,STATIN,2,forum,train,calib,test,train
cadecv1:LIPITOR.504,forum,cadec_v1,STATIN,2,forum,train,calib,test,train
cadecv1:LIPITOR.505,forum,cadec_v1,STATIN,2,forum,train,calib,test,train
cadecv1:LIPITOR.506,forum,cadec_v1,STATIN,2,forum,train,calib,test,train
cadecv1:LIPITOR.507,forum,cadec_v1,STATIN,2,forum,train,calib,test,train
cadecv1:LIPITOR.508,forum,cadec_v1,STATIN,2,forum,train,calib,test,train
cadecv1:LIPITOR.509,forum,cadec_v1,STATIN,2,forum,train,calib,test,train
cadecv1:LIPITOR.51,forum,cadec_v1,STATIN,2,forum,train,calib,test,train
cadecv1:LIPITOR.510,forum,cadec_v1,STATIN,2,forum,train,calib,test,train
cadecv1:LIPITOR.511,forum,cadec_v1,STATIN,2,forum,train,calib,test,train
cadecv1:LIPITOR.512,forum,cadec_v1,STATIN,2,forum,train,calib,test,train
cadecv1:LIPITOR.513,forum,cadec_v1,STATIN,2,forum,train,calib,test,train
cadecv1:LIPITOR.514,forum,cadec_v1,STATIN,2,forum,train,calib,test,train
cadecv1:LIPITOR.515,forum,cadec_v1,STATIN,2,forum,train,calib,test,train
cadecv1:LIPITOR.516,forum,cadec_v1,STATIN,2,forum,train,calib,test,train
cadecv1:LIPITOR.517,forum,cadec_v1,STATIN,2,forum,train,calib,test,train
cadecv1:LIPITOR.518,forum,cadec_v1,STATIN,2,forum,train,calib,test,train
cadecv1:LIPITOR.519,forum,cadec_v1,STATIN,2,forum,train,calib,test,train
cadecv1:LIPITOR.52,forum,cadec_v1,STATIN,2,forum,train,calib,test,train
cadecv1:LIPITOR.520,forum,cadec_v1,STATIN,2,forum,train,calib,test,train
cadecv1:LIPITOR.521,forum,cadec_v1,STATIN,2,forum,train,calib,test,train
cadecv1:LIPITOR.522,forum,cadec_v1,STATIN,2,forum,train,calib,test,train
cadecv1:LIPITOR.523,forum,cadec_v1,STATIN,2,forum,train,calib,test,train
cadecv1:LIPITOR.524,forum,cadec_v1,STATIN,2,forum,train,calib,test,train
cadecv1:LIPITOR.525,forum,cadec_v1,STATIN,2,forum,train,calib,test,train
cadecv1:LIPITOR.526,forum,cadec_v1,STATIN,2,forum,train,calib,test,train
cadecv1:LIPITOR.527,forum,cadec_v1,STATIN,2,forum,train,calib,test,train
cadecv1:LIPITOR.528,forum,cadec_v1,STATIN,2,forum,train,calib,test,train
cadecv1:LIPITOR.529,forum,cadec_v1,STATIN,2,forum,train,calib,test,train
cadecv1:LIPITOR.53,forum,cadec_v1,STATIN,2,forum,train,calib,test,train
cadecv1:LIPITOR.530,forum,cadec_v1,STATIN,2,forum,train,calib,test,train
cadecv1:LIPITOR.531,forum,cadec_v1,STATIN,2,forum,train,calib,test,train
cadecv1:LIPITOR.532,forum,cadec_v1,STATIN,2,forum,train,calib,test,train
cadecv1:LIPITOR.533,forum,cadec_v1,STATIN,2,forum,train,calib,test,train
cadecv1:LIPITOR.534,forum,cadec_v1,STATIN,2,forum,train,calib,test,train
cadecv1:LIPITOR.535,forum,cadec_v1,STATIN,2,forum,train,calib,test,train
cadecv1:LIPITOR.536,forum,cadec_v1,STATIN,2,forum,train,calib,test,train
cadecv1:LIPITOR.537,forum,cadec_v1,STATIN,2,forum,train,calib,test,train
cadecv1:LIPITOR.538,forum,cadec_v1,STATIN,2,forum,train,calib,test,train
cadecv1:LIPITOR.539,forum,cadec_v1,STATIN,2,forum,train,calib,test,train
cadecv1:LIPITOR.54,forum,cadec_v1,STATIN,2,forum,train,calib,test,train
cadecv1:LIPITOR.540,forum,cadec_v1,STATIN,2,forum,train,calib,test,train
cadecv1:LIPITOR.541,forum,cadec_v1,STATIN,2,forum,train,calib,test,train
cadecv1:LIPITOR.542,forum,cadec_v1,STATIN,2,forum,train,calib,test,train
cadecv1:LIPITOR.543,forum,cadec_v1,STATIN,2,forum,train,calib,test,train
cadecv1:LIPITOR.544,forum,cadec_v1,STATIN,2,forum,train,calib,test,train
cadecv1:LIPITOR.545,forum,cadec_v1,STATIN,2,forum,train,calib,test,train
cadecv1:LIPITOR.546,forum,cadec_v1,STATIN,2,forum,train,calib,test,train
cadecv1:LIPITOR.547,forum,cadec_v1,STATIN,2,forum,train,calib,test,train
cadecv1:LIPITOR.548,forum,cadec_v1,STATIN,2,forum,train,calib,test,train
cadecv1:LIPITOR.549,forum,cadec_v1,STATIN,2,forum,train,calib,test,train
cadecv1:LIPITOR.55,forum,cadec_v1,STATIN,2,forum,train,calib,test,train
cadecv1:LIPITOR.550,forum,cadec_v1,STATIN,2,forum,train,calib,test,train
cadecv1:LIPITOR.551,forum,cadec_v1,STATIN,2,forum,train,calib,test,train
cadecv1:LIPITOR.552,forum,cadec_v1,STATIN,2,forum,train,calib,test,train
cadecv1:LIPITOR.553,forum,cadec_v1,STATIN,2,forum,train,calib,test,train
cadecv1:LIPITOR.554,forum,cadec_v1,STATIN,2,forum,train,calib,test,train
cadecv1:LIPITOR.555,forum,cadec_v1,STATIN,2,forum,train,calib,test,train
cadecv1:LIPITOR.556,forum,cadec_v1,STATIN,2,forum,train,calib,test,train
cadecv1:LIPITOR.557,forum,cadec_v1,STATIN,2,forum,train,calib,test,train
cadecv1:LIPITOR.558,forum,cadec_v1,STATIN,2,forum,train,calib,test,train
cadecv1:LIPITOR.559,forum,cadec_v1,STATIN,2,forum,train,calib,test,train
cadecv1:LIPITOR.56,forum,cadec_v1,STATIN,2,forum,train,calib,test,train
cadecv1:LIPITOR.560,forum,cadec_v1,STATIN,2,forum,train,calib,test,train
cadecv1:LIPITOR.561,forum,cadec_v1,STATIN,2,forum,train,calib,test,train
cadecv1:LIPITOR.562,forum,cadec_v1,STATIN,2,forum,train,calib,test,train
cadecv1:LIPITOR.563,forum,cadec_v1,STATIN,2,forum,train,calib,test,train
cadecv1:LIPITOR.564,forum,cadec_v1,STATIN,2,forum,train,calib,test,train
cadecv1:LIPITOR.565,forum,cadec_v1,STATIN,2,forum,train,calib,test,train
cadecv1:LIPITOR.566,forum,cadec_v1,STATIN,2,forum,train,calib,test,train
cadecv1:LIPITOR.567,forum,cadec_v1,STATIN,2,forum,train,calib,test,train
cadecv1:LIPITOR.568,forum,cadec_v1,STATIN,2,forum,train,calib,test,train
cadecv1:LIPITOR.569,forum,cadec_v1,STATIN,2,forum,train,calib,test,train
cadecv1:LIPITOR.57,forum,cadec_v1,STATIN,2,forum,train,calib,test,train
cadecv1:LIPITOR.570,forum,cadec_v1,STATIN,2,forum,train,calib,test,train
cadecv1:LIPITOR.571,forum,cadec_v1,STATIN,2,forum,train,calib,test,train
cadecv1:LIPITOR.572,forum,cadec_v1,STATIN,2,forum,train,calib,test,train
cadecv1:LIPITOR.573,forum,cadec_v1,STATIN,2,forum,train,calib,test,train
cadecv1:LIPITOR.574,forum,cadec_v1,STATIN,2,forum,train,calib,test,train
cadecv1:LIPITOR.575,forum,cadec_v1,STATIN,2,forum,train,calib,test,train
cadecv1:LIPITOR.576,forum,cadec_v1,STATIN,2,forum,train,calib,test,train
cadecv1:LIPITOR.577,forum,cadec_v1,STATIN,2,forum,train,calib,test,train
cadecv1:LIPITOR.578,forum,cadec_v1,STATIN,2,forum,train,calib,test,train
cadecv1:LIPITOR.579,forum,cadec_v1,STATIN,2,forum,train,calib,test,train
cadecv1:LIPITOR.58,forum,cadec_v1,STATIN,2,forum,train,calib,test,train
cadecv1:LIPITOR.580,forum,cadec_v1,STATIN,2,forum,train,calib,test,train
cadecv1:LIPITOR.581,forum,cadec_v1,STATIN,2,forum,train,calib,test,train
cadecv1:LIPITOR.582,forum,cadec_v1,STATIN,2,forum,train,calib,test,train
cadecv1:LIPITOR.583,forum,cadec_v1,STATIN,2,forum,train,calib,test,train
cadecv1:LIPITOR.584,forum,cadec_v1,STATIN,2,forum,train,calib,test,train
cadecv1:LIPITOR.585,forum,cadec_v1,STATIN,2,forum,train,calib,test,train
cadecv1:LIPITOR.586,forum,cadec_v1,STATIN,2,forum,train,calib,test,train
cadecv1:LIPITOR.587,forum,cadec_v1,STATIN,2,forum,train,calib,test,train
cadecv1:LIPITOR.588,forum,cadec_v1,STATIN,2,forum,train,calib,test,train
cadecv1:LIPITOR.589,forum,cadec_v1,STATIN,2,forum,train,calib,test,train
cadecv1:LIPITOR.59,forum,cadec_v1,STATIN,2,forum,train,calib,test,train
cadecv1:LIPITOR.590,forum,cadec_v1,STATIN,2,forum,train,calib,test,train
cadecv1:LIPITOR.591,forum,cadec_v1,STATIN,2,forum,train,calib,test,train
cadecv1:LIPITOR.592,forum,cadec_v1,STATIN,2,forum,train,calib,test,train
cadecv1:LIPITOR.593,forum,cadec_v1,STATIN,2,forum,train,calib,test,train
cadecv1:LIPITOR.594,forum,cadec_v1,STATIN,2,forum,train,calib,test,train
cadecv1:LIPITOR.595,forum,cadec_v1,STATIN,2,forum,train,calib,test,train
cadecv1:LIPITOR.596,forum,cadec_v1,STATIN,2,forum,train,calib,test,train
cadecv1:LIPITOR.597,forum,cadec_v1,STATIN,2,forum,train,calib,test,train
cadecv1:LIPITOR.598,forum,cadec_v1,STATIN,2,forum,train,calib,test,train
cadecv1:LIPITOR.599,forum,cadec_v1,STATIN,2,forum,train,calib,test,train
cadecv1:LIPITOR.6,forum,cadec_v1,STATIN,2,forum,train,calib,test,train
cadecv1:LIPITOR.60,forum,cadec_v1,STATIN,2,forum,train,calib,test,train
cadecv1:LIPITOR.600,forum,cadec_v1,STATIN,2,forum,train,calib,test,train
cadecv1:LIPITOR.601,forum,cadec_v1,STATIN,2,forum,train,calib,test,train
cadecv1:LIPITOR.602,forum,cadec_v1,STATIN,2,forum,train,calib,test,train
cadecv1:LIPITOR.603,forum,cadec_v1,STATIN,2,forum,train,calib,test,train
cadecv1:LIPITOR.604,forum,cadec_v1,STATIN,2,forum,train,calib,test,train
cadecv1:LIPITOR.605,forum,cadec_v1,STATIN,2,forum,train,calib,test,train
cadecv1:LIPITOR.606,forum,cadec_v1,STATIN,2,forum,train,calib,test,train
cadecv1:LIPITOR.607,forum,cadec_v1,STATIN,2,forum,train,calib,test,train
cadecv1:LIPITOR.608,forum,cadec_v1,STATIN,2,forum,train,calib,test,train
cadecv1:LIPITOR.609,forum,cadec_v1,STATIN,2,forum,train,calib,test,train
cadecv1:LIPITOR.61,forum,cadec_v1,STATIN,2,forum,train,calib,test,train
cadecv1:LIPITOR.610,forum,cadec_v1,STATIN,2,forum,train,calib,test,train
cadecv1:LIPITOR.611,forum,cadec_v1,STATIN,2,forum,train,calib,test,train
cadecv1:LIPITOR.612,forum,cadec_v1,STATIN,2,forum,train,calib,test,train
cadecv1:LIPITOR.613,forum,cadec_v1,STATIN,2,forum,train,calib,test,train
cadecv1:LIPITOR.614,forum,cadec_v1,STATIN,2,forum,train,calib,test,train
cadecv1:LIPITOR.615,forum,cadec_v1,STATIN,2,forum,train,calib,test,train
cadecv1:LIPITOR.616,forum,cadec_v1,STATIN,2,forum,train,calib,test,train
cadecv1:LIPITOR.617,forum,cadec_v1,STATIN,2,forum,train,calib,test,train
cadecv1:LIPITOR.618,forum,cadec_v1,STATIN,2,forum,train,calib,test,train
cadecv1:LIPITOR.619,forum,cadec_v1,STATIN,2,forum,train,calib,test,train
cadecv1:LIPITOR.62,forum,cadec_v1,STATIN,2,forum,train,calib,test,train
cadecv1:LIPITOR.620,forum,cadec_v1,STATIN,2,forum,train,calib,test,train
cadecv1:LIPITOR.621,forum,cadec_v1,STATIN,2,forum,train,calib,test,train
cadecv1:LIPITOR.622,forum,cadec_v1,STATIN,2,forum,train,calib,test,train
cadecv1:LIPITOR.623,forum,cadec_v1,STATIN,2,forum,train,calib,test,train
cadecv1:LIPITOR.624,forum,cadec_v1,STATIN,2,forum,train,calib,test,train
cadecv1:LIPITOR.625,forum,cadec_v1,STATIN,2,forum,train,calib,test,train
cadecv1:LIPITOR.626,forum,cadec_v1,STATIN,2,forum,train,calib,test,train
cadecv1:LIPITOR.627,forum,cadec_v1,STATIN,2,forum,train,calib,test,train
cadecv1:LIPITOR.628,forum,cadec_v1,STATIN,2,forum,train,calib,test,train
cadecv1:LIPITOR.629,forum,cadec_v1,STATIN,2,forum,train,calib,test,train
cadecv1:LIPITOR.63,forum,cadec_v1,STATIN,2,forum,train,calib,test,train
cadecv1:LIPITOR.631,forum,cadec_v1,STATIN,2,forum,train,calib,test,train
cadecv1:LIPITOR.632,forum,cadec_v1,STATIN,2,forum,train,calib,test,train
cadecv1:LIPITOR.633,forum,cadec_v1,STATIN,2,forum,train,calib,test,train
cadecv1:LIPITOR.634,forum,cadec_v1,STATIN,2,forum,train,calib,test,train
cadecv1:LIPITOR.635,forum,cadec_v1,STATIN,2,forum,train,calib,test,train
cadecv1:LIPITOR.636,forum,cadec_v1,STATIN,2,forum,train,calib,test,train
cadecv1:LIPITOR.637,forum,cadec_v1,STATIN,2,forum,train,calib,test,train
cadecv1:LIPITOR.638,forum,cadec_v1,STATIN,2,forum,train,calib,test,train
cadecv1:LIPITOR.639,forum,cadec_v1,STATIN,2,forum,train,calib,test,train
cadecv1:LIPITOR.64,forum,cadec_v1,STATIN,2,forum,train,calib,test,train
cadecv1:LIPITOR.640,forum,cadec_v1,STATIN,2,forum,train,calib,test,train
cadecv1:LIPITOR.641,forum,cadec_v1,STATIN,2,forum,train,calib,test,train
cadecv1:LIPITOR.642,forum,cadec_v1,STATIN,2,forum,train,calib,test,train
cadecv1:LIPITOR.643,forum,cadec_v1,STATIN,2,forum,train,calib,test,train
cadecv1:LIPITOR.644,forum,cadec_v1,STATIN,2,forum,train,calib,test,train
cadecv1:LIPITOR.645,forum,cadec_v1,STATIN,2,forum,train,calib,test,train
cadecv1:LIPITOR.646,forum,cadec_v1,STATIN,2,forum,train,calib,test,train
cadecv1:LIPITOR.647,forum,cadec_v1,STATIN,2,forum,train,calib,test,train
cadecv1:LIPITOR.648,forum,cadec_v1,STATIN,2,forum,train,calib,test,train
cadecv1:LIPITOR.649,forum,cadec_v1,STATIN,2,forum,train,calib,test,train
cadecv1:LIPITOR.65,forum,cadec_v1,STATIN,2,forum,train,calib,test,train
cadecv1:LIPITOR.650,forum,cadec_v1,STATIN,2,forum,train,calib,test,train
cadecv1:LIPITOR.651,forum,cadec_v1,STATIN,2,forum,train,calib,test,train
cadecv1:LIPITOR.652,forum,cadec_v1,STATIN,2,forum,train,calib,test,train
cadecv1:LIPITOR.653,forum,cadec_v1,STATIN,2,forum,train,calib,test,train
cadecv1:LIPITOR.654,forum,cadec_v1,STATIN,2,forum,train,calib,test,train
cadecv1:LIPITOR.655,forum,cadec_v1,STATIN,2,forum,train,calib,test,train
cadecv1:LIPITOR.656,forum,cadec_v1,STATIN,2,forum,train,calib,test,train
cadecv1:LIPITOR.657,forum,cadec_v1,STATIN,2,forum,train,calib,test,train
cadecv1:LIPITOR.658,forum,cadec_v1,STATIN,2,forum,train,calib,test,train
cadecv1:LIPITOR.659,forum,cadec_v1,STATIN,2,forum,train,calib,test,train
cadecv1:LIPITOR.66,forum,cadec_v1,STATIN,2,forum,train,calib,test,train
cadecv1:LIPITOR.660,forum,cadec_v1,STATIN,2,forum,train,calib,test,train
cadecv1:LIPITOR.661,forum,cadec_v1,STATIN,2,forum,train,calib,test,train
cadecv1:LIPITOR.662,forum,cadec_v1,STATIN,2,forum,train,calib,test,train
cadecv1:LIPITOR.663,forum,cadec_v1,STATIN,2,forum,train,calib,test,train
cadecv1:LIPITOR.664,forum,cadec_v1,STATIN,2,forum,train,calib,test,train
cadecv1:LIPITOR.665,forum,cadec_v1,STATIN,2,forum,train,calib,test,train
cadecv1:LIPITOR.666,forum,cadec_v1,STATIN,2,forum,train,calib,test,train
cadecv1:LIPITOR.667,forum,cadec_v1,STATIN,2,forum,train,calib,test,train
cadecv1:LIPITOR.668,forum,cadec_v1,STATIN,2,forum,train,calib,test,train
cadecv1:LIPITOR.669,forum,cadec_v1,STATIN,2,forum,train,calib,test,train
cadecv1:LIPITOR.67,forum,cadec_v1,STATIN,2,forum,train,calib,test,train
cadecv1:LIPITOR.670,forum,cadec_v1,STATIN,2,forum,train,calib,test,train
cadecv1:LIPITOR.671,forum,cadec_v1,STATIN,2,forum,train,calib,test,train
cadecv1:LIPITOR.672,forum,cadec_v1,STATIN,2,forum,train,calib,test,train
cadecv1:LIPITOR.673,forum,cadec_v1,STATIN,2,forum,train,calib,test,train
cadecv1:LIPITOR.674,forum,cadec_v1,STATIN,2,forum,train,calib,test,train
cadecv1:LIPITOR.675,forum,cadec_v1,STATIN,2,forum,train,calib,test,train
cadecv1:LIPITOR.676,forum,cadec_v1,STATIN,2,forum,train,calib,test,train
cadecv1:LIPITOR.677,forum,cadec_v1,STATIN,2,forum,train,calib,test,train
cadecv1:LIPITOR.678,forum,cadec_v1,STATIN,2,forum,train,calib,test,train
cadecv1:LIPITOR.679,forum,cadec_v1,STATIN,2,forum,train,calib,test,train
cadecv1:LIPITOR.68,forum,cadec_v1,STATIN,2,forum,train,calib,test,train
cadecv1:LIPITOR.680,forum,cadec_v1,STATIN,2,forum,train,calib,test,train
cadecv1:LIPITOR.681,forum,cadec_v1,STATIN,2,forum,train,calib,test,train
cadecv1:LIPITOR.682,forum,cadec_v1,STATIN,2,forum,train,calib,test,train
cadecv1:LIPITOR.683,forum,cadec_v1,STATIN,2,forum,train,calib,test,train
cadecv1:LIPITOR.684,forum,cadec_v1,STATIN,2,forum,train,calib,test,train
cadecv1:LIPITOR.685,forum,cadec_v1,STATIN,2,forum,train,calib,test,train
cadecv1:LIPITOR.686,forum,cadec_v1,STATIN,2,forum,train,calib,test,train
cadecv1:LIPITOR.687,forum,cadec_v1,STATIN,2,forum,train,calib,test,train
cadecv1:LIPITOR.688,forum,cadec_v1,STATIN,2,forum,train,calib,test,train
cadecv1:LIPITOR.689,forum,cadec_v1,STATIN,2,forum,train,calib,test,train
cadecv1:LIPITOR.69,forum,cadec_v1,STATIN,2,forum,train,calib,test,train
cadecv1:LIPITOR.690,forum,cadec_v1,STATIN,2,forum,train,calib,test,train
cadecv1:LIPITOR.691,forum,cadec_v1,STATIN,2,forum,train,calib,test,train
cadecv1:LIPITOR.692,forum,cadec_v1,STATIN,2,forum,train,calib,test,train
cadecv1:LIPITOR.693,forum,cadec_v1,STATIN,2,forum,train,calib,test,train
cadecv1:LIPITOR.694,forum,cadec_v1,STATIN,2,forum,train,calib,test,train
cadecv1:LIPITOR.695,forum,cadec_v1,STATIN,2,forum,train,calib,test,train
cadecv1:LIPITOR.696,forum,cadec_v1,STATIN,2,forum,train,calib,test,train
cadecv1:LIPITOR.697,forum,cadec_v1,STATIN,2,forum,train,calib,test,train
cadecv1:LIPITOR.698,forum,cadec_v1,STATIN,2,forum,train,calib,test,train
cadecv1:LIPITOR.699,forum,cadec_v1,STATIN,2,forum,train,calib,test,train
cadecv1:LIPITOR.7,forum,cadec_v1,STATIN,2,forum,train,calib,test,train
cadecv1:LIPITOR.70,forum,cadec_v1,STATIN,2,forum,train,calib,test,train
cadecv1:LIPITOR.700,forum,cadec_v1,STATIN,2,forum,train,calib,test,train
cadecv1:LIPITOR.701,forum,cadec_v1,STATIN,2,forum,train,calib,test,train
cadecv1:LIPITOR.702,forum,cadec_v1,STATIN,2,forum,train,calib,test,train
cadecv1:LIPITOR.703,forum,cadec_v1,STATIN,2,forum,train,calib,test,train
cadecv1:LIPITOR.704,forum,cadec_v1,STATIN,2,forum,train,calib,test,train
cadecv1:LIPITOR.705,forum,cadec_v1,STATIN,2,forum,train,calib,test,train
cadecv1:LIPITOR.706,forum,cadec_v1,STATIN,2,forum,train,calib,test,train
cadecv1:LIPITOR.707,forum,cadec_v1,STATIN,2,forum,train,calib,test,train
cadecv1:LIPITOR.708,forum,cadec_v1,STATIN,2,forum,train,calib,test,train
cadecv1:LIPITOR.709,forum,cadec_v1,STATIN,2,forum,train,calib,test,train
cadecv1:LIPITOR.71,forum,cadec_v1,STATIN,2,forum,train,calib,test,train
cadecv1:LIPITOR.710,forum,cadec_v1,STATIN,2,forum,train,calib,test,train
cadecv1:LIPITOR.711,forum,cadec_v1,STATIN,2,forum,train,calib,test,train
cadecv1:LIPITOR.712,forum,cadec_v1,STATIN,2,forum,train,calib,test,train
cadecv1:LIPITOR.713,forum,cadec_v1,STATIN,2,forum,train,calib,test,train
cadecv1:LIPITOR.714,forum,cadec_v1,STATIN,2,forum,train,calib,test,train
cadecv1:LIPITOR.715,forum,cadec_v1,STATIN,2,forum,train,calib,test,train
cadecv1:LIPITOR.716,forum,cadec_v1,STATIN,2,forum,train,calib,test,train
cadecv1:LIPITOR.717,forum,cadec_v1,STATIN,2,forum,train,calib,test,train
cadecv1:LIPITOR.718,forum,cadec_v1,STATIN,2,forum,train,calib,test,train
cadecv1:LIPITOR.719,forum,cadec_v1,STATIN,2,forum,train,calib,test,train
cadecv1:LIPITOR.72,forum,cadec_v1,STATIN,2,forum,train,calib,test,train
cadecv1:LIPITOR.720,forum,cadec_v1,STATIN,2,forum,train,calib,test,train
cadecv1:LIPITOR.721,forum,cadec_v1,STATIN,2,forum,train,calib,test,train
cadecv1:LIPITOR.722,forum,cadec_v1,STATIN,2,forum,train,calib,test,train
cadecv1:LIPITOR.723,forum,cadec_v1,STATIN,2,forum,train,calib,test,train
cadecv1:LIPITOR.724,forum,cadec_v1,STATIN,2,forum,train,calib,test,train
cadecv1:LIPITOR.725,forum,cadec_v1,STATIN,2,forum,train,calib,test,train
cadecv1:LIPITOR.726,forum,cadec_v1,STATIN,2,forum,train,calib,test,train
cadecv1:LIPITOR.727,forum,cadec_v1,STATIN,2,forum,train,calib,test,train
cadecv1:LIPITOR.728,forum,cadec_v1,STATIN,2,forum,train,calib,test,train
cadecv1:LIPITOR.729,forum,cadec_v1,STATIN,2,forum,train,calib,test,train
cadecv1:LIPITOR.73,forum,cadec_v1,STATIN,2,forum,train,calib,test,train
cadecv1:LIPITOR.730,forum,cadec_v1,STATIN,2,forum,train,calib,test,train
cadecv1:LIPITOR.731,forum,cadec_v1,STATIN,2,forum,train,calib,test,train
cadecv1:LIPITOR.732,forum,cadec_v1,STATIN,2,forum,train,calib,test,train
cadecv1:LIPITOR.733,forum,cadec_v1,STATIN,2,forum,train,calib,test,train
cadecv1:LIPITOR.734,forum,cadec_v1,STATIN,2,forum,train,calib,test,train
cadecv1:LIPITOR.735,forum,cadec_v1,STATIN,2,forum,train,calib,test,train
cadecv1:LIPITOR.736,forum,cadec_v1,STATIN,2,forum,train,calib,test,train
cadecv1:LIPITOR.737,forum,cadec_v1,STATIN,2,forum,train,calib,test,train
cadecv1:LIPITOR.738,forum,cadec_v1,STATIN,2,forum,train,calib,test,train
cadecv1:LIPITOR.739,forum,cadec_v1,STATIN,2,forum,train,calib,test,train
cadecv1:LIPITOR.74,forum,cadec_v1,STATIN,2,forum,train,calib,test,train
cadecv1:LIPITOR.740,forum,cadec_v1,STATIN,2,forum,train,calib,test,train
cadecv1:LIPITOR.741,forum,cadec_v1,STATIN,2,forum,train,calib,test,train
cadecv1:LIPITOR.742,forum,cadec_v1,STATIN,2,forum,train,calib,test,train
cadecv1:LIPITOR.743,forum,cadec_v1,STATIN,2,forum,train,calib,test,train
cadecv1:LIPITOR.744,forum,cadec_v1,STATIN,2,forum,train,calib,test,train
cadecv1:LIPITOR.745,forum,cadec_v1,STATIN,2,forum,train,calib,test,train
cadecv1:LIPITOR.746,forum,cadec_v1,STATIN,2,forum,train,calib,test,train
cadecv1:LIPITOR.747,forum,cadec_v1,STATIN,2,forum,train,calib,test,train
cadecv1:LIPITOR.748,forum,cadec_v1,STATIN,2,forum,train,calib,test,train
cadecv1:LIPITOR.749,forum,cadec_v1,STATIN,2,forum,train,calib,test,train
cadecv1:LIPITOR.75,forum,cadec_v1,STATIN,2,forum,train,calib,test,train
cadecv1:LIPITOR.750,forum,cadec_v1,STATIN,2,forum,train,calib,test,train
cadecv1:LIPITOR.751,forum,cadec_v1,STATIN,2,forum,train,calib,test,train
cadecv1:LIPITOR.752,forum,cadec_v1,STATIN,2,forum,train,calib,test,train
cadecv1:LIPITOR.753,forum,cadec_v1,STATIN,2,forum,train,calib,test,train
cadecv1:LIPITOR.754,forum,cadec_v1,STATIN,2,forum,train,calib,test,train
cadecv1:LIPITOR.755,forum,cadec_v1,STATIN,2,forum,train,calib,test,train
cadecv1:LIPITOR.756,forum,cadec_v1,STATIN,2,forum,train,calib,test,train
cadecv1:LIPITOR.757,forum,cadec_v1,STATIN,2,forum,train,calib,test,train
cadecv1:LIPITOR.758,forum,cadec_v1,STATIN,2,forum,train,calib,test,train
cadecv1:LIPITOR.759,forum,cadec_v1,STATIN,2,forum,train,calib,test,train
cadecv1:LIPITOR.76,forum,cadec_v1,STATIN,2,forum,train,calib,test,train
cadecv1:LIPITOR.760,forum,cadec_v1,STATIN,2,forum,train,calib,test,train
cadecv1:LIPITOR.761,forum,cadec_v1,STATIN,2,forum,train,calib,test,train
cadecv1:LIPITOR.762,forum,cadec_v1,STATIN,2,forum,train,calib,test,train
cadecv1:LIPITOR.763,forum,cadec_v1,STATIN,2,forum,train,calib,test,train
cadecv1:LIPITOR.764,forum,cadec_v1,STATIN,2,forum,train,calib,test,train
cadecv1:LIPITOR.765,forum,cadec_v1,STATIN,2,forum,train,calib,test,train
cadecv1:LIPITOR.766,forum,cadec_v1,STATIN,2,forum,train,calib,test,train
cadecv1:LIPITOR.767,forum,cadec_v1,STATIN,2,forum,train,calib,test,train
cadecv1:LIPITOR.768,forum,cadec_v1,STATIN,2,forum,train,calib,test,train
cadecv1:LIPITOR.769,forum,cadec_v1,STATIN,2,forum,train,calib,test,train
cadecv1:LIPITOR.77,forum,cadec_v1,STATIN,2,forum,train,calib,test,train
cadecv1:LIPITOR.770,forum,cadec_v1,STATIN,2,forum,train,calib,test,train
cadecv1:LIPITOR.771,forum,cadec_v1,STATIN,2,forum,train,calib,test,train
cadecv1:LIPITOR.772,forum,cadec_v1,STATIN,2,forum,train,calib,test,train
cadecv1:LIPITOR.773,forum,cadec_v1,STATIN,2,forum,train,calib,test,train
cadecv1:LIPITOR.774,forum,cadec_v1,STATIN,2,forum,train,calib,test,train
cadecv1:LIPITOR.775,forum,cadec_v1,STATIN,2,forum,train,calib,test,train
cadecv1:LIPITOR.776,forum,cadec_v1,STATIN,2,forum,train,calib,test,train
cadecv1:LIPITOR.777,forum,cadec_v1,STATIN,2,forum,train,calib,test,train
cadecv1:LIPITOR.778,forum,cadec_v1,STATIN,2,forum,train,calib,test,train
cadecv1:LIPITOR.779,forum,cadec_v1,STATIN,2,forum,train,calib,test,train
cadecv1:LIPITOR.78,forum,cadec_v1,STATIN,2,forum,train,calib,test,train
cadecv1:LIPITOR.780,forum,cadec_v1,STATIN,2,forum,train,calib,test,train
cadecv1:LIPITOR.781,forum,cadec_v1,STATIN,2,forum,train,calib,test,train
cadecv1:LIPITOR.782,forum,cadec_v1,STATIN,2,forum,train,calib,test,train
cadecv1:LIPITOR.783,forum,cadec_v1,STATIN,2,forum,train,calib,test,train
cadecv1:LIPITOR.784,forum,cadec_v1,STATIN,2,forum,train,calib,test,train
cadecv1:LIPITOR.785,forum,cadec_v1,STATIN,2,forum,train,calib,test,train
cadecv1:LIPITOR.786,forum,cadec_v1,STATIN,2,forum,train,calib,test,train
cadecv1:LIPITOR.787,forum,cadec_v1,STATIN,2,forum,train,calib,test,train
cadecv1:LIPITOR.788,forum,cadec_v1,STATIN,2,forum,train,calib,test,train
cadecv1:LIPITOR.789,forum,cadec_v1,STATIN,2,forum,train,calib,test,train
cadecv1:LIPITOR.79,forum,cadec_v1,STATIN,2,forum,train,calib,test,train
cadecv1:LIPITOR.790,forum,cadec_v1,STATIN,2,forum,train,calib,test,train
cadecv1:LIPITOR.791,forum,cadec_v1,STATIN,2,forum,train,calib,test,train
cadecv1:LIPITOR.792,forum,cadec_v1,STATIN,2,forum,train,calib,test,train
cadecv1:LIPITOR.793,forum,cadec_v1,STATIN,2,forum,train,calib,test,train
cadecv1:LIPITOR.794,forum,cadec_v1,STATIN,2,forum,train,calib,test,train
cadecv1:LIPITOR.795,forum,cadec_v1,STATIN,2,forum,train,calib,test,train
cadecv1:LIPITOR.796,forum,cadec_v1,STATIN,2,forum,train,calib,test,train
cadecv1:LIPITOR.797,forum,cadec_v1,STATIN,2,forum,train,calib,test,train
cadecv1:LIPITOR.798,forum,cadec_v1,STATIN,2,forum,train,calib,test,train
cadecv1:LIPITOR.799,forum,cadec_v1,STATIN,2,forum,train,calib,test,train
cadecv1:LIPITOR.8,forum,cadec_v1,STATIN,2,forum,train,calib,test,train
cadecv1:LIPITOR.80,forum,cadec_v1,STATIN,2,forum,train,calib,test,train
cadecv1:LIPITOR.800,forum,cadec_v1,STATIN,2,forum,train,calib,test,train
cadecv1:LIPITOR.801,forum,cadec_v1,STATIN,2,forum,train,calib,test,train
cadecv1:LIPITOR.802,forum,cadec_v1,STATIN,2,forum,train,calib,test,train
cadecv1:LIPITOR.803,forum,cadec_v1,STATIN,2,forum,train,calib,test,train
cadecv1:LIPITOR.804,forum,cadec_v1,STATIN,2,forum,train,calib,test,train
cadecv1:LIPITOR.805,forum,cadec_v1,STATIN,2,forum,train,calib,test,train
cadecv1:LIPITOR.806,forum,cadec_v1,STATIN,2,forum,train,calib,test,train
cadecv1:LIPITOR.807,forum,cadec_v1,STATIN,2,forum,train,calib,test,train
cadecv1:LIPITOR.808,forum,cadec_v1,STATIN,2,forum,train,calib,test,train
cadecv1:LIPITOR.809,forum,cadec_v1,STATIN,2,forum,train,calib,test,train
cadecv1:LIPITOR.81,forum,cadec_v1,STATIN,2,forum,train,calib,test,train
cadecv1:LIPITOR.810,forum,cadec_v1,STATIN,2,forum,train,calib,test,train
cadecv1:LIPITOR.811,forum,cadec_v1,STATIN,2,forum,train,calib,test,train
cadecv1:LIPITOR.812,forum,cadec_v1,STATIN,2,forum,train,calib,test,train
cadecv1:LIPITOR.813,forum,cadec_v1,STATIN,2,forum,train,calib,test,train
cadecv1:LIPITOR.814,forum,cadec_v1,STATIN,2,forum,train,calib,test,train
cadecv1:LIPITOR.815,forum,cadec_v1,STATIN,2,forum,train,calib,test,train
cadecv1:LIPITOR.816,forum,cadec_v1,STATIN,2,forum,train,calib,test,train
cadecv1:LIPITOR.817,forum,cadec_v1,STATIN,2,forum,train,calib,test,train
cadecv1:LIPITOR.818,forum,cadec_v1,STATIN,2,forum,train,calib,test,train
cadecv1:LIPITOR.819,forum,cadec_v1,STATIN,2,forum,train,calib,test,train
cadecv1:LIPITOR.82,forum,cadec_v1,STATIN,2,forum,train,calib,test,train
cadecv1:LIPITOR.820,forum,cadec_v1,STATIN,2,forum,train,calib,test,train
cadecv1:LIPITOR.821,forum,cadec_v1,STATIN,2,forum,train,calib,test,train
cadecv1:LIPITOR.822,forum,cadec_v1,STATIN,2,forum,train,calib,test,train
cadecv1:LIPITOR.823,forum,cadec_v1,STATIN,2,forum,train,calib,test,train
cadecv1:LIPITOR.824,forum,cadec_v1,STATIN,2,forum,train,calib,test,train
cadecv1:LIPITOR.825,forum,cadec_v1,STATIN,2,forum,train,calib,test,train
cadecv1:LIPITOR.826,forum,cadec_v1,STATIN,2,forum,train,calib,test,train
cadecv1:LIPITOR.827,forum,cadec_v1,STATIN,2,forum,train,calib,test,train
cadecv1:LIPITOR.828,forum,cadec_v1,STATIN,2,forum,train,calib,test,train
cadecv1:LIPITOR.829,forum,cadec_v1,STATIN,2,forum,train,calib,test,train
cadecv1:LIPITOR.83,forum,cadec_v1,STATIN,2,forum,train,calib,test,train
cadecv1:LIPITOR.830,forum,cadec_v1,STATIN,2,forum,train,calib,test,train
cadecv1:LIPITOR.831,forum,cadec_v1,STATIN,2,forum,train,calib,test,train
cadecv1:LIPITOR.832,forum,cadec_v1,STATIN,2,forum,train,calib,test,train
cadecv1:LIPITOR.833,forum,cadec_v1,STATIN,2,forum,train,calib,test,train
cadecv1:LIPITOR.834,forum,cadec_v1,STATIN,2,forum,train,calib,test,train
cadecv1:LIPITOR.835,forum,cadec_v1,STATIN,2,forum,train,calib,test,train
cadecv1:LIPITOR.836,forum,cadec_v1,STATIN,2,forum,train,calib,test,train
cadecv1:LIPITOR.837,forum,cadec_v1,STATIN,2,forum,train,calib,test,train
cadecv1:LIPITOR.838,forum,cadec_v1,STATIN,2,forum,train,calib,test,train
cadecv1:LIPITOR.839,forum,cadec_v1,STATIN,2,forum,train,calib,test,train
cadecv1:LIPITOR.84,forum,cadec_v1,STATIN,2,forum,train,calib,test,train
cadecv1:LIPITOR.840,forum,cadec_v1,STATIN,2,forum,train,calib,test,train
cadecv1:LIPITOR.841,forum,cadec_v1,STATIN,2,forum,train,calib,test,train
cadecv1:LIPITOR.842,forum,cadec_v1,STATIN,2,forum,train,calib,test,train
cadecv1:LIPITOR.843,forum,cadec_v1,STATIN,2,forum,train,calib,test,train
cadecv1:LIPITOR.844,forum,cadec_v1,STATIN,2,forum,train,calib,test,train
cadecv1:LIPITOR.845,forum,cadec_v1,STATIN,2,forum,train,calib,test,train
cadecv1:LIPITOR.846,forum,cadec_v1,STATIN,2,forum,train,calib,test,train
cadecv1:LIPITOR.847,forum,cadec_v1,STATIN,2,forum,train,calib,test,train
cadecv1:LIPITOR.848,forum,cadec_v1,STATIN,2,forum,train,calib,test,train
cadecv1:LIPITOR.849,forum,cadec_v1,STATIN,2,forum,train,calib,test,train
cadecv1:LIPITOR.85,forum,cadec_v1,STATIN,2,forum,train,calib,test,train
cadecv1:LIPITOR.850,forum,cadec_v1,STATIN,2,forum,train,calib,test,train
cadecv1:LIPITOR.851,forum,cadec_v1,STATIN,2,forum,train,calib,test,train
cadecv1:LIPITOR.852,forum,cadec_v1,STATIN,2,forum,train,calib,test,train
cadecv1:LIPITOR.853,forum,cadec_v1,STATIN,2,forum,train,calib,test,train
cadecv1:LIPITOR.854,forum,cadec_v1,STATIN,2,forum,train,calib,test,train
cadecv1:LIPITOR.855,forum,cadec_v1,STATIN,2,forum,train,calib,test,train
cadecv1:LIPITOR.856,forum,cadec_v1,STATIN,2,forum,train,calib,test,train
cadecv1:LIPITOR.857,forum,cadec_v1,STATIN,2,forum,train,calib,test,train
cadecv1:LIPITOR.858,forum,cadec_v1,STATIN,2,forum,train,calib,test,train
cadecv1:LIPITOR.859,forum,cadec_v1,STATIN,2,forum,train,calib,test,train
cadecv1:LIPITOR.86,forum,cadec_v1,STATIN,2,forum,train,calib,test,train
cadecv1:LIPITOR.860,forum,cadec_v1,STATIN,2,forum,train,calib,test,train
cadecv1:LIPITOR.861,forum,cadec_v1,STATIN,2,forum,train,calib,test,train
cadecv1:LIPITOR.862,forum,cadec_v1,STATIN,2,forum,train,calib,test,train
cadecv1:LIPITOR.863,forum,cadec_v1,STATIN,2,forum,train,calib,test,train
cadecv1:LIPITOR.864,forum,cadec_v1,STATIN,2,forum,train,calib,test,train
cadecv1:LIPITOR.865,forum,cadec_v1,STATIN,2,forum,train,calib,test,train
cadecv1:LIPITOR.866,forum,cadec_v1,STATIN,2,forum,train,calib,test,train
cadecv1:LIPITOR.867,forum,cadec_v1,STATIN,2,forum,train,calib,test,train
cadecv1:LIPITOR.868,forum,cadec_v1,STATIN,2,forum,train,calib,test,train
cadecv1:LIPITOR.869,forum,cadec_v1,STATIN,2,forum,train,calib,test,train
cadecv1:LIPITOR.87,forum,cadec_v1,STATIN,2,forum,train,calib,test,train
cadecv1:LIPITOR.870,forum,cadec_v1,STATIN,2,forum,train,calib,test,train
cadecv1:LIPITOR.871,forum,cadec_v1,STATIN,2,forum,train,calib,test,train
cadecv1:LIPITOR.872,forum,cadec_v1,STATIN,2,forum,train,calib,test,train
cadecv1:LIPITOR.873,forum,cadec_v1,STATIN,2,forum,train,calib,test,train
cadecv1:LIPITOR.874,forum,cadec_v1,STATIN,2,forum,train,calib,test,train
cadecv1:LIPITOR.875,forum,cadec_v1,STATIN,2,forum,train,calib,test,train
cadecv1:LIPITOR.876,forum,cadec_v1,STATIN,2,forum,train,calib,test,train
cadecv1:LIPITOR.877,forum,cadec_v1,STATIN,2,forum,train,calib,test,train
cadecv1:LIPITOR.878,forum,cadec_v1,STATIN,2,forum,train,calib,test,train
cadecv1:LIPITOR.879,forum,cadec_v1,STATIN,2,forum,train,calib,test,train
cadecv1:LIPITOR.88,forum,cadec_v1,STATIN,2,forum,train,calib,test,train
cadecv1:LIPITOR.880,forum,cadec_v1,STATIN,2,forum,train,calib,test,train
cadecv1:LIPITOR.881,forum,cadec_v1,STATIN,2,forum,train,calib,test,train
cadecv1:LIPITOR.882,forum,cadec_v1,STATIN,2,forum,train,calib,test,train
cadecv1:LIPITOR.883,forum,cadec_v1,STATIN,2,forum,train,calib,test,train
cadecv1:LIPITOR.884,forum,cadec_v1,STATIN,2,forum,train,calib,test,train
cadecv1:LIPITOR.885,forum,cadec_v1,STATIN,2,forum,train,calib,test,train
cadecv1:LIPITOR.886,forum,cadec_v1,STATIN,2,forum,train,calib,test,train
cadecv1:LIPITOR.887,forum,cadec_v1,STATIN,2,forum,train,calib,test,train
cadecv1:LIPITOR.888,forum,cadec_v1,STATIN,2,forum,train,calib,test,train
cadecv1:LIPITOR.889,forum,cadec_v1,STATIN,2,forum,train,calib,test,train
cadecv1:LIPITOR.89,forum,cadec_v1,STATIN,2,forum,train,calib,test,train
cadecv1:LIPITOR.890,forum,cadec_v1,STATIN,2,forum,train,calib,test,train
cadecv1:LIPITOR.891,forum,cadec_v1,STATIN,2,forum,train,calib,test,train
cadecv1:LIPITOR.892,forum,cadec_v1,STATIN,2,forum,train,calib,test,train
cadecv1:LIPITOR.893,forum,cadec_v1,STATIN,2,forum,train,calib,test,train
cadecv1:LIPITOR.894,forum,cadec_v1,STATIN,2,forum,train,calib,test,train
cadecv1:LIPITOR.895,forum,cadec_v1,STATIN,2,forum,train,calib,test,train
cadecv1:LIPITOR.896,forum,cadec_v1,STATIN,2,forum,train,calib,test,train
cadecv1:LIPITOR.897,forum,cadec_v1,STATIN,2,forum,train,calib,test,train
cadecv1:LIPITOR.898,forum,cadec_v1,STATIN,2,forum,train,calib,test,train
cadecv1:LIPITOR.899,forum,cadec_v1,STATIN,2,forum,train,calib,test,train
cadecv1:LIPITOR.9,forum,cadec_v1,STATIN,2,forum,train,calib,test,train
cadecv1:LIPITOR.90,forum,cadec_v1,STATIN,2,forum,train,calib,test,train
cadecv1:LIPITOR.900,forum,cadec_v1,STATIN,2,forum,train,calib,test,train
cadecv1:LIPITOR.901,forum,cadec_v1,STATIN,2,forum,train,calib,test,train
cadecv1:LIPITOR.902,forum,cadec_v1,STATIN,2,forum,train,calib,test,train
cadecv1:LIPITOR.903,forum,cadec_v1,STATIN,2,forum,train,calib,test,train
cadecv1:LIPITOR.904,forum,cadec_v1,STATIN,2,forum,train,calib,test,train
cadecv1:LIPITOR.905,forum,cadec_v1,STATIN,2,forum,train,calib,test,train
cadecv1:LIPITOR.906,forum,cadec_v1,STATIN,2,forum,train,calib,test,train
cadecv1:LIPITOR.907,forum,cadec_v1,STATIN,2,forum,train,calib,test,train
cadecv1:LIPITOR.908,forum,cadec_v1,STATIN,2,forum,train,calib,test,train
cadecv1:LIPITOR.909,forum,cadec_v1,STATIN,2,forum,train,calib,test,train
cadecv1:LIPITOR.91,forum,cadec_v1,STATIN,2,forum,train,calib,test,train
cadecv1:LIPITOR.910,forum,cadec_v1,STATIN,2,forum,train,calib,test,train
cadecv1:LIPITOR.911,forum,cadec_v1,STATIN,2,forum,train,calib,test,train
cadecv1:LIPITOR.912,forum,cadec_v1,STATIN,2,forum,train,calib,test,train
cadecv1:LIPITOR.913,forum,cadec_v1,STATIN,2,forum,train,calib,test,train
cadecv1:LIPITOR.914,forum,cadec_v1,STATIN,2,forum,train,calib,test,train
cadecv1:LIPITOR.915,forum,cadec_v1,STATIN,2,forum,train,calib,test,train
cadecv1:LIPITOR.916,forum,cadec_v1,STATIN,2,forum,train,calib,test,train
cadecv1:LIPITOR.917,forum,cadec_v1,STATIN,2,forum,train,calib,test,train
cadecv1:LIPITOR.918,forum,cadec_v1,STATIN,2,forum,train,calib,test,train
cadecv1:LIPITOR.919,forum,cadec_v1,STATIN,2,forum,train,calib,test,train
cadecv1:LIPITOR.92,forum,cadec_v1,STATIN,2,forum,train,calib,test,train
cadecv1:LIPITOR.920,forum,cadec_v1,STATIN,2,forum,train,calib,test,train
cadecv1:LIPITOR.921,forum,cadec_v1,STATIN,2,forum,train,calib,test,train
cadecv1:LIPITOR.922,forum,cadec_v1,STATIN,2,forum,train,calib,test,train
cadecv1:LIPITOR.923,forum,cadec_v1,STATIN,2,forum,train,calib,test,train
cadecv1:LIPITOR.924,forum,cadec_v1,STATIN,2,forum,train,calib,test,train
cadecv1:LIPITOR.925,forum,cadec_v1,STATIN,2,forum,train,calib,test,train
cadecv1:LIPITOR.926,forum,cadec_v1,STATIN,2,forum,train,calib,test,train
cadecv1:LIPITOR.927,forum,cadec_v1,STATIN,2,forum,train,calib,test,train
cadecv1:LIPITOR.928,forum,cadec_v1,STATIN,2,forum,train,calib,test,train
cadecv1:LIPITOR.929,forum,cadec_v1,STATIN,2,forum,train,calib,test,train
cadecv1:LIPITOR.93,forum,cadec_v1,STATIN,2,forum,train,calib,test,train
cadecv1:LIPITOR.930,forum,cadec_v1,STATIN,2,forum,train,calib,test,train
cadecv1:LIPITOR.931,forum,cadec_v1,STATIN,2,forum,train,calib,test,train
cadecv1:LIPITOR.932,forum,cadec_v1,STATIN,2,forum,train,calib,test,train
cadecv1:LIPITOR.933,forum,cadec_v1,STATIN,2,forum,train,calib,test,train
cadecv1:LIPITOR.934,forum,cadec_v1,STATIN,2,forum,train,calib,test,train
cadecv1:LIPITOR.935,forum,cadec_v1,STATIN,2,forum,train,calib,test,train
cadecv1:LIPITOR.936,forum,cadec_v1,STATIN,2,forum,train,calib,test,train
cadecv1:LIPITOR.937,forum,cadec_v1,STATIN,2,forum,train,calib,test,train
cadecv1:LIPITOR.938,forum,cadec_v1,STATIN,2,forum,train,calib,test,train
cadecv1:LIPITOR.939,forum,cadec_v1,STATIN,2,forum,train,calib,test,train
cadecv1:LIPITOR.94,forum,cadec_v1,STATIN,2,forum,train,calib,test,train
cadecv1:LIPITOR.940,forum,cadec_v1,STATIN,2,forum,train,calib,test,train
cadecv1:LIPITOR.941,forum,cadec_v1,STATIN,2,forum,train,calib,test,train
cadecv1:LIPITOR.942,forum,cadec_v1,STATIN,2,forum,train,calib,test,train
cadecv1:LIPITOR.943,forum,cadec_v1,STATIN,2,forum,train,calib,test,train
cadecv1:LIPITOR.944,forum,cadec_v1,STATIN,2,forum,train,calib,test,train
cadecv1:LIPITOR.945,forum,cadec_v1,STATIN,2,forum,train,calib,test,train
cadecv1:LIPITOR.946,forum,cadec_v1,STATIN,2,forum,train,calib,test,train
cadecv1:LIPITOR.947,forum,cadec_v1,STATIN,2,forum,train,calib,test,train
cadecv1:LIPITOR.948,forum,cadec_v1,STATIN,2,forum,train,calib,test,train
cadecv1:LIPITOR.949,forum,cadec_v1,STATIN,2,forum,train,calib,test,train
cadecv1:LIPITOR.95,forum,cadec_v1,STATIN,2,forum,train,calib,test,train
cadecv1:LIPITOR.950,forum,cadec_v1,STATIN,2,forum,train,calib,test,train
cadecv1:LIPITOR.951,forum,cadec_v1,STATIN,2,forum,train,calib,test,train
cadecv1:LIPITOR.952,forum,cadec_v1,STATIN,2,forum,train,calib,test,train
cadecv1:LIPITOR.953,forum,cadec_v1,STATIN,2,forum,train,calib,test,train
cadecv1:LIPITOR.954,forum,cadec_v1,STATIN,2,forum,train,calib,test,train
cadecv1:LIPITOR.955,forum,cadec_v1,STATIN,2,forum,train,calib,test,train
cadecv1:LIPITOR.956,forum,cadec_v1,STATIN,2,forum,train,calib,test,train
cadecv1:LIPITOR.957,forum,cadec_v1,STATIN,2,forum,train,calib,test,train
cadecv1:LIPITOR.958,forum,cadec_v1,STATIN,2,forum,train,calib,test,train
cadecv1:LIPITOR.959,forum,cadec_v1,STATIN,2,forum,train,calib,test,train
cadecv1:LIPITOR.96,forum,cadec_v1,STATIN,2,forum,train,calib,test,train
cadecv1:LIPITOR.960,forum,cadec_v1,STATIN,2,forum,train,calib,test,train
cadecv1:LIPITOR.961,forum,cadec_v1,STATIN,2,forum,train,calib,test,train
cadecv1:LIPITOR.962,forum,cadec_v1,STATIN,2,forum,train,calib,test,train
cadecv1:LIPITOR.963,forum,cadec_v1,STATIN,2,forum,train,calib,test,train
cadecv1:LIPITOR.964,forum,cadec_v1,STATIN,2,forum,train,calib,test,train
cadecv1:LIPITOR.965,forum,cadec_v1,STATIN,2,forum,train,calib,test,train
cadecv1:LIPITOR.966,forum,cadec_v1,STATIN,2,forum,train,calib,test,train
cadecv1:LIPITOR.967,forum,cadec_v1,STATIN,2,forum,train,calib,test,train
cadecv1:LIPITOR.968,forum,cadec_v1,STATIN,2,forum,train,calib,test,train
cadecv1:LIPITOR.969,forum,cadec_v1,STATIN,2,forum,train,calib,test,train
cadecv1:LIPITOR.97,forum,cadec_v1,STATIN,2,forum,train,calib,test,train
cadecv1:LIPITOR.970,forum,cadec_v1,STATIN,2,forum,train,calib,test,train
cadecv1:LIPITOR.971,forum,cadec_v1,STATIN,2,forum,train,calib,test,train
cadecv1:LIPITOR.972,forum,cadec_v1,STATIN,2,forum,train,calib,test,train
cadecv1:LIPITOR.973,forum,cadec_v1,STATIN,2,forum,train,calib,test,train
cadecv1:LIPITOR.974,forum,cadec_v1,STATIN,2,forum,train,calib,test,train
cadecv1:LIPITOR.975,forum,cadec_v1,STATIN,2,forum,train,calib,test,train
cadecv1:LIPITOR.976,forum,cadec_v1,STATIN,2,forum,train,calib,test,train
cadecv1:LIPITOR.977,forum,cadec_v1,STATIN,2,forum,train,calib,test,train
cadecv1:LIPITOR.978,forum,cadec_v1,STATIN,2,forum,train,calib,test,train
cadecv1:LIPITOR.979,forum,cadec_v1,STATIN,2,forum,train,calib,test,train
cadecv1:LIPITOR.98,forum,cadec_v1,STATIN,2,forum,train,calib,test,train
cadecv1:LIPITOR.980,forum,cadec_v1,STATIN,2,forum,train,calib,test,train
cadecv1:LIPITOR.981,forum,cadec_v1,STATIN,2,forum,train,calib,test,train
cadecv1:LIPITOR.982,forum,cadec_v1,STATIN,2,forum,train,calib,test,train
cadecv1:LIPITOR.983,forum,cadec_v1,STATIN,2,forum,train,calib,test,train
cadecv1:LIPITOR.984,forum,cadec_v1,STATIN,2,forum,train,calib,test,train
cadecv1:LIPITOR.985,forum,cadec_v1,STATIN,2,forum,train,calib,test,train
cadecv1:LIPITOR.986,forum,cadec_v1,STATIN,2,forum,train,calib,test,train
cadecv1:LIPITOR.987,forum,cadec_v1,STATIN,2,forum,train,calib,test,train
cadecv1:LIPITOR.988,forum,cadec_v1,STATIN,2,forum,train,calib,test,train
cadecv1:LIPITOR.989,forum,cadec_v1,STATIN,2,forum,train,calib,test,train
cadecv1:LIPITOR.99,forum,cadec_v1,STATIN,2,forum,train,calib,test,train
cadecv1:LIPITOR.990,forum,cadec_v1,STATIN,2,forum,train,calib,test,train
cadecv1:LIPITOR.991,forum,cadec_v1,STATIN,2,forum,train,calib,test,train
cadecv1:LIPITOR.992,forum,cadec_v1,STATIN,2,forum,train,calib,test,train
cadecv1:LIPITOR.993,forum,cadec_v1,STATIN,2,forum,train,calib,test,train
cadecv1:LIPITOR.994,forum,cadec_v1,STATIN,2,forum,train,calib,test,train
cadecv1:LIPITOR.995,forum,cadec_v1,STATIN,2,forum,train,calib,test,train
cadecv1:LIPITOR.996,forum,cadec_v1,STATIN,2,forum,train,calib,test,train
cadecv1:LIPITOR.997,forum,cadec_v1,STATIN,2,forum,train,calib,test,train
cadecv1:LIPITOR.998,forum,cadec_v1,STATIN,2,forum,train,calib,test,train
cadecv1:LIPITOR.999,forum,cadec_v1,STATIN,2,forum,train,calib,test,train
cadecv1:PENNSAID.1,forum,cadec_v1,NSAID,2,forum,train,calib,test,train
cadecv1:PENNSAID.2,forum,cadec_v1,NSAID,2,forum,train,calib,test,train
cadecv1:SOLARAZE.1,forum,cadec_v1,NSAID,2,forum,train,calib,test,train
cadecv1:SOLARAZE.2,forum,cadec_v1,NSAID,2,forum,train,calib,test,train
cadecv1:SOLARAZE.3,forum,cadec_v1,NSAID,2,forum,train,calib,test,train
cadecv1:VOLTAREN-XR.1,forum,cadec_v1,NSAID,2,forum,train,calib,test,train
cadecv1:VOLTAREN-XR.10,forum,cadec_v1,NSAID,2,forum,train,calib,test,train
cadecv1:VOLTAREN-XR.11,forum,cadec_v1,NSAID,2,forum,train,calib,test,train
cadecv1:VOLTAREN-XR.12,forum,cadec_v1,NSAID,2,forum,train,calib,test,train
cadecv1:VOLTAREN-XR.13,forum,cadec_v1,NSAID,2,forum,train,calib,test,train
cadecv1:VOLTAREN-XR.20,forum,cadec_v1,NSAID,2,forum,train,calib,test,train
cadecv1:VOLTAREN-XR.21,forum,cadec_v1,NSAID,2,forum,train,calib,test,train
cadecv1:VOLTAREN-XR.22,forum,cadec_v1,NSAID,2,forum,train,calib,test,train
cadecv1:VOLTAREN-XR.3,forum,cadec_v1,NSAID,2,forum,train,calib,test,train
cadecv1:VOLTAREN-XR.4,forum,cadec_v1,NSAID,2,forum,train,calib,test,train
cadecv1:VOLTAREN-XR.5,forum,cadec_v1,NSAID,2,forum,train,calib,test,train
cadecv1:VOLTAREN-XR.6,forum,cadec_v1,NSAID,2,forum,train,calib,test,train
cadecv1:VOLTAREN-XR.7,forum,cadec_v1,NSAID,2,forum,train,calib,test,train
cadecv1:VOLTAREN-XR.8,forum,cadec_v1,NSAID,2,forum,train,calib,test,train
cadecv1:VOLTAREN-XR.9,forum,cadec_v1,NSAID,2,forum,train,calib,test,train
cadecv1:VOLTAREN.1,forum,cadec_v1,NSAID,2,forum,train,calib,test,train
cadecv1:VOLTAREN.10,forum,cadec_v1,NSAID,2,forum,train,calib,test,train
cadecv1:VOLTAREN.14,forum,cadec_v1,NSAID,2,forum,train,calib,test,train
cadecv1:VOLTAREN.15,forum,cadec_v1,NSAID,2,forum,train,calib,test,train
cadecv1:VOLTAREN.16,forum,cadec_v1,NSAID,2,forum,train,calib,test,train
cadecv1:VOLTAREN.17,forum,cadec_v1,NSAID,2,forum,train,calib,test,train
cadecv1:VOLTAREN.18,forum,cadec_v1,NSAID,2,forum,train,calib,test,train
cadecv1:VOLTAREN.19,forum,cadec_v1,NSAID,2,forum,train,calib,test,train
cadecv1:VOLTAREN.2,forum,cadec_v1,NSAID,2,forum,train,calib,test,train
cadecv1:VOLTAREN.20,forum,cadec_v1,NSAID,2,forum,train,calib,test,train
cadecv1:VOLTAREN.22,forum,cadec_v1,NSAID,2,forum,train,calib,test,train
cadecv1:VOLTAREN.24,forum,cadec_v1,NSAID,2,forum,train,calib,test,train
cadecv1:VOLTAREN.26,forum,cadec_v1,NSAID,2,forum,train,calib,test,train
cadecv1:VOLTAREN.28,forum,cadec_v1,NSAID,2,forum,train,calib,test,train
cadecv1:VOLTAREN.3,forum,cadec_v1,NSAID,2,forum,train,calib,test,train
cadecv1:VOLTAREN.30,forum,cadec_v1,NSAID,2,forum,train,calib,test,train
cadecv1:VOLTAREN.35,forum,cadec_v1,NSAID,2,forum,train,calib,test,train
cadecv1:VOLTAREN.38,forum,cadec_v1,NSAID,2,forum,train,calib,test,train
cadecv1:VOLTAREN.4,forum,cadec_v1,NSAID,2,forum,train,calib,test,train
cadecv1:VOLTAREN.41,forum,cadec_v1,NSAID,2,forum,train,calib,test,train
cadecv1:VOLTAREN.42,forum,cadec_v1,NSAID,2,forum,train,calib,test,train
cadecv1:VOLTAREN.43,forum,cadec_v1,NSAID,2,forum,train,calib,test,train
cadecv1:VOLTAREN.44,forum,cadec_v1,NSAID,2,forum,train,calib,test,train
cadecv1:VOLTAREN.45,forum,cadec_v1,NSAID,2,forum,train,calib,test,train
cadecv1:VOLTAREN.8,forum,cadec_v1,NSAID,2,forum,train,calib,test,train
cadecv1:VOLTAREN.9,forum,cadec_v1,NSAID,2,forum,train,calib,test,train
cadecv1:ZIPSOR.1,forum,cadec_v1,NSAID,2,forum,train,calib,test,train
cadecv1:ZIPSOR.2,forum,cadec_v1,NSAID,2,forum,train,calib,test,train
cadecv1:ZIPSOR.3,forum,cadec_v1,NSAID,2,forum,train,calib,test,train
psytar:lexapro.1,forum,psytar,ANTIDEPRESSANT_PSY,3,forum,train,train,calib,test
psytar:lexapro.2,forum,psytar,ANTIDEPRESSANT_PSY,3,forum,train,train,calib,test
psytar:lexapro.3,forum,psytar,ANTIDEPRESSANT_PSY,3,forum,train,train,calib,test
psytar:lexapro.4,forum,psytar,ANTIDEPRESSANT_PSY,3,forum,train,train,calib,test
psytar:lexapro.5,forum,psytar,ANTIDEPRESSANT_PSY,3,forum,train,train,calib,test
psytar:lexapro.6,forum,psytar,ANTIDEPRESSANT_PSY,3,forum,train,train,calib,test
psytar:lexapro.7,forum,psytar,ANTIDEPRESSANT_PSY,3,forum,train,train,calib,test
psytar:lexapro.8,forum,psytar,ANTIDEPRESSANT_PSY,3,forum,train,train,calib,test
psytar:lexapro.9,forum,psytar,ANTIDEPRESSANT_PSY,3,forum,train,train,calib,test
psytar:lexapro.10,forum,psytar,ANTIDEPRESSANT_PSY,3,forum,train,train,calib,test
psytar:lexapro.11,forum,psytar,ANTIDEPRESSANT_PSY,3,forum,train,train,calib,test
psytar:lexapro.12,forum,psytar,ANTIDEPRESSANT_PSY,3,forum,train,train,calib,test
psytar:lexapro.13,forum,psytar,ANTIDEPRESSANT_PSY,3,forum,train,train,calib,test
psytar:lexapro.14,forum,psytar,ANTIDEPRESSANT_PSY,3,forum,train,train,calib,test
psytar:lexapro.15,forum,psytar,ANTIDEPRESSANT_PSY,3,forum,train,train,calib,test
psytar:lexapro.16,forum,psytar,ANTIDEPRESSANT_PSY,3,forum,train,train,calib,test
psytar:lexapro.17,forum,psytar,ANTIDEPRESSANT_PSY,3,forum,train,train,calib,test
psytar:lexapro.18,forum,psytar,ANTIDEPRESSANT_PSY,3,forum,train,train,calib,test
psytar:lexapro.19,forum,psytar,ANTIDEPRESSANT_PSY,3,forum,train,train,calib,test
psytar:lexapro.20,forum,psytar,ANTIDEPRESSANT_PSY,3,forum,train,train,calib,test
psytar:lexapro.21,forum,psytar,ANTIDEPRESSANT_PSY,3,forum,train,train,calib,test
psytar:lexapro.22,forum,psytar,ANTIDEPRESSANT_PSY,3,forum,train,train,calib,test
psytar:lexapro.23,forum,psytar,ANTIDEPRESSANT_PSY,3,forum,train,train,calib,test
psytar:lexapro.24,forum,psytar,ANTIDEPRESSANT_PSY,3,forum,train,train,calib,test
psytar:lexapro.25,forum,psytar,ANTIDEPRESSANT_PSY,3,forum,train,train,calib,test
psytar:lexapro.26,forum,psytar,ANTIDEPRESSANT_PSY,3,forum,train,train,calib,test
psytar:lexapro.27,forum,psytar,ANTIDEPRESSANT_PSY,3,forum,train,train,calib,test
psytar:lexapro.28,forum,psytar,ANTIDEPRESSANT_PSY,3,forum,train,train,calib,test
psytar:lexapro.29,forum,psytar,ANTIDEPRESSANT_PSY,3,forum,train,train,calib,test
psytar:lexapro.30,forum,psytar,ANTIDEPRESSANT_PSY,3,forum,train,train,calib,test
psytar:lexapro.31,forum,psytar,ANTIDEPRESSANT_PSY,3,forum,train,train,calib,test
psytar:lexapro.32,forum,psytar,ANTIDEPRESSANT_PSY,3,forum,train,train,calib,test
psytar:lexapro.33,forum,psytar,ANTIDEPRESSANT_PSY,3,forum,train,train,calib,test
psytar:lexapro.34,forum,psytar,ANTIDEPRESSANT_PSY,3,forum,train,train,calib,test
psytar:lexapro.35,forum,psytar,ANTIDEPRESSANT_PSY,3,forum,train,train,calib,test
psytar:lexapro.36,forum,psytar,ANTIDEPRESSANT_PSY,3,forum,train,train,calib,test
psytar:lexapro.37,forum,psytar,ANTIDEPRESSANT_PSY,3,forum,train,train,calib,test
psytar:lexapro.38,forum,psytar,ANTIDEPRESSANT_PSY,3,forum,train,train,calib,test
psytar:lexapro.39,forum,psytar,ANTIDEPRESSANT_PSY,3,forum,train,train,calib,test
psytar:lexapro.40,forum,psytar,ANTIDEPRESSANT_PSY,3,forum,train,train,calib,test
psytar:lexapro.41,forum,psytar,ANTIDEPRESSANT_PSY,3,forum,train,train,calib,test
psytar:lexapro.42,forum,psytar,ANTIDEPRESSANT_PSY,3,forum,train,train,calib,test
psytar:lexapro.43,forum,psytar,ANTIDEPRESSANT_PSY,3,forum,train,train,calib,test
psytar:lexapro.44,forum,psytar,ANTIDEPRESSANT_PSY,3,forum,train,train,calib,test
psytar:lexapro.45,forum,psytar,ANTIDEPRESSANT_PSY,3,forum,train,train,calib,test
psytar:lexapro.46,forum,psytar,ANTIDEPRESSANT_PSY,3,forum,train,train,calib,test
psytar:lexapro.47,forum,psytar,ANTIDEPRESSANT_PSY,3,forum,train,train,calib,test
psytar:lexapro.48,forum,psytar,ANTIDEPRESSANT_PSY,3,forum,train,train,calib,test
psytar:lexapro.49,forum,psytar,ANTIDEPRESSANT_PSY,3,forum,train,train,calib,test
psytar:lexapro.50,forum,psytar,ANTIDEPRESSANT_PSY,3,forum,train,train,calib,test
psytar:lexapro.51,forum,psytar,ANTIDEPRESSANT_PSY,3,forum,train,train,calib,test
psytar:lexapro.52,forum,psytar,ANTIDEPRESSANT_PSY,3,forum,train,train,calib,test
psytar:lexapro.53,forum,psytar,ANTIDEPRESSANT_PSY,3,forum,train,train,calib,test
psytar:lexapro.54,forum,psytar,ANTIDEPRESSANT_PSY,3,forum,train,train,calib,test
psytar:lexapro.55,forum,psytar,ANTIDEPRESSANT_PSY,3,forum,train,train,calib,test
psytar:lexapro.56,forum,psytar,ANTIDEPRESSANT_PSY,3,forum,train,train,calib,test
psytar:lexapro.57,forum,psytar,ANTIDEPRESSANT_PSY,3,forum,train,train,calib,test
psytar:lexapro.58,forum,psytar,ANTIDEPRESSANT_PSY,3,forum,train,train,calib,test
psytar:lexapro.59,forum,psytar,ANTIDEPRESSANT_PSY,3,forum,train,train,calib,test
psytar:lexapro.60,forum,psytar,ANTIDEPRESSANT_PSY,3,forum,train,train,calib,test
psytar:lexapro.61,forum,psytar,ANTIDEPRESSANT_PSY,3,forum,train,train,calib,test
psytar:lexapro.62,forum,psytar,ANTIDEPRESSANT_PSY,3,forum,train,train,calib,test
psytar:lexapro.63,forum,psytar,ANTIDEPRESSANT_PSY,3,forum,train,train,calib,test
psytar:lexapro.64,forum,psytar,ANTIDEPRESSANT_PSY,3,forum,train,train,calib,test
psytar:lexapro.65,forum,psytar,ANTIDEPRESSANT_PSY,3,forum,train,train,calib,test
psytar:lexapro.66,forum,psytar,ANTIDEPRESSANT_PSY,3,forum,train,train,calib,test
psytar:lexapro.67,forum,psytar,ANTIDEPRESSANT_PSY,3,forum,train,train,calib,test
psytar:lexapro.68,forum,psytar,ANTIDEPRESSANT_PSY,3,forum,train,train,calib,test
psytar:lexapro.69,forum,psytar,ANTIDEPRESSANT_PSY,3,forum,train,train,calib,test
psytar:lexapro.70,forum,psytar,ANTIDEPRESSANT_PSY,3,forum,train,train,calib,test
psytar:lexapro.71,forum,psytar,ANTIDEPRESSANT_PSY,3,forum,train,train,calib,test
psytar:lexapro.72,forum,psytar,ANTIDEPRESSANT_PSY,3,forum,train,train,calib,test
psytar:lexapro.73,forum,psytar,ANTIDEPRESSANT_PSY,3,forum,train,train,calib,test
psytar:lexapro.74,forum,psytar,ANTIDEPRESSANT_PSY,3,forum,train,train,calib,test
psytar:lexapro.75,forum,psytar,ANTIDEPRESSANT_PSY,3,forum,train,train,calib,test
psytar:lexapro.76,forum,psytar,ANTIDEPRESSANT_PSY,3,forum,train,train,calib,test
psytar:lexapro.77,forum,psytar,ANTIDEPRESSANT_PSY,3,forum,train,train,calib,test
psytar:lexapro.78,forum,psytar,ANTIDEPRESSANT_PSY,3,forum,train,train,calib,test
psytar:lexapro.79,forum,psytar,ANTIDEPRESSANT_PSY,3,forum,train,train,calib,test
psytar:lexapro.80,forum,psytar,ANTIDEPRESSANT_PSY,3,forum,train,train,calib,test
psytar:lexapro.81,forum,psytar,ANTIDEPRESSANT_PSY,3,forum,train,train,calib,test
psytar:lexapro.82,forum,psytar,ANTIDEPRESSANT_PSY,3,forum,train,train,calib,test
psytar:lexapro.83,forum,psytar,ANTIDEPRESSANT_PSY,3,forum,train,train,calib,test
psytar:lexapro.84,forum,psytar,ANTIDEPRESSANT_PSY,3,forum,train,train,calib,test
psytar:lexapro.85,forum,psytar,ANTIDEPRESSANT_PSY,3,forum,train,train,calib,test
psytar:lexapro.86,forum,psytar,ANTIDEPRESSANT_PSY,3,forum,train,train,calib,test
psytar:lexapro.87,forum,psytar,ANTIDEPRESSANT_PSY,3,forum,train,train,calib,test
psytar:lexapro.88,forum,psytar,ANTIDEPRESSANT_PSY,3,forum,train,train,calib,test
psytar:lexapro.89,forum,psytar,ANTIDEPRESSANT_PSY,3,forum,train,train,calib,test
psytar:lexapro.90,forum,psytar,ANTIDEPRESSANT_PSY,3,forum,train,train,calib,test
psytar:lexapro.91,forum,psytar,ANTIDEPRESSANT_PSY,3,forum,train,train,calib,test
psytar:lexapro.92,forum,psytar,ANTIDEPRESSANT_PSY,3,forum,train,train,calib,test
psytar:lexapro.93,forum,psytar,ANTIDEPRESSANT_PSY,3,forum,train,train,calib,test
psytar:lexapro.94,forum,psytar,ANTIDEPRESSANT_PSY,3,forum,train,train,calib,test
psytar:lexapro.95,forum,psytar,ANTIDEPRESSANT_PSY,3,forum,train,train,calib,test
psytar:lexapro.96,forum,psytar,ANTIDEPRESSANT_PSY,3,forum,train,train,calib,test
psytar:lexapro.97,forum,psytar,ANTIDEPRESSANT_PSY,3,forum,train,train,calib,test
psytar:lexapro.98,forum,psytar,ANTIDEPRESSANT_PSY,3,forum,train,train,calib,test
psytar:lexapro.99,forum,psytar,ANTIDEPRESSANT_PSY,3,forum,train,train,calib,test
psytar:lexapro.100,forum,psytar,ANTIDEPRESSANT_PSY,3,forum,train,train,calib,test
psytar:lexapro.101,forum,psytar,ANTIDEPRESSANT_PSY,3,forum,train,train,calib,test
psytar:lexapro.102,forum,psytar,ANTIDEPRESSANT_PSY,3,forum,train,train,calib,test
psytar:lexapro.103,forum,psytar,ANTIDEPRESSANT_PSY,3,forum,train,train,calib,test
psytar:lexapro.104,forum,psytar,ANTIDEPRESSANT_PSY,3,forum,train,train,calib,test
psytar:lexapro.105,forum,psytar,ANTIDEPRESSANT_PSY,3,forum,train,train,calib,test
psytar:lexapro.106,forum,psytar,ANTIDEPRESSANT_PSY,3,forum,train,train,calib,test
psytar:lexapro.107,forum,psytar,ANTIDEPRESSANT_PSY,3,forum,train,train,calib,test
psytar:lexapro.108,forum,psytar,ANTIDEPRESSANT_PSY,3,forum,train,train,calib,test
psytar:lexapro.109,forum,psytar,ANTIDEPRESSANT_PSY,3,forum,train,train,calib,test
psytar:lexapro.110,forum,psytar,ANTIDEPRESSANT_PSY,3,forum,train,train,calib,test
psytar:lexapro.111,forum,psytar,ANTIDEPRESSANT_PSY,3,forum,train,train,calib,test
psytar:lexapro.112,forum,psytar,ANTIDEPRESSANT_PSY,3,forum,train,train,calib,test
psytar:lexapro.113,forum,psytar,ANTIDEPRESSANT_PSY,3,forum,train,train,calib,test
psytar:lexapro.114,forum,psytar,ANTIDEPRESSANT_PSY,3,forum,train,train,calib,test
psytar:lexapro.115,forum,psytar,ANTIDEPRESSANT_PSY,3,forum,train,train,calib,test
psytar:lexapro.116,forum,psytar,ANTIDEPRESSANT_PSY,3,forum,train,train,calib,test
psytar:lexapro.117,forum,psytar,ANTIDEPRESSANT_PSY,3,forum,train,train,calib,test
psytar:lexapro.118,forum,psytar,ANTIDEPRESSANT_PSY,3,forum,train,train,calib,test
psytar:lexapro.119,forum,psytar,ANTIDEPRESSANT_PSY,3,forum,train,train,calib,test
psytar:lexapro.120,forum,psytar,ANTIDEPRESSANT_PSY,3,forum,train,train,calib,test
psytar:lexapro.121,forum,psytar,ANTIDEPRESSANT_PSY,3,forum,train,train,calib,test
psytar:lexapro.122,forum,psytar,ANTIDEPRESSANT_PSY,3,forum,train,train,calib,test
psytar:lexapro.123,forum,psytar,ANTIDEPRESSANT_PSY,3,forum,train,train,calib,test
psytar:lexapro.124,forum,psytar,ANTIDEPRESSANT_PSY,3,forum,train,train,calib,test
psytar:lexapro.125,forum,psytar,ANTIDEPRESSANT_PSY,3,forum,train,train,calib,test
psytar:lexapro.126,forum,psytar,ANTIDEPRESSANT_PSY,3,forum,train,train,calib,test
psytar:lexapro.128,forum,psytar,ANTIDEPRESSANT_PSY,3,forum,train,train,calib,test
psytar:lexapro.129,forum,psytar,ANTIDEPRESSANT_PSY,3,forum,train,train,calib,test
psytar:lexapro.130,forum,psytar,ANTIDEPRESSANT_PSY,3,forum,train,train,calib,test
psytar:lexapro.131,forum,psytar,ANTIDEPRESSANT_PSY,3,forum,train,train,calib,test
psytar:lexapro.132,forum,psytar,ANTIDEPRESSANT_PSY,3,forum,train,train,calib,test
psytar:lexapro.133,forum,psytar,ANTIDEPRESSANT_PSY,3,forum,train,train,calib,test
psytar:lexapro.134,forum,psytar,ANTIDEPRESSANT_PSY,3,forum,train,train,calib,test
psytar:lexapro.135,forum,psytar,ANTIDEPRESSANT_PSY,3,forum,train,train,calib,test
psytar:lexapro.136,forum,psytar,ANTIDEPRESSANT_PSY,3,forum,train,train,calib,test
psytar:lexapro.137,forum,psytar,ANTIDEPRESSANT_PSY,3,forum,train,train,calib,test
psytar:lexapro.138,forum,psytar,ANTIDEPRESSANT_PSY,3,forum,train,train,calib,test
psytar:lexapro.139,forum,psytar,ANTIDEPRESSANT_PSY,3,forum,train,train,calib,test
psytar:lexapro.140,forum,psytar,ANTIDEPRESSANT_PSY,3,forum,train,train,calib,test
psytar:lexapro.141,forum,psytar,ANTIDEPRESSANT_PSY,3,forum,train,train,calib,test
psytar:lexapro.142,forum,psytar,ANTIDEPRESSANT_PSY,3,forum,train,train,calib,test
psytar:lexapro.143,forum,psytar,ANTIDEPRESSANT_PSY,3,forum,train,train,calib,test
psytar:lexapro.144,forum,psytar,ANTIDEPRESSANT_PSY,3,forum,train,train,calib,test
psytar:lexapro.145,forum,psytar,ANTIDEPRESSANT_PSY,3,forum,train,train,calib,test
psytar:lexapro.146,forum,psytar,ANTIDEPRESSANT_PSY,3,forum,train,train,calib,test
psytar:lexapro.147,forum,psytar,ANTIDEPRESSANT_PSY,3,forum,train,train,calib,test
psytar:lexapro.148,forum,psytar,ANTIDEPRESSANT_PSY,3,forum,train,train,calib,test
psytar:lexapro.149,forum,psytar,ANTIDEPRESSANT_PSY,3,forum,train,train,calib,test
psytar:lexapro.150,forum,psytar,ANTIDEPRESSANT_PSY,3,forum,train,train,calib,test
psytar:lexapro.151,forum,psytar,ANTIDEPRESSANT_PSY,3,forum,train,train,calib,test
psytar:lexapro.152,forum,psytar,ANTIDEPRESSANT_PSY,3,forum,train,train,calib,test
psytar:lexapro.153,forum,psytar,ANTIDEPRESSANT_PSY,3,forum,train,train,calib,test
psytar:lexapro.154,forum,psytar,ANTIDEPRESSANT_PSY,3,forum,train,train,calib,test
psytar:lexapro.155,forum,psytar,ANTIDEPRESSANT_PSY,3,forum,train,train,calib,test
psytar:lexapro.156,forum,psytar,ANTIDEPRESSANT_PSY,3,forum,train,train,calib,test
psytar:lexapro.157,forum,psytar,ANTIDEPRESSANT_PSY,3,forum,train,train,calib,test
psytar:lexapro.158,forum,psytar,ANTIDEPRESSANT_PSY,3,forum,train,train,calib,test
psytar:lexapro.159,forum,psytar,ANTIDEPRESSANT_PSY,3,forum,train,train,calib,test
psytar:lexapro.160,forum,psytar,ANTIDEPRESSANT_PSY,3,forum,train,train,calib,test
psytar:lexapro.161,forum,psytar,ANTIDEPRESSANT_PSY,3,forum,train,train,calib,test
psytar:lexapro.162,forum,psytar,ANTIDEPRESSANT_PSY,3,forum,train,train,calib,test
psytar:lexapro.163,forum,psytar,ANTIDEPRESSANT_PSY,3,forum,train,train,calib,test
psytar:lexapro.164,forum,psytar,ANTIDEPRESSANT_PSY,3,forum,train,train,calib,test
psytar:lexapro.165,forum,psytar,ANTIDEPRESSANT_PSY,3,forum,train,train,calib,test
psytar:lexapro.166,forum,psytar,ANTIDEPRESSANT_PSY,3,forum,train,train,calib,test
psytar:lexapro.167,forum,psytar,ANTIDEPRESSANT_PSY,3,forum,train,train,calib,test
psytar:lexapro.168,forum,psytar,ANTIDEPRESSANT_PSY,3,forum,train,train,calib,test
psytar:lexapro.169,forum,psytar,ANTIDEPRESSANT_PSY,3,forum,train,train,calib,test
psytar:lexapro.170,forum,psytar,ANTIDEPRESSANT_PSY,3,forum,train,train,calib,test
psytar:lexapro.171,forum,psytar,ANTIDEPRESSANT_PSY,3,forum,train,train,calib,test
psytar:lexapro.172,forum,psytar,ANTIDEPRESSANT_PSY,3,forum,train,train,calib,test
psytar:lexapro.173,forum,psytar,ANTIDEPRESSANT_PSY,3,forum,train,train,calib,test
psytar:lexapro.174,forum,psytar,ANTIDEPRESSANT_PSY,3,forum,train,train,calib,test
psytar:lexapro.175,forum,psytar,ANTIDEPRESSANT_PSY,3,forum,train,train,calib,test
psytar:lexapro.176,forum,psytar,ANTIDEPRESSANT_PSY,3,forum,train,train,calib,test
psytar:lexapro.177,forum,psytar,ANTIDEPRESSANT_PSY,3,forum,train,train,calib,test
psytar:lexapro.178,forum,psytar,ANTIDEPRESSANT_PSY,3,forum,train,train,calib,test
psytar:lexapro.179,forum,psytar,ANTIDEPRESSANT_PSY,3,forum,train,train,calib,test
psytar:lexapro.180,forum,psytar,ANTIDEPRESSANT_PSY,3,forum,train,train,calib,test
psytar:lexapro.181,forum,psytar,ANTIDEPRESSANT_PSY,3,forum,train,train,calib,test
psytar:lexapro.182,forum,psytar,ANTIDEPRESSANT_PSY,3,forum,train,train,calib,test
psytar:lexapro.183,forum,psytar,ANTIDEPRESSANT_PSY,3,forum,train,train,calib,test
psytar:lexapro.184,forum,psytar,ANTIDEPRESSANT_PSY,3,forum,train,train,calib,test
psytar:lexapro.185,forum,psytar,ANTIDEPRESSANT_PSY,3,forum,train,train,calib,test
psytar:lexapro.186,forum,psytar,ANTIDEPRESSANT_PSY,3,forum,train,train,calib,test
psytar:lexapro.187,forum,psytar,ANTIDEPRESSANT_PSY,3,forum,train,train,calib,test
psytar:lexapro.188,forum,psytar,ANTIDEPRESSANT_PSY,3,forum,train,train,calib,test
psytar:lexapro.189,forum,psytar,ANTIDEPRESSANT_PSY,3,forum,train,train,calib,test
psytar:lexapro.190,forum,psytar,ANTIDEPRESSANT_PSY,3,forum,train,train,calib,test
psytar:lexapro.191,forum,psytar,ANTIDEPRESSANT_PSY,3,forum,train,train,calib,test
psytar:lexapro.192,forum,psytar,ANTIDEPRESSANT_PSY,3,forum,train,train,calib,test
psytar:lexapro.193,forum,psytar,ANTIDEPRESSANT_PSY,3,forum,train,train,calib,test
psytar:lexapro.194,forum,psytar,ANTIDEPRESSANT_PSY,3,forum,train,train,calib,test
psytar:lexapro.195,forum,psytar,ANTIDEPRESSANT_PSY,3,forum,train,train,calib,test
psytar:lexapro.196,forum,psytar,ANTIDEPRESSANT_PSY,3,forum,train,train,calib,test
psytar:lexapro.197,forum,psytar,ANTIDEPRESSANT_PSY,3,forum,train,train,calib,test
psytar:lexapro.198,forum,psytar,ANTIDEPRESSANT_PSY,3,forum,train,train,calib,test
psytar:lexapro.199,forum,psytar,ANTIDEPRESSANT_PSY,3,forum,train,train,calib,test
psytar:lexapro.200,forum,psytar,ANTIDEPRESSANT_PSY,3,forum,train,train,calib,test
psytar:lexapro.201,forum,psytar,ANTIDEPRESSANT_PSY,3,forum,train,train,calib,test
psytar:lexapro.202,forum,psytar,ANTIDEPRESSANT_PSY,3,forum,train,train,calib,test
psytar:lexapro.203,forum,psytar,ANTIDEPRESSANT_PSY,3,forum,train,train,calib,test
psytar:lexapro.204,forum,psytar,ANTIDEPRESSANT_PSY,3,forum,train,train,calib,test
psytar:lexapro.205,forum,psytar,ANTIDEPRESSANT_PSY,3,forum,train,train,calib,test
psytar:lexapro.206,forum,psytar,ANTIDEPRESSANT_PSY,3,forum,train,train,calib,test
psytar:lexapro.207,forum,psytar,ANTIDEPRESSANT_PSY,3,forum,train,train,calib,test
psytar:lexapro.208,forum,psytar,ANTIDEPRESSANT_PSY,3,forum,train,train,calib,test
psytar:lexapro.209,forum,psytar,ANTIDEPRESSANT_PSY,3,forum,train,train,calib,test
psytar:lexapro.210,forum,psytar,ANTIDEPRESSANT_PSY,3,forum,train,train,calib,test
psytar:lexapro.211,forum,psytar,ANTIDEPRESSANT_PSY,3,forum,train,train,calib,test
psytar:lexapro.212,forum,psytar,ANTIDEPRESSANT_PSY,3,forum,train,train,calib,test
psytar:lexapro.213,forum,psytar,ANTIDEPRESSANT_PSY,3,forum,train,train,calib,test
psytar:lexapro.214,forum,psytar,ANTIDEPRESSANT_PSY,3,forum,train,train,calib,test
psytar:lexapro.215,forum,psytar,ANTIDEPRESSANT_PSY,3,forum,train,train,calib,test
psytar:lexapro.216,forum,psytar,ANTIDEPRESSANT_PSY,3,forum,train,train,calib,test
psytar:lexapro.217,forum,psytar,ANTIDEPRESSANT_PSY,3,forum,train,train,calib,test
psytar:lexapro.218,forum,psytar,ANTIDEPRESSANT_PSY,3,forum,train,train,calib,test
psytar:lexapro.219,forum,psytar,ANTIDEPRESSANT_PSY,3,forum,train,train,calib,test
psytar:zoloft.1,forum,psytar,ANTIDEPRESSANT_PSY,3,forum,train,train,calib,test
psytar:zoloft.2,forum,psytar,ANTIDEPRESSANT_PSY,3,forum,train,train,calib,test
psytar:zoloft.3,forum,psytar,ANTIDEPRESSANT_PSY,3,forum,train,train,calib,test
psytar:zoloft.4,forum,psytar,ANTIDEPRESSANT_PSY,3,forum,train,train,calib,test
psytar:zoloft.5,forum,psytar,ANTIDEPRESSANT_PSY,3,forum,train,train,calib,test
psytar:zoloft.6,forum,psytar,ANTIDEPRESSANT_PSY,3,forum,train,train,calib,test
psytar:zoloft.7,forum,psytar,ANTIDEPRESSANT_PSY,3,forum,train,train,calib,test
psytar:zoloft.8,forum,psytar,ANTIDEPRESSANT_PSY,3,forum,train,train,calib,test
psytar:zoloft.9,forum,psytar,ANTIDEPRESSANT_PSY,3,forum,train,train,calib,test
psytar:zoloft.10,forum,psytar,ANTIDEPRESSANT_PSY,3,forum,train,train,calib,test
psytar:zoloft.11,forum,psytar,ANTIDEPRESSANT_PSY,3,forum,train,train,calib,test
psytar:zoloft.12,forum,psytar,ANTIDEPRESSANT_PSY,3,forum,train,train,calib,test
psytar:zoloft.13,forum,psytar,ANTIDEPRESSANT_PSY,3,forum,train,train,calib,test
psytar:zoloft.14,forum,psytar,ANTIDEPRESSANT_PSY,3,forum,train,train,calib,test
psytar:zoloft.15,forum,psytar,ANTIDEPRESSANT_PSY,3,forum,train,train,calib,test
psytar:zoloft.16,forum,psytar,ANTIDEPRESSANT_PSY,3,forum,train,train,calib,test
psytar:zoloft.17,forum,psytar,ANTIDEPRESSANT_PSY,3,forum,train,train,calib,test
psytar:zoloft.18,forum,psytar,ANTIDEPRESSANT_PSY,3,forum,train,train,calib,test
psytar:zoloft.19,forum,psytar,ANTIDEPRESSANT_PSY,3,forum,train,train,calib,test
psytar:zoloft.20,forum,psytar,ANTIDEPRESSANT_PSY,3,forum,train,train,calib,test
psytar:zoloft.21,forum,psytar,ANTIDEPRESSANT_PSY,3,forum,train,train,calib,test
psytar:zoloft.22,forum,psytar,ANTIDEPRESSANT_PSY,3,forum,train,train,calib,test
psytar:zoloft.23,forum,psytar,ANTIDEPRESSANT_PSY,3,forum,train,train,calib,test
psytar:zoloft.24,forum,psytar,ANTIDEPRESSANT_PSY,3,forum,train,train,calib,test
psytar:zoloft.25,forum,psytar,ANTIDEPRESSANT_PSY,3,forum,train,train,calib,test
psytar:zoloft.26,forum,psytar,ANTIDEPRESSANT_PSY,3,forum,train,train,calib,test
psytar:zoloft.27,forum,psytar,ANTIDEPRESSANT_PSY,3,forum,train,train,calib,test
psytar:zoloft.28,forum,psytar,ANTIDEPRESSANT_PSY,3,forum,train,train,calib,test
psytar:zoloft.29,forum,psytar,ANTIDEPRESSANT_PSY,3,forum,train,train,calib,test
psytar:zoloft.30,forum,psytar,ANTIDEPRESSANT_PSY,3,forum,train,train,calib,test
psytar:zoloft.31,forum,psytar,ANTIDEPRESSANT_PSY,3,forum,train,train,calib,test
psytar:zoloft.32,forum,psytar,ANTIDEPRESSANT_PSY,3,forum,train,train,calib,test
psytar:zoloft.33,forum,psytar,ANTIDEPRESSANT_PSY,3,forum,train,train,calib,test
psytar:zoloft.34,forum,psytar,ANTIDEPRESSANT_PSY,3,forum,train,train,calib,test
psytar:zoloft.35,forum,psytar,ANTIDEPRESSANT_PSY,3,forum,train,train,calib,test
psytar:zoloft.36,forum,psytar,ANTIDEPRESSANT_PSY,3,forum,train,train,calib,test
psytar:zoloft.37,forum,psytar,ANTIDEPRESSANT_PSY,3,forum,train,train,calib,test
psytar:zoloft.38,forum,psytar,ANTIDEPRESSANT_PSY,3,forum,train,train,calib,test
psytar:zoloft.39,forum,psytar,ANTIDEPRESSANT_PSY,3,forum,train,train,calib,test
psytar:zoloft.40,forum,psytar,ANTIDEPRESSANT_PSY,3,forum,train,train,calib,test
psytar:zoloft.41,forum,psytar,ANTIDEPRESSANT_PSY,3,forum,train,train,calib,test
psytar:zoloft.42,forum,psytar,ANTIDEPRESSANT_PSY,3,forum,train,train,calib,test
psytar:zoloft.43,forum,psytar,ANTIDEPRESSANT_PSY,3,forum,train,train,calib,test
psytar:zoloft.44,forum,psytar,ANTIDEPRESSANT_PSY,3,forum,train,train,calib,test
psytar:zoloft.45,forum,psytar,ANTIDEPRESSANT_PSY,3,forum,train,train,calib,test
psytar:zoloft.46,forum,psytar,ANTIDEPRESSANT_PSY,3,forum,train,train,calib,test
psytar:zoloft.47,forum,psytar,ANTIDEPRESSANT_PSY,3,forum,train,train,calib,test
psytar:zoloft.48,forum,psytar,ANTIDEPRESSANT_PSY,3,forum,train,train,calib,test
psytar:zoloft.49,forum,psytar,ANTIDEPRESSANT_PSY,3,forum,train,train,calib,test
psytar:zoloft.50,forum,psytar,ANTIDEPRESSANT_PSY,3,forum,train,train,calib,test
psytar:zoloft.51,forum,psytar,ANTIDEPRESSANT_PSY,3,forum,train,train,calib,test
psytar:zoloft.52,forum,psytar,ANTIDEPRESSANT_PSY,3,forum,train,train,calib,test
psytar:zoloft.53,forum,psytar,ANTIDEPRESSANT_PSY,3,forum,train,train,calib,test
psytar:zoloft.54,forum,psytar,ANTIDEPRESSANT_PSY,3,forum,train,train,calib,test
psytar:zoloft.55,forum,psytar,ANTIDEPRESSANT_PSY,3,forum,train,train,calib,test
psytar:zoloft.56,forum,psytar,ANTIDEPRESSANT_PSY,3,forum,train,train,calib,test
psytar:zoloft.57,forum,psytar,ANTIDEPRESSANT_PSY,3,forum,train,train,calib,test
psytar:zoloft.58,forum,psytar,ANTIDEPRESSANT_PSY,3,forum,train,train,calib,test
psytar:zoloft.59,forum,psytar,ANTIDEPRESSANT_PSY,3,forum,train,train,calib,test
psytar:zoloft.60,forum,psytar,ANTIDEPRESSANT_PSY,3,forum,train,train,calib,test
psytar:zoloft.61,forum,psytar,ANTIDEPRESSANT_PSY,3,forum,train,train,calib,test
psytar:zoloft.62,forum,psytar,ANTIDEPRESSANT_PSY,3,forum,train,train,calib,test
psytar:zoloft.63,forum,psytar,ANTIDEPRESSANT_PSY,3,forum,train,train,calib,test
psytar:zoloft.64,forum,psytar,ANTIDEPRESSANT_PSY,3,forum,train,train,calib,test
psytar:zoloft.65,forum,psytar,ANTIDEPRESSANT_PSY,3,forum,train,train,calib,test
psytar:zoloft.66,forum,psytar,ANTIDEPRESSANT_PSY,3,forum,train,train,calib,test
psytar:zoloft.67,forum,psytar,ANTIDEPRESSANT_PSY,3,forum,train,train,calib,test
psytar:zoloft.69,forum,psytar,ANTIDEPRESSANT_PSY,3,forum,train,train,calib,test
psytar:zoloft.70,forum,psytar,ANTIDEPRESSANT_PSY,3,forum,train,train,calib,test
psytar:zoloft.71,forum,psytar,ANTIDEPRESSANT_PSY,3,forum,train,train,calib,test
psytar:zoloft.72,forum,psytar,ANTIDEPRESSANT_PSY,3,forum,train,train,calib,test
psytar:zoloft.73,forum,psytar,ANTIDEPRESSANT_PSY,3,forum,train,train,calib,test
psytar:zoloft.74,forum,psytar,ANTIDEPRESSANT_PSY,3,forum,train,train,calib,test
psytar:zoloft.75,forum,psytar,ANTIDEPRESSANT_PSY,3,forum,train,train,calib,test
psytar:zoloft.76,forum,psytar,ANTIDEPRESSANT_PSY,3,forum,train,train,calib,test
psytar:zoloft.77,forum,psytar,ANTIDEPRESSANT_PSY,3,forum,train,train,calib,test
psytar:zoloft.78,forum,psytar,ANTIDEPRESSANT_PSY,3,forum,train,train,calib,test
psytar:zoloft.79,forum,psytar,ANTIDEPRESSANT_PSY,3,forum,train,train,calib,test
psytar:zoloft.80,forum,psytar,ANTIDEPRESSANT_PSY,3,forum,train,train,calib,test
psytar:zoloft.81,forum,psytar,ANTIDEPRESSANT_PSY,3,forum,train,train,calib,test
psytar:zoloft.82,forum,psytar,ANTIDEPRESSANT_PSY,3,forum,train,train,calib,test
psytar:zoloft.83,forum,psytar,ANTIDEPRESSANT_PSY,3,forum,train,train,calib,test
psytar:zoloft.84,forum,psytar,ANTIDEPRESSANT_PSY,3,forum,train,train,calib,test
psytar:zoloft.85,forum,psytar,ANTIDEPRESSANT_PSY,3,forum,train,train,calib,test
psytar:zoloft.86,forum,psytar,ANTIDEPRESSANT_PSY,3,forum,train,train,calib,test
psytar:zoloft.87,forum,psytar,ANTIDEPRESSANT_PSY,3,forum,train,train,calib,test
psytar:zoloft.88,forum,psytar,ANTIDEPRESSANT_PSY,3,forum,train,train,calib,test
psytar:zoloft.89,forum,psytar,ANTIDEPRESSANT_PSY,3,forum,train,train,calib,test
psytar:zoloft.90,forum,psytar,ANTIDEPRESSANT_PSY,3,forum,train,train,calib,test
psytar:zoloft.91,forum,psytar,ANTIDEPRESSANT_PSY,3,forum,train,train,calib,test
psytar:zoloft.92,forum,psytar,ANTIDEPRESSANT_PSY,3,forum,train,train,calib,test
psytar:zoloft.93,forum,psytar,ANTIDEPRESSANT_PSY,3,forum,train,train,calib,test
psytar:zoloft.94,forum,psytar,ANTIDEPRESSANT_PSY,3,forum,train,train,calib,test
psytar:zoloft.95,forum,psytar,ANTIDEPRESSANT_PSY,3,forum,train,train,calib,test
psytar:zoloft.96,forum,psytar,ANTIDEPRESSANT_PSY,3,forum,train,train,calib,test
psytar:zoloft.97,forum,psytar,ANTIDEPRESSANT_PSY,3,forum,train,train,calib,test
psytar:zoloft.98,forum,psytar,ANTIDEPRESSANT_PSY,3,forum,train,train,calib,test
psytar:zoloft.99,forum,psytar,ANTIDEPRESSANT_PSY,3,forum,train,train,calib,test
psytar:zoloft.100,forum,psytar,ANTIDEPRESSANT_PSY,3,forum,train,train,calib,test
psytar:zoloft.101,forum,psytar,ANTIDEPRESSANT_PSY,3,forum,train,train,calib,test
psytar:zoloft.102,forum,psytar,ANTIDEPRESSANT_PSY,3,forum,train,train,calib,test
psytar:zoloft.103,forum,psytar,ANTIDEPRESSANT_PSY,3,forum,train,train,calib,test
psytar:zoloft.104,forum,psytar,ANTIDEPRESSANT_PSY,3,forum,train,train,calib,test
psytar:zoloft.105,forum,psytar,ANTIDEPRESSANT_PSY,3,forum,train,train,calib,test
psytar:zoloft.106,forum,psytar,ANTIDEPRESSANT_PSY,3,forum,train,train,calib,test
psytar:zoloft.107,forum,psytar,ANTIDEPRESSANT_PSY,3,forum,train,train,calib,test
psytar:zoloft.108,forum,psytar,ANTIDEPRESSANT_PSY,3,forum,train,train,calib,test
psytar:zoloft.109,forum,psytar,ANTIDEPRESSANT_PSY,3,forum,train,train,calib,test
psytar:zoloft.110,forum,psytar,ANTIDEPRESSANT_PSY,3,forum,train,train,calib,test
psytar:zoloft.111,forum,psytar,ANTIDEPRESSANT_PSY,3,forum,train,train,calib,test
psytar:zoloft.112,forum,psytar,ANTIDEPRESSANT_PSY,3,forum,train,train,calib,test
psytar:zoloft.113,forum,psytar,ANTIDEPRESSANT_PSY,3,forum,train,train,calib,test
psytar:zoloft.114,forum,psytar,ANTIDEPRESSANT_PSY,3,forum,train,train,calib,test
psytar:zoloft.115,forum,psytar,ANTIDEPRESSANT_PSY,3,forum,train,train,calib,test
psytar:zoloft.116,forum,psytar,ANTIDEPRESSANT_PSY,3,forum,train,train,calib,test
psytar:zoloft.117,forum,psytar,ANTIDEPRESSANT_PSY,3,forum,train,train,calib,test
psytar:zoloft.118,forum,psytar,ANTIDEPRESSANT_PSY,3,forum,train,train,calib,test
psytar:zoloft.119,forum,psytar,ANTIDEPRESSANT_PSY,3,forum,train,train,calib,test
psytar:zoloft.120,forum,psytar,ANTIDEPRESSANT_PSY,3,forum,train,train,calib,test
psytar:zoloft.121,forum,psytar,ANTIDEPRESSANT_PSY,3,forum,train,train,calib,test
psytar:zoloft.122,forum,psytar,ANTIDEPRESSANT_PSY,3,forum,train,train,calib,test
psytar:zoloft.123,forum,psytar,ANTIDEPRESSANT_PSY,3,forum,train,train,calib,test
psytar:zoloft.124,forum,psytar,ANTIDEPRESSANT_PSY,3,forum,train,train,calib,test
psytar:zoloft.125,forum,psytar,ANTIDEPRESSANT_PSY,3,forum,train,train,calib,test
psytar:zoloft.126,forum,psytar,ANTIDEPRESSANT_PSY,3,forum,train,train,calib,test
psytar:zoloft.127,forum,psytar,ANTIDEPRESSANT_PSY,3,forum,train,train,calib,test
psytar:zoloft.128,forum,psytar,ANTIDEPRESSANT_PSY,3,forum,train,train,calib,test
psytar:zoloft.129,forum,psytar,ANTIDEPRESSANT_PSY,3,forum,train,train,calib,test
psytar:zoloft.130,forum,psytar,ANTIDEPRESSANT_PSY,3,forum,train,train,calib,test
psytar:zoloft.131,forum,psytar,ANTIDEPRESSANT_PSY,3,forum,train,train,calib,test
psytar:zoloft.132,forum,psytar,ANTIDEPRESSANT_PSY,3,forum,train,train,calib,test
psytar:zoloft.133,forum,psytar,ANTIDEPRESSANT_PSY,3,forum,train,train,calib,test
psytar:zoloft.134,forum,psytar,ANTIDEPRESSANT_PSY,3,forum,train,train,calib,test
psytar:zoloft.135,forum,psytar,ANTIDEPRESSANT_PSY,3,forum,train,train,calib,test
psytar:zoloft.136,forum,psytar,ANTIDEPRESSANT_PSY,3,forum,train,train,calib,test
psytar:zoloft.137,forum,psytar,ANTIDEPRESSANT_PSY,3,forum,train,train,calib,test
psytar:zoloft.138,forum,psytar,ANTIDEPRESSANT_PSY,3,forum,train,train,calib,test
psytar:zoloft.139,forum,psytar,ANTIDEPRESSANT_PSY,3,forum,train,train,calib,test
psytar:zoloft.140,forum,psytar,ANTIDEPRESSANT_PSY,3,forum,train,train,calib,test
psytar:zoloft.141,forum,psytar,ANTIDEPRESSANT_PSY,3,forum,train,train,calib,test
psytar:zoloft.142,forum,psytar,ANTIDEPRESSANT_PSY,3,forum,train,train,calib,test
psytar:zoloft.143,forum,psytar,ANTIDEPRESSANT_PSY,3,forum,train,train,calib,test
psytar:zoloft.144,forum,psytar,ANTIDEPRESSANT_PSY,3,forum,train,train,calib,test
psytar:zoloft.145,forum,psytar,ANTIDEPRESSANT_PSY,3,forum,train,train,calib,test
psytar:zoloft.146,forum,psytar,ANTIDEPRESSANT_PSY,3,forum,train,train,calib,test
psytar:zoloft.147,forum,psytar,ANTIDEPRESSANT_PSY,3,forum,train,train,calib,test
psytar:zoloft.148,forum,psytar,ANTIDEPRESSANT_PSY,3,forum,train,train,calib,test
psytar:zoloft.149,forum,psytar,ANTIDEPRESSANT_PSY,3,forum,train,train,calib,test
psytar:zoloft.150,forum,psytar,ANTIDEPRESSANT_PSY,3,forum,train,train,calib,test
psytar:zoloft.151,forum,psytar,ANTIDEPRESSANT_PSY,3,forum,train,train,calib,test
psytar:zoloft.152,forum,psytar,ANTIDEPRESSANT_PSY,3,forum,train,train,calib,test
psytar:zoloft.153,forum,psytar,ANTIDEPRESSANT_PSY,3,forum,train,train,calib,test
psytar:zoloft.154,forum,psytar,ANTIDEPRESSANT_PSY,3,forum,train,train,calib,test
psytar:zoloft.155,forum,psytar,ANTIDEPRESSANT_PSY,3,forum,train,train,calib,test
psytar:zoloft.156,forum,psytar,ANTIDEPRESSANT_PSY,3,forum,train,train,calib,test
psytar:zoloft.158,forum,psytar,ANTIDEPRESSANT_PSY,3,forum,train,train,calib,test
psytar:zoloft.159,forum,psytar,ANTIDEPRESSANT_PSY,3,forum,train,train,calib,test
psytar:zoloft.160,forum,psytar,ANTIDEPRESSANT_PSY,3,forum,train,train,calib,test
psytar:zoloft.161,forum,psytar,ANTIDEPRESSANT_PSY,3,forum,train,train,calib,test
psytar:zoloft.162,forum,psytar,ANTIDEPRESSANT_PSY,3,forum,train,train,calib,test
psytar:zoloft.163,forum,psytar,ANTIDEPRESSANT_PSY,3,forum,train,train,calib,test
psytar:zoloft.164,forum,psytar,ANTIDEPRESSANT_PSY,3,forum,train,train,calib,test
psytar:zoloft.165,forum,psytar,ANTIDEPRESSANT_PSY,3,forum,train,train,calib,test
psytar:zoloft.166,forum,psytar,ANTIDEPRESSANT_PSY,3,forum,train,train,calib,test
psytar:zoloft.167,forum,psytar,ANTIDEPRESSANT_PSY,3,forum,train,train,calib,test
psytar:zoloft.168,forum,psytar,ANTIDEPRESSANT_PSY,3,forum,train,train,calib,test
psytar:zoloft.169,forum,psytar,ANTIDEPRESSANT_PSY,3,forum,train,train,calib,test
psytar:zoloft.170,forum,psytar,ANTIDEPRESSANT_PSY,3,forum,train,train,calib,test
psytar:zoloft.171,forum,psytar,ANTIDEPRESSANT_PSY,3,forum,train,train,calib,test
psytar:zoloft.172,forum,psytar,ANTIDEPRESSANT_PSY,3,forum,train,train,calib,test
psytar:zoloft.173,forum,psytar,ANTIDEPRESSANT_PSY,3,forum,train,train,calib,test
psytar:zoloft.174,forum,psytar,ANTIDEPRESSANT_PSY,3,forum,train,train,calib,test
psytar:zoloft.175,forum,psytar,ANTIDEPRESSANT_PSY,3,forum,train,train,calib,test
psytar:zoloft.176,forum,psytar,ANTIDEPRESSANT_PSY,3,forum,train,train,calib,test
psytar:zoloft.177,forum,psytar,ANTIDEPRESSANT_PSY,3,forum,train,train,calib,test
psytar:zoloft.178,forum,psytar,ANTIDEPRESSANT_PSY,3,forum,train,train,calib,test
psytar:zoloft.179,forum,psytar,ANTIDEPRESSANT_PSY,3,forum,train,train,calib,test
psytar:zoloft.180,forum,psytar,ANTIDEPRESSANT_PSY,3,forum,train,train,calib,test
psytar:zoloft.181,forum,psytar,ANTIDEPRESSANT_PSY,3,forum,train,train,calib,test
psytar:zoloft.182,forum,psytar,ANTIDEPRESSANT_PSY,3,forum,train,train,calib,test
psytar:zoloft.183,forum,psytar,ANTIDEPRESSANT_PSY,3,forum,train,train,calib,test
psytar:zoloft.184,forum,psytar,ANTIDEPRESSANT_PSY,3,forum,train,train,calib,test
psytar:zoloft.185,forum,psytar,ANTIDEPRESSANT_PSY,3,forum,train,train,calib,test
psytar:zoloft.187,forum,psytar,ANTIDEPRESSANT_PSY,3,forum,train,train,calib,test
psytar:zoloft.188,forum,psytar,ANTIDEPRESSANT_PSY,3,forum,train,train,calib,test
psytar:zoloft.189,forum,psytar,ANTIDEPRESSANT_PSY,3,forum,train,train,calib,test
psytar:zoloft.190,forum,psytar,ANTIDEPRESSANT_PSY,3,forum,train,train,calib,test
psytar:zoloft.191,forum,psytar,ANTIDEPRESSANT_PSY,3,forum,train,train,calib,test
psytar:zoloft.192,forum,psytar,ANTIDEPRESSANT_PSY,3,forum,train,train,calib,test
psytar:zoloft.193,forum,psytar,ANTIDEPRESSANT_PSY,3,forum,train,train,calib,test
psytar:zoloft.194,forum,psytar,ANTIDEPRESSANT_PSY,3,forum,train,train,calib,test
psytar:zoloft.195,forum,psytar,ANTIDEPRESSANT_PSY,3,forum,train,train,calib,test
psytar:zoloft.196,forum,psytar,ANTIDEPRESSANT_PSY,3,forum,train,train,calib,test
psytar:zoloft.197,forum,psytar,ANTIDEPRESSANT_PSY,3,forum,train,train,calib,test
psytar:zoloft.198,forum,psytar,ANTIDEPRESSANT_PSY,3,forum,train,train,calib,test
psytar:zoloft.199,forum,psytar,ANTIDEPRESSANT_PSY,3,forum,train,train,calib,test
psytar:zoloft.200,forum,psytar,ANTIDEPRESSANT_PSY,3,forum,train,train,calib,test
psytar:zoloft.202,forum,psytar,ANTIDEPRESSANT_PSY,3,forum,train,train,calib,test
psytar:zoloft.203,forum,psytar,ANTIDEPRESSANT_PSY,3,forum,train,train,calib,test
psytar:zoloft.204,forum,psytar,ANTIDEPRESSANT_PSY,3,forum,train,train,calib,test
psytar:zoloft.205,forum,psytar,ANTIDEPRESSANT_PSY,3,forum,train,train,calib,test
psytar:zoloft.206,forum,psytar,ANTIDEPRESSANT_PSY,3,forum,train,train,calib,test
psytar:zoloft.207,forum,psytar,ANTIDEPRESSANT_PSY,3,forum,train,train,calib,test
psytar:zoloft.208,forum,psytar,ANTIDEPRESSANT_PSY,3,forum,train,train,calib,test
psytar:zoloft.209,forum,psytar,ANTIDEPRESSANT_PSY,3,forum,train,train,calib,test
psytar:zoloft.210,forum,psytar,ANTIDEPRESSANT_PSY,3,forum,train,train,calib,test
psytar:zoloft.211,forum,psytar,ANTIDEPRESSANT_PSY,3,forum,train,train,calib,test
psytar:zoloft.212,forum,psytar,ANTIDEPRESSANT_PSY,3,forum,train,train,calib,test
psytar:zoloft.213,forum,psytar,ANTIDEPRESSANT_PSY,3,forum,train,train,calib,test
psytar:cymbalta.2,forum,psytar,ANTIDEPRESSANT_PSY,3,forum,train,train,calib,test
psytar:cymbalta.3,forum,psytar,ANTIDEPRESSANT_PSY,3,forum,train,train,calib,test
psytar:cymbalta.5,forum,psytar,ANTIDEPRESSANT_PSY,3,forum,train,train,calib,test
psytar:cymbalta.7,forum,psytar,ANTIDEPRESSANT_PSY,3,forum,train,train,calib,test
psytar:cymbalta.8,forum,psytar,ANTIDEPRESSANT_PSY,3,forum,train,train,calib,test
psytar:cymbalta.9,forum,psytar,ANTIDEPRESSANT_PSY,3,forum,train,train,calib,test
psytar:cymbalta.10,forum,psytar,ANTIDEPRESSANT_PSY,3,forum,train,train,calib,test
psytar:cymbalta.11,forum,psytar,ANTIDEPRESSANT_PSY,3,forum,train,train,calib,test
psytar:cymbalta.12,forum,psytar,ANTIDEPRESSANT_PSY,3,forum,train,train,calib,test
psytar:cymbalta.14,forum,psytar,ANTIDEPRESSANT_PSY,3,forum,train,train,calib,test
psytar:cymbalta.15,forum,psytar,ANTIDEPRESSANT_PSY,3,forum,train,train,calib,test
psytar:cymbalta.16,forum,psytar,ANTIDEPRESSANT_PSY,3,forum,train,train,calib,test
psytar:cymbalta.17,forum,psytar,ANTIDEPRESSANT_PSY,3,forum,train,train,calib,test
psytar:cymbalta.19,forum,psytar,ANTIDEPRESSANT_PSY,3,forum,train,train,calib,test
psytar:cymbalta.20,forum,psytar,ANTIDEPRESSANT_PSY,3,forum,train,train,calib,test
psytar:cymbalta.21,forum,psytar,ANTIDEPRESSANT_PSY,3,forum,train,train,calib,test
psytar:cymbalta.22,forum,psytar,ANTIDEPRESSANT_PSY,3,forum,train,train,calib,test
psytar:cymbalta.23,forum,psytar,ANTIDEPRESSANT_PSY,3,forum,train,train,calib,test
psytar:cymbalta.24,forum,psytar,ANTIDEPRESSANT_PSY,3,forum,train,train,calib,test
psytar:cymbalta.27,forum,psytar,ANTIDEPRESSANT_PSY,3,forum,train,train,calib,test
psytar:cymbalta.29,forum,psytar,ANTIDEPRESSANT_PSY,3,forum,train,train,calib,test
psytar:cymbalta.32,forum,psytar,ANTIDEPRESSANT_PSY,3,forum,train,train,calib,test
psytar:cymbalta.33,forum,psytar,ANTIDEPRESSANT_PSY,3,forum,train,train,calib,test
psytar:cymbalta.34,forum,psytar,ANTIDEPRESSANT_PSY,3,forum,train,train,calib,test
psytar:cymbalta.35,forum,psytar,ANTIDEPRESSANT_PSY,3,forum,train,train,calib,test
psytar:cymbalta.36,forum,psytar,ANTIDEPRESSANT_PSY,3,forum,train,train,calib,test
psytar:cymbalta.37,forum,psytar,ANTIDEPRESSANT_PSY,3,forum,train,train,calib,test
psytar:cymbalta.38,forum,psytar,ANTIDEPRESSANT_PSY,3,forum,train,train,calib,test
psytar:cymbalta.39,forum,psytar,ANTIDEPRESSANT_PSY,3,forum,train,train,calib,test
psytar:cymbalta.40,forum,psytar,ANTIDEPRESSANT_PSY,3,forum,train,train,calib,test
psytar:cymbalta.41,forum,psytar,ANTIDEPRESSANT_PSY,3,forum,train,train,calib,test
psytar:cymbalta.43,forum,psytar,ANTIDEPRESSANT_PSY,3,forum,train,train,calib,test
psytar:cymbalta.44,forum,psytar,ANTIDEPRESSANT_PSY,3,forum,train,train,calib,test
psytar:cymbalta.45,forum,psytar,ANTIDEPRESSANT_PSY,3,forum,train,train,calib,test
psytar:cymbalta.47,forum,psytar,ANTIDEPRESSANT_PSY,3,forum,train,train,calib,test
psytar:cymbalta.48,forum,psytar,ANTIDEPRESSANT_PSY,3,forum,train,train,calib,test
psytar:cymbalta.49,forum,psytar,ANTIDEPRESSANT_PSY,3,forum,train,train,calib,test
psytar:cymbalta.50,forum,psytar,ANTIDEPRESSANT_PSY,3,forum,train,train,calib,test
psytar:cymbalta.51,forum,psytar,ANTIDEPRESSANT_PSY,3,forum,train,train,calib,test
psytar:cymbalta.52,forum,psytar,ANTIDEPRESSANT_PSY,3,forum,train,train,calib,test
psytar:cymbalta.53,forum,psytar,ANTIDEPRESSANT_PSY,3,forum,train,train,calib,test
psytar:cymbalta.55,forum,psytar,ANTIDEPRESSANT_PSY,3,forum,train,train,calib,test
psytar:cymbalta.56,forum,psytar,ANTIDEPRESSANT_PSY,3,forum,train,train,calib,test
psytar:cymbalta.57,forum,psytar,ANTIDEPRESSANT_PSY,3,forum,train,train,calib,test
psytar:cymbalta.58,forum,psytar,ANTIDEPRESSANT_PSY,3,forum,train,train,calib,test
psytar:cymbalta.59,forum,psytar,ANTIDEPRESSANT_PSY,3,forum,train,train,calib,test
psytar:cymbalta.60,forum,psytar,ANTIDEPRESSANT_PSY,3,forum,train,train,calib,test
psytar:cymbalta.62,forum,psytar,ANTIDEPRESSANT_PSY,3,forum,train,train,calib,test
psytar:cymbalta.63,forum,psytar,ANTIDEPRESSANT_PSY,3,forum,train,train,calib,test
psytar:cymbalta.64,forum,psytar,ANTIDEPRESSANT_PSY,3,forum,train,train,calib,test
psytar:cymbalta.65,forum,psytar,ANTIDEPRESSANT_PSY,3,forum,train,train,calib,test
psytar:cymbalta.66,forum,psytar,ANTIDEPRESSANT_PSY,3,forum,train,train,calib,test
psytar:cymbalta.67,forum,psytar,ANTIDEPRESSANT_PSY,3,forum,train,train,calib,test
psytar:cymbalta.68,forum,psytar,ANTIDEPRESSANT_PSY,3,forum,train,train,calib,test
psytar:cymbalta.69,forum,psytar,ANTIDEPRESSANT_PSY,3,forum,train,train,calib,test
psytar:cymbalta.70,forum,psytar,ANTIDEPRESSANT_PSY,3,forum,train,train,calib,test
psytar:cymbalta.72,forum,psytar,ANTIDEPRESSANT_PSY,3,forum,train,train,calib,test
psytar:cymbalta.73,forum,psytar,ANTIDEPRESSANT_PSY,3,forum,train,train,calib,test
psytar:cymbalta.74,forum,psytar,ANTIDEPRESSANT_PSY,3,forum,train,train,calib,test
psytar:cymbalta.76,forum,psytar,ANTIDEPRESSANT_PSY,3,forum,train,train,calib,test
psytar:cymbalta.77,forum,psytar,ANTIDEPRESSANT_PSY,3,forum,train,train,calib,test
psytar:cymbalta.79,forum,psytar,ANTIDEPRESSANT_PSY,3,forum,train,train,calib,test
psytar:cymbalta.80,forum,psytar,ANTIDEPRESSANT_PSY,3,forum,train,train,calib,test
psytar:cymbalta.81,forum,psytar,ANTIDEPRESSANT_PSY,3,forum,train,train,calib,test
psytar:cymbalta.82,forum,psytar,ANTIDEPRESSANT_PSY,3,forum,train,train,calib,test
psytar:cymbalta.83,forum,psytar,ANTIDEPRESSANT_PSY,3,forum,train,train,calib,test
psytar:cymbalta.84,forum,psytar,ANTIDEPRESSANT_PSY,3,forum,train,train,calib,test
psytar:cymbalta.86,forum,psytar,ANTIDEPRESSANT_PSY,3,forum,train,train,calib,test
psytar:cymbalta.87,forum,psytar,ANTIDEPRESSANT_PSY,3,forum,train,train,calib,test
psytar:cymbalta.88,forum,psytar,ANTIDEPRESSANT_PSY,3,forum,train,train,calib,test
psytar:cymbalta.89,forum,psytar,ANTIDEPRESSANT_PSY,3,forum,train,train,calib,test
psytar:cymbalta.90,forum,psytar,ANTIDEPRESSANT_PSY,3,forum,train,train,calib,test
psytar:cymbalta.91,forum,psytar,ANTIDEPRESSANT_PSY,3,forum,train,train,calib,test
psytar:cymbalta.93,forum,psytar,ANTIDEPRESSANT_PSY,3,forum,train,train,calib,test
psytar:cymbalta.94,forum,psytar,ANTIDEPRESSANT_PSY,3,forum,train,train,calib,test
psytar:cymbalta.95,forum,psytar,ANTIDEPRESSANT_PSY,3,forum,train,train,calib,test
psytar:cymbalta.96,forum,psytar,ANTIDEPRESSANT_PSY,3,forum,train,train,calib,test
psytar:cymbalta.97,forum,psytar,ANTIDEPRESSANT_PSY,3,forum,train,train,calib,test
psytar:cymbalta.98,forum,psytar,ANTIDEPRESSANT_PSY,3,forum,train,train,calib,test
psytar:cymbalta.99,forum,psytar,ANTIDEPRESSANT_PSY,3,forum,train,train,calib,test
psytar:cymbalta.101,forum,psytar,ANTIDEPRESSANT_PSY,3,forum,train,train,calib,test
psytar:cymbalta.102,forum,psytar,ANTIDEPRESSANT_PSY,3,forum,train,train,calib,test
psytar:cymbalta.103,forum,psytar,ANTIDEPRESSANT_PSY,3,forum,train,train,calib,test
psytar:cymbalta.104,forum,psytar,ANTIDEPRESSANT_PSY,3,forum,train,train,calib,test
psytar:cymbalta.105,forum,psytar,ANTIDEPRESSANT_PSY,3,forum,train,train,calib,test
psytar:cymbalta.107,forum,psytar,ANTIDEPRESSANT_PSY,3,forum,train,train,calib,test
psytar:cymbalta.108,forum,psytar,ANTIDEPRESSANT_PSY,3,forum,train,train,calib,test
psytar:cymbalta.110,forum,psytar,ANTIDEPRESSANT_PSY,3,forum,train,train,calib,test
psytar:cymbalta.111,forum,psytar,ANTIDEPRESSANT_PSY,3,forum,train,train,calib,test
psytar:cymbalta.112,forum,psytar,ANTIDEPRESSANT_PSY,3,forum,train,train,calib,test
psytar:cymbalta.114,forum,psytar,ANTIDEPRESSANT_PSY,3,forum,train,train,calib,test
psytar:cymbalta.115,forum,psytar,ANTIDEPRESSANT_PSY,3,forum,train,train,calib,test
psytar:cymbalta.116,forum,psytar,ANTIDEPRESSANT_PSY,3,forum,train,train,calib,test
psytar:cymbalta.117,forum,psytar,ANTIDEPRESSANT_PSY,3,forum,train,train,calib,test
psytar:cymbalta.118,forum,psytar,ANTIDEPRESSANT_PSY,3,forum,train,train,calib,test
psytar:cymbalta.119,forum,psytar,ANTIDEPRESSANT_PSY,3,forum,train,train,calib,test
psytar:cymbalta.120,forum,psytar,ANTIDEPRESSANT_PSY,3,forum,train,train,calib,test
psytar:cymbalta.121,forum,psytar,ANTIDEPRESSANT_PSY,3,forum,train,train,calib,test
psytar:cymbalta.123,forum,psytar,ANTIDEPRESSANT_PSY,3,forum,train,train,calib,test
psytar:cymbalta.124,forum,psytar,ANTIDEPRESSANT_PSY,3,forum,train,train,calib,test
psytar:cymbalta.125,forum,psytar,ANTIDEPRESSANT_PSY,3,forum,train,train,calib,test
psytar:cymbalta.126,forum,psytar,ANTIDEPRESSANT_PSY,3,forum,train,train,calib,test
psytar:cymbalta.127,forum,psytar,ANTIDEPRESSANT_PSY,3,forum,train,train,calib,test
psytar:cymbalta.128,forum,psytar,ANTIDEPRESSANT_PSY,3,forum,train,train,calib,test
psytar:cymbalta.129,forum,psytar,ANTIDEPRESSANT_PSY,3,forum,train,train,calib,test
psytar:cymbalta.130,forum,psytar,ANTIDEPRESSANT_PSY,3,forum,train,train,calib,test
psytar:cymbalta.131,forum,psytar,ANTIDEPRESSANT_PSY,3,forum,train,train,calib,test
psytar:cymbalta.133,forum,psytar,ANTIDEPRESSANT_PSY,3,forum,train,train,calib,test
psytar:cymbalta.135,forum,psytar,ANTIDEPRESSANT_PSY,3,forum,train,train,calib,test
psytar:cymbalta.136,forum,psytar,ANTIDEPRESSANT_PSY,3,forum,train,train,calib,test
psytar:cymbalta.137,forum,psytar,ANTIDEPRESSANT_PSY,3,forum,train,train,calib,test
psytar:cymbalta.138,forum,psytar,ANTIDEPRESSANT_PSY,3,forum,train,train,calib,test
psytar:cymbalta.139,forum,psytar,ANTIDEPRESSANT_PSY,3,forum,train,train,calib,test
psytar:cymbalta.140,forum,psytar,ANTIDEPRESSANT_PSY,3,forum,train,train,calib,test
psytar:cymbalta.143,forum,psytar,ANTIDEPRESSANT_PSY,3,forum,train,train,calib,test
psytar:cymbalta.145,forum,psytar,ANTIDEPRESSANT_PSY,3,forum,train,train,calib,test
psytar:cymbalta.146,forum,psytar,ANTIDEPRESSANT_PSY,3,forum,train,train,calib,test
psytar:cymbalta.147,forum,psytar,ANTIDEPRESSANT_PSY,3,forum,train,train,calib,test
psytar:cymbalta.148,forum,psytar,ANTIDEPRESSANT_PSY,3,forum,train,train,calib,test
psytar:cymbalta.149,forum,psytar,ANTIDEPRESSANT_PSY,3,forum,train,train,calib,test
psytar:cymbalta.150,forum,psytar,ANTIDEPRESSANT_PSY,3,forum,train,train,calib,test
psytar:cymbalta.152,forum,psytar,ANTIDEPRESSANT_PSY,3,forum,train,train,calib,test
psytar:cymbalta.153,forum,psytar,ANTIDEPRESSANT_PSY,3,forum,train,train,calib,test
psytar:cymbalta.154,forum,psytar,ANTIDEPRESSANT_PSY,3,forum,train,train,calib,test
psytar:cymbalta.156,forum,psytar,ANTIDEPRESSANT_PSY,3,forum,train,train,calib,test
psytar:cymbalta.157,forum,psytar,ANTIDEPRESSANT_PSY,3,forum,train,train,calib,test
psytar:cymbalta.158,forum,psytar,ANTIDEPRESSANT_PSY,3,forum,train,train,calib,test
psytar:cymbalta.159,forum,psytar,ANTIDEPRESSANT_PSY,3,forum,train,train,calib,test
psytar:cymbalta.160,forum,psytar,ANTIDEPRESSANT_PSY,3,forum,train,train,calib,test
psytar:cymbalta.162,forum,psytar,ANTIDEPRESSANT_PSY,3,forum,train,train,calib,test
psytar:cymbalta.163,forum,psytar,ANTIDEPRESSANT_PSY,3,forum,train,train,calib,test
psytar:cymbalta.164,forum,psytar,ANTIDEPRESSANT_PSY,3,forum,train,train,calib,test
psytar:cymbalta.165,forum,psytar,ANTIDEPRESSANT_PSY,3,forum,train,train,calib,test
psytar:cymbalta.168,forum,psytar,ANTIDEPRESSANT_PSY,3,forum,train,train,calib,test
psytar:cymbalta.169,forum,psytar,ANTIDEPRESSANT_PSY,3,forum,train,train,calib,test
psytar:cymbalta.171,forum,psytar,ANTIDEPRESSANT_PSY,3,forum,train,train,calib,test
psytar:cymbalta.173,forum,psytar,ANTIDEPRESSANT_PSY,3,forum,train,train,calib,test
psytar:cymbalta.174,forum,psytar,ANTIDEPRESSANT_PSY,3,forum,train,train,calib,test
psytar:cymbalta.175,forum,psytar,ANTIDEPRESSANT_PSY,3,forum,train,train,calib,test
psytar:cymbalta.178,forum,psytar,ANTIDEPRESSANT_PSY,3,forum,train,train,calib,test
psytar:cymbalta.179,forum,psytar,ANTIDEPRESSANT_PSY,3,forum,train,train,calib,test
psytar:cymbalta.181,forum,psytar,ANTIDEPRESSANT_PSY,3,forum,train,train,calib,test
psytar:cymbalta.182,forum,psytar,ANTIDEPRESSANT_PSY,3,forum,train,train,calib,test
psytar:cymbalta.183,forum,psytar,ANTIDEPRESSANT_PSY,3,forum,train,train,calib,test
psytar:cymbalta.184,forum,psytar,ANTIDEPRESSANT_PSY,3,forum,train,train,calib,test
psytar:cymbalta.185,forum,psytar,ANTIDEPRESSANT_PSY,3,forum,train,train,calib,test
psytar:cymbalta.186,forum,psytar,ANTIDEPRESSANT_PSY,3,forum,train,train,calib,test
psytar:cymbalta.187,forum,psytar,ANTIDEPRESSANT_PSY,3,forum,train,train,calib,test
psytar:cymbalta.188,forum,psytar,ANTIDEPRESSANT_PSY,3,forum,train,train,calib,test
psytar:cymbalta.189,forum,psytar,ANTIDEPRESSANT_PSY,3,forum,train,train,calib,test
psytar:cymbalta.190,forum,psytar,ANTIDEPRESSANT_PSY,3,forum,train,train,calib,test
psytar:cymbalta.191,forum,psytar,ANTIDEPRESSANT_PSY,3,forum,train,train,calib,test
psytar:cymbalta.193,forum,psytar,ANTIDEPRESSANT_PSY,3,forum,train,train,calib,test
psytar:cymbalta.196,forum,psytar,ANTIDEPRESSANT_PSY,3,forum,train,train,calib,test
psytar:cymbalta.197,forum,psytar,ANTIDEPRESSANT_PSY,3,forum,train,train,calib,test
psytar:cymbalta.198,forum,psytar,ANTIDEPRESSANT_PSY,3,forum,train,train,calib,test
psytar:cymbalta.199,forum,psytar,ANTIDEPRESSANT_PSY,3,forum,train,train,calib,test
psytar:cymbalta.200,forum,psytar,ANTIDEPRESSANT_PSY,3,forum,train,train,calib,test
psytar:cymbalta.201,forum,psytar,ANTIDEPRESSANT_PSY,3,forum,train,train,calib,test
psytar:cymbalta.202,forum,psytar,ANTIDEPRESSANT_PSY,3,forum,train,train,calib,test
psytar:cymbalta.203,forum,psytar,ANTIDEPRESSANT_PSY,3,forum,train,train,calib,test
psytar:cymbalta.205,forum,psytar,ANTIDEPRESSANT_PSY,3,forum,train,train,calib,test
psytar:cymbalta.206,forum,psytar,ANTIDEPRESSANT_PSY,3,forum,train,train,calib,test
psytar:cymbalta.207,forum,psytar,ANTIDEPRESSANT_PSY,3,forum,train,train,calib,test
psytar:cymbalta.209,forum,psytar,ANTIDEPRESSANT_PSY,3,forum,train,train,calib,test
psytar:cymbalta.210,forum,psytar,ANTIDEPRESSANT_PSY,3,forum,train,train,calib,test
psytar:cymbalta.211,forum,psytar,ANTIDEPRESSANT_PSY,3,forum,train,train,calib,test
psytar:cymbalta.212,forum,psytar,ANTIDEPRESSANT_PSY,3,forum,train,train,calib,test
psytar:cymbalta.213,forum,psytar,ANTIDEPRESSANT_PSY,3,forum,train,train,calib,test
psytar:cymbalta.214,forum,psytar,ANTIDEPRESSANT_PSY,3,forum,train,train,calib,test
psytar:cymbalta.216,forum,psytar,ANTIDEPRESSANT_PSY,3,forum,train,train,calib,test
psytar:cymbalta.218,forum,psytar,ANTIDEPRESSANT_PSY,3,forum,train,train,calib,test
psytar:cymbalta.219,forum,psytar,ANTIDEPRESSANT_PSY,3,forum,train,train,calib,test
psytar:cymbalta.224,forum,psytar,ANTIDEPRESSANT_PSY,3,forum,train,train,calib,test
psytar:cymbalta.225,forum,psytar,ANTIDEPRESSANT_PSY,3,forum,train,train,calib,test
psytar:cymbalta.226,forum,psytar,ANTIDEPRESSANT_PSY,3,forum,train,train,calib,test
psytar:cymbalta.228,forum,psytar,ANTIDEPRESSANT_PSY,3,forum,train,train,calib,test
psytar:cymbalta.229,forum,psytar,ANTIDEPRESSANT_PSY,3,forum,train,train,calib,test
psytar:cymbalta.230,forum,psytar,ANTIDEPRESSANT_PSY,3,forum,train,train,calib,test
psytar:cymbalta.231,forum,psytar,ANTIDEPRESSANT_PSY,3,forum,train,train,calib,test
psytar:EffexorXR.1,forum,psytar,ANTIDEPRESSANT_PSY,3,forum,train,train,calib,test
psytar:EffexorXR.2,forum,psytar,ANTIDEPRESSANT_PSY,3,forum,train,train,calib,test
psytar:EffexorXR.3,forum,psytar,ANTIDEPRESSANT_PSY,3,forum,train,train,calib,test
psytar:EffexorXR.4,forum,psytar,ANTIDEPRESSANT_PSY,3,forum,train,train,calib,test
psytar:EffexorXR.5,forum,psytar,ANTIDEPRESSANT_PSY,3,forum,train,train,calib,test
psytar:EffexorXR.6,forum,psytar,ANTIDEPRESSANT_PSY,3,forum,train,train,calib,test
psytar:EffexorXR.7,forum,psytar,ANTIDEPRESSANT_PSY,3,forum,train,train,calib,test
psytar:EffexorXR.8,forum,psytar,ANTIDEPRESSANT_PSY,3,forum,train,train,calib,test
psytar:EffexorXR.9,forum,psytar,ANTIDEPRESSANT_PSY,3,forum,train,train,calib,test
psytar:EffexorXR.10,forum,psytar,ANTIDEPRESSANT_PSY,3,forum,train,train,calib,test
psytar:EffexorXR.11,forum,psytar,ANTIDEPRESSANT_PSY,3,forum,train,train,calib,test
psytar:EffexorXR.12,forum,psytar,ANTIDEPRESSANT_PSY,3,forum,train,train,calib,test
psytar:EffexorXR.13,forum,psytar,ANTIDEPRESSANT_PSY,3,forum,train,train,calib,test
psytar:EffexorXR.14,forum,psytar,ANTIDEPRESSANT_PSY,3,forum,train,train,calib,test
psytar:EffexorXR.15,forum,psytar,ANTIDEPRESSANT_PSY,3,forum,train,train,calib,test
psytar:EffexorXR.16,forum,psytar,ANTIDEPRESSANT_PSY,3,forum,train,train,calib,test
psytar:EffexorXR.17,forum,psytar,ANTIDEPRESSANT_PSY,3,forum,train,train,calib,test
psytar:EffexorXR.18,forum,psytar,ANTIDEPRESSANT_PSY,3,forum,train,train,calib,test
psytar:EffexorXR.19,forum,psytar,ANTIDEPRESSANT_PSY,3,forum,train,train,calib,test
psytar:EffexorXR.20,forum,psytar,ANTIDEPRESSANT_PSY,3,forum,train,train,calib,test
psytar:EffexorXR.21,forum,psytar,ANTIDEPRESSANT_PSY,3,forum,train,train,calib,test
psytar:EffexorXR.22,forum,psytar,ANTIDEPRESSANT_PSY,3,forum,train,train,calib,test
psytar:EffexorXR.23,forum,psytar,ANTIDEPRESSANT_PSY,3,forum,train,train,calib,test
psytar:EffexorXR.24,forum,psytar,ANTIDEPRESSANT_PSY,3,forum,train,train,calib,test
psytar:EffexorXR.25,forum,psytar,ANTIDEPRESSANT_PSY,3,forum,train,train,calib,test
psytar:EffexorXR.26,forum,psytar,ANTIDEPRESSANT_PSY,3,forum,train,train,calib,test
psytar:EffexorXR.27,forum,psytar,ANTIDEPRESSANT_PSY,3,forum,train,train,calib,test
psytar:EffexorXR.28,forum,psytar,ANTIDEPRESSANT_PSY,3,forum,train,train,calib,test
psytar:EffexorXR.29,forum,psytar,ANTIDEPRESSANT_PSY,3,forum,train,train,calib,test
psytar:EffexorXR.30,forum,psytar,ANTIDEPRESSANT_PSY,3,forum,train,train,calib,test
psytar:EffexorXR.31,forum,psytar,ANTIDEPRESSANT_PSY,3,forum,train,train,calib,test
psytar:EffexorXR.32,forum,psytar,ANTIDEPRESSANT_PSY,3,forum,train,train,calib,test
psytar:EffexorXR.33,forum,psytar,ANTIDEPRESSANT_PSY,3,forum,train,train,calib,test
psytar:EffexorXR.34,forum,psytar,ANTIDEPRESSANT_PSY,3,forum,train,train,calib,test
psytar:EffexorXR.35,forum,psytar,ANTIDEPRESSANT_PSY,3,forum,train,train,calib,test
psytar:EffexorXR.36,forum,psytar,ANTIDEPRESSANT_PSY,3,forum,train,train,calib,test
psytar:EffexorXR.37,forum,psytar,ANTIDEPRESSANT_PSY,3,forum,train,train,calib,test
psytar:EffexorXR.38,forum,psytar,ANTIDEPRESSANT_PSY,3,forum,train,train,calib,test
psytar:EffexorXR.39,forum,psytar,ANTIDEPRESSANT_PSY,3,forum,train,train,calib,test
psytar:EffexorXR.40,forum,psytar,ANTIDEPRESSANT_PSY,3,forum,train,train,calib,test
psytar:EffexorXR.41,forum,psytar,ANTIDEPRESSANT_PSY,3,forum,train,train,calib,test
psytar:EffexorXR.42,forum,psytar,ANTIDEPRESSANT_PSY,3,forum,train,train,calib,test
psytar:EffexorXR.43,forum,psytar,ANTIDEPRESSANT_PSY,3,forum,train,train,calib,test
psytar:EffexorXR.44,forum,psytar,ANTIDEPRESSANT_PSY,3,forum,train,train,calib,test
psytar:EffexorXR.45,forum,psytar,ANTIDEPRESSANT_PSY,3,forum,train,train,calib,test
psytar:EffexorXR.46,forum,psytar,ANTIDEPRESSANT_PSY,3,forum,train,train,calib,test
psytar:EffexorXR.47,forum,psytar,ANTIDEPRESSANT_PSY,3,forum,train,train,calib,test
psytar:EffexorXR.48,forum,psytar,ANTIDEPRESSANT_PSY,3,forum,train,train,calib,test
psytar:EffexorXR.49,forum,psytar,ANTIDEPRESSANT_PSY,3,forum,train,train,calib,test
psytar:EffexorXR.50,forum,psytar,ANTIDEPRESSANT_PSY,3,forum,train,train,calib,test
psytar:EffexorXR.51,forum,psytar,ANTIDEPRESSANT_PSY,3,forum,train,train,calib,test
psytar:EffexorXR.52,forum,psytar,ANTIDEPRESSANT_PSY,3,forum,train,train,calib,test
psytar:EffexorXR.53,forum,psytar,ANTIDEPRESSANT_PSY,3,forum,train,train,calib,test
psytar:EffexorXR.54,forum,psytar,ANTIDEPRESSANT_PSY,3,forum,train,train,calib,test
psytar:EffexorXR.55,forum,psytar,ANTIDEPRESSANT_PSY,3,forum,train,train,calib,test
psytar:EffexorXR.56,forum,psytar,ANTIDEPRESSANT_PSY,3,forum,train,train,calib,test
psytar:EffexorXR.57,forum,psytar,ANTIDEPRESSANT_PSY,3,forum,train,train,calib,test
psytar:EffexorXR.58,forum,psytar,ANTIDEPRESSANT_PSY,3,forum,train,train,calib,test
psytar:EffexorXR.59,forum,psytar,ANTIDEPRESSANT_PSY,3,forum,train,train,calib,test
psytar:EffexorXR.60,forum,psytar,ANTIDEPRESSANT_PSY,3,forum,train,train,calib,test
psytar:EffexorXR.61,forum,psytar,ANTIDEPRESSANT_PSY,3,forum,train,train,calib,test
psytar:EffexorXR.62,forum,psytar,ANTIDEPRESSANT_PSY,3,forum,train,train,calib,test
psytar:EffexorXR.63,forum,psytar,ANTIDEPRESSANT_PSY,3,forum,train,train,calib,test
psytar:EffexorXR.64,forum,psytar,ANTIDEPRESSANT_PSY,3,forum,train,train,calib,test
psytar:EffexorXR.65,forum,psytar,ANTIDEPRESSANT_PSY,3,forum,train,train,calib,test
psytar:EffexorXR.66,forum,psytar,ANTIDEPRESSANT_PSY,3,forum,train,train,calib,test
psytar:EffexorXR.67,forum,psytar,ANTIDEPRESSANT_PSY,3,forum,train,train,calib,test
psytar:EffexorXR.68,forum,psytar,ANTIDEPRESSANT_PSY,3,forum,train,train,calib,test
psytar:EffexorXR.69,forum,psytar,ANTIDEPRESSANT_PSY,3,forum,train,train,calib,test
psytar:EffexorXR.70,forum,psytar,ANTIDEPRESSANT_PSY,3,forum,train,train,calib,test
psytar:EffexorXR.71,forum,psytar,ANTIDEPRESSANT_PSY,3,forum,train,train,calib,test
psytar:EffexorXR.72,forum,psytar,ANTIDEPRESSANT_PSY,3,forum,train,train,calib,test
psytar:EffexorXR.73,forum,psytar,ANTIDEPRESSANT_PSY,3,forum,train,train,calib,test
psytar:EffexorXR.74,forum,psytar,ANTIDEPRESSANT_PSY,3,forum,train,train,calib,test
psytar:EffexorXR.75,forum,psytar,ANTIDEPRESSANT_PSY,3,forum,train,train,calib,test
psytar:EffexorXR.76,forum,psytar,ANTIDEPRESSANT_PSY,3,forum,train,train,calib,test
psytar:EffexorXR.77,forum,psytar,ANTIDEPRESSANT_PSY,3,forum,train,train,calib,test
psytar:EffexorXR.78,forum,psytar,ANTIDEPRESSANT_PSY,3,forum,train,train,calib,test
psytar:EffexorXR.79,forum,psytar,ANTIDEPRESSANT_PSY,3,forum,train,train,calib,test
psytar:EffexorXR.80,forum,psytar,ANTIDEPRESSANT_PSY,3,forum,train,train,calib,test
psytar:EffexorXR.81,forum,psytar,ANTIDEPRESSANT_PSY,3,forum,train,train,calib,test
psytar:EffexorXR.82,forum,psytar,ANTIDEPRESSANT_PSY,3,forum,train,train,calib,test
psytar:EffexorXR.83,forum,psytar,ANTIDEPRESSANT_PSY,3,forum,train,train,calib,test
psytar:effexorXR.84,forum,psytar,ANTIDEPRESSANT_PSY,3,forum,train,train,calib,test
psytar:EffexorXR.85,forum,psytar,ANTIDEPRESSANT_PSY,3,forum,train,train,calib,test
psytar:effexorXR.86,forum,psytar,ANTIDEPRESSANT_PSY,3,forum,train,train,calib,test
psytar:effexorXR.87,forum,psytar,ANTIDEPRESSANT_PSY,3,forum,train,train,calib,test
psytar:effexorXR.88,forum,psytar,ANTIDEPRESSANT_PSY,3,forum,train,train,calib,test
psytar:effexorXR.89,forum,psytar,ANTIDEPRESSANT_PSY,3,forum,train,train,calib,test
psytar:effexorXR.90,forum,psytar,ANTIDEPRESSANT_PSY,3,forum,train,train,calib,test
psytar:effexorXR.91,forum,psytar,ANTIDEPRESSANT_PSY,3,forum,train,train,calib,test
psytar:effexorXR.92,forum,psytar,ANTIDEPRESSANT_PSY,3,forum,train,train,calib,test
psytar:effexorXR.93,forum,psytar,ANTIDEPRESSANT_PSY,3,forum,train,train,calib,test
psytar:effexorXR.94,forum,psytar,ANTIDEPRESSANT_PSY,3,forum,train,train,calib,test
psytar:effexorXR.95,forum,psytar,ANTIDEPRESSANT_PSY,3,forum,train,train,calib,test
psytar:effexorXR.96,forum,psytar,ANTIDEPRESSANT_PSY,3,forum,train,train,calib,test
psytar:effexorXR.97,forum,psytar,ANTIDEPRESSANT_PSY,3,forum,train,train,calib,test
psytar:effexorXR.98,forum,psytar,ANTIDEPRESSANT_PSY,3,forum,train,train,calib,test
psytar:effexorXR.99,forum,psytar,ANTIDEPRESSANT_PSY,3,forum,train,train,calib,test
psytar:effexorXR.100,forum,psytar,ANTIDEPRESSANT_PSY,3,forum,train,train,calib,test
psytar:effexorXR.101,forum,psytar,ANTIDEPRESSANT_PSY,3,forum,train,train,calib,test
psytar:effexorXR.102,forum,psytar,ANTIDEPRESSANT_PSY,3,forum,train,train,calib,test
psytar:effexorXR.103,forum,psytar,ANTIDEPRESSANT_PSY,3,forum,train,train,calib,test
psytar:effexorXR.104,forum,psytar,ANTIDEPRESSANT_PSY,3,forum,train,train,calib,test
psytar:effexorXR.105,forum,psytar,ANTIDEPRESSANT_PSY,3,forum,train,train,calib,test
psytar:effexorXR.106,forum,psytar,ANTIDEPRESSANT_PSY,3,forum,train,train,calib,test
psytar:effexorXR.107,forum,psytar,ANTIDEPRESSANT_PSY,3,forum,train,train,calib,test
psytar:effexorXR.108,forum,psytar,ANTIDEPRESSANT_PSY,3,forum,train,train,calib,test
psytar:effexorXR.109,forum,psytar,ANTIDEPRESSANT_PSY,3,forum,train,train,calib,test
psytar:effexorXR.110,forum,psytar,ANTIDEPRESSANT_PSY,3,forum,train,train,calib,test
psytar:effexorXR.111,forum,psytar,ANTIDEPRESSANT_PSY,3,forum,train,train,calib,test
psytar:effexorXR.112,forum,psytar,ANTIDEPRESSANT_PSY,3,forum,train,train,calib,test
psytar:effexorXR.113,forum,psytar,ANTIDEPRESSANT_PSY,3,forum,train,train,calib,test
psytar:effexorXR.114,forum,psytar,ANTIDEPRESSANT_PSY,3,forum,train,train,calib,test
psytar:effexorXR.115,forum,psytar,ANTIDEPRESSANT_PSY,3,forum,train,train,calib,test
psytar:effexorXR.116,forum,psytar,ANTIDEPRESSANT_PSY,3,forum,train,train,calib,test
psytar:effexorXR.117,forum,psytar,ANTIDEPRESSANT_PSY,3,forum,train,train,calib,test
psytar:effexorXR.118,forum,psytar,ANTIDEPRESSANT_PSY,3,forum,train,train,calib,test
psytar:effexorXR.119,forum,psytar,ANTIDEPRESSANT_PSY,3,forum,train,train,calib,test
psytar:effexorXR.120,forum,psytar,ANTIDEPRESSANT_PSY,3,forum,train,train,calib,test
psytar:effexorXR.121,forum,psytar,ANTIDEPRESSANT_PSY,3,forum,train,train,calib,test
psytar:effexorXR.122,forum,psytar,ANTIDEPRESSANT_PSY,3,forum,train,train,calib,test
psytar:effexorXR.123,forum,psytar,ANTIDEPRESSANT_PSY,3,forum,train,train,calib,test
psytar:effexorXR.124,forum,psytar,ANTIDEPRESSANT_PSY,3,forum,train,train,calib,test
psytar:effexorXR.125,forum,psytar,ANTIDEPRESSANT_PSY,3,forum,train,train,calib,test
psytar:effexorXR.126,forum,psytar,ANTIDEPRESSANT_PSY,3,forum,train,train,calib,test
psytar:effexorXR.127,forum,psytar,ANTIDEPRESSANT_PSY,3,forum,train,train,calib,test
psytar:effexorXR.128,forum,psytar,ANTIDEPRESSANT_PSY,3,forum,train,train,calib,test
psytar:effexorXR.129,forum,psytar,ANTIDEPRESSANT_PSY,3,forum,train,train,calib,test
psytar:effexorXR.130,forum,psytar,ANTIDEPRESSANT_PSY,3,forum,train,train,calib,test
psytar:effexorXR.131,forum,psytar,ANTIDEPRESSANT_PSY,3,forum,train,train,calib,test
psytar:effexorXR.132,forum,psytar,ANTIDEPRESSANT_PSY,3,forum,train,train,calib,test
psytar:effexorXR.133,forum,psytar,ANTIDEPRESSANT_PSY,3,forum,train,train,calib,test
psytar:effexorXR.134,forum,psytar,ANTIDEPRESSANT_PSY,3,forum,train,train,calib,test
psytar:effexorXR.135,forum,psytar,ANTIDEPRESSANT_PSY,3,forum,train,train,calib,test
psytar:effexorXR.136,forum,psytar,ANTIDEPRESSANT_PSY,3,forum,train,train,calib,test
psytar:effexorXR.137,forum,psytar,ANTIDEPRESSANT_PSY,3,forum,train,train,calib,test
psytar:effexorXR.138,forum,psytar,ANTIDEPRESSANT_PSY,3,forum,train,train,calib,test
psytar:effexorXR.139,forum,psytar,ANTIDEPRESSANT_PSY,3,forum,train,train,calib,test
psytar:effexorXR.140,forum,psytar,ANTIDEPRESSANT_PSY,3,forum,train,train,calib,test
psytar:effexorXR.141,forum,psytar,ANTIDEPRESSANT_PSY,3,forum,train,train,calib,test
psytar:effexorXR.142,forum,psytar,ANTIDEPRESSANT_PSY,3,forum,train,train,calib,test
psytar:effexorXR.143,forum,psytar,ANTIDEPRESSANT_PSY,3,forum,train,train,calib,test
psytar:effexorXR.144,forum,psytar,ANTIDEPRESSANT_PSY,3,forum,train,train,calib,test
psytar:effexorXR.145,forum,psytar,ANTIDEPRESSANT_PSY,3,forum,train,train,calib,test
psytar:effexorXR.146,forum,psytar,ANTIDEPRESSANT_PSY,3,forum,train,train,calib,test
psytar:effexorXR.147,forum,psytar,ANTIDEPRESSANT_PSY,3,forum,train,train,calib,test
psytar:effexorXR.148,forum,psytar,ANTIDEPRESSANT_PSY,3,forum,train,train,calib,test
psytar:effexorXR.149,forum,psytar,ANTIDEPRESSANT_PSY,3,forum,train,train,calib,test
psytar:effexorXR.150,forum,psytar,ANTIDEPRESSANT_PSY,3,forum,train,train,calib,test
psytar:effexorXR.151,forum,psytar,ANTIDEPRESSANT_PSY,3,forum,train,train,calib,test
psytar:effexorXR.152,forum,psytar,ANTIDEPRESSANT_PSY,3,forum,train,train,calib,test
psytar:effexorXR.153,forum,psytar,ANTIDEPRESSANT_PSY,3,forum,train,train,calib,test
psytar:effexorXR.154,forum,psytar,ANTIDEPRESSANT_PSY,3,forum,train,train,calib,test
psytar:effexorXR.155,forum,psytar,ANTIDEPRESSANT_PSY,3,forum,train,train,calib,test
psytar:effexorXR.156,forum,psytar,ANTIDEPRESSANT_PSY,3,forum,train,train,calib,test
psytar:effexorXR.157,forum,psytar,ANTIDEPRESSANT_PSY,3,forum,train,train,calib,test
psytar:effexorXR.158,forum,psytar,ANTIDEPRESSANT_PSY,3,forum,train,train,calib,test
psytar:effexorXR.159,forum,psytar,ANTIDEPRESSANT_PSY,3,forum,train,train,calib,test
psytar:effexorXR.160,forum,psytar,ANTIDEPRESSANT_PSY,3,forum,train,train,calib,test
psytar:effexorXR.161,forum,psytar,ANTIDEPRESSANT_PSY,3,forum,train,train,calib,test
psytar:effexorXR.162,forum,psytar,ANTIDEPRESSANT_PSY,3,forum,train,train,calib,test
psytar:effexorXR.163,forum,psytar,ANTIDEPRESSANT_PSY,3,forum,train,train,calib,test
psytar:effexorXR.164,forum,psytar,ANTIDEPRESSANT_PSY,3,forum,train,train,calib,test
psytar:effexorXR.165,forum,psytar,ANTIDEPRESSANT_PSY,3,forum,train,train,calib,test
psytar:effexorXR.166,forum,psytar,ANTIDEPRESSANT_PSY,3,forum,train,train,calib,test
psytar:effexorXR.167,forum,psytar,ANTIDEPRESSANT_PSY,3,forum,train,train,calib,test
psytar:effexorXR.168,forum,psytar,ANTIDEPRESSANT_PSY,3,forum,train,train,calib,test
psytar:effexorXR.169,forum,psytar,ANTIDEPRESSANT_PSY,3,forum,train,train,calib,test
psytar:effexorXR.170,forum,psytar,ANTIDEPRESSANT_PSY,3,forum,train,train,calib,test
psytar:effexorXR.171,forum,psytar,ANTIDEPRESSANT_PSY,3,forum,train,train,calib,test
psytar:effexorXR.172,forum,psytar,ANTIDEPRESSANT_PSY,3,forum,train,train,calib,test
psytar:effexorXR.173,forum,psytar,ANTIDEPRESSANT_PSY,3,forum,train,train,calib,test
psytar:effexorXR.174,forum,psytar,ANTIDEPRESSANT_PSY,3,forum,train,train,calib,test
psytar:effexorXR.175,forum,psytar,ANTIDEPRESSANT_PSY,3,forum,train,train,calib,test
psytar:effexorXR.176,forum,psytar,ANTIDEPRESSANT_PSY,3,forum,train,train,calib,test
psytar:effexorXR.177,forum,psytar,ANTIDEPRESSANT_PSY,3,forum,train,train,calib,test
psytar:effexorXR.178,forum,psytar,ANTIDEPRESSANT_PSY,3,forum,train,train,calib,test
psytar:effexorXR.179,forum,psytar,ANTIDEPRESSANT_PSY,3,forum,train,train,calib,test
psytar:effexorXR.180,forum,psytar,ANTIDEPRESSANT_PSY,3,forum,train,train,calib,test
psytar:effexorXR.181,forum,psytar,ANTIDEPRESSANT_PSY,3,forum,train,train,calib,test
psytar:effexorXR.182,forum,psytar,ANTIDEPRESSANT_PSY,3,forum,train,train,calib,test
psytar:effexorXR.183,forum,psytar,ANTIDEPRESSANT_PSY,3,forum,train,train,calib,test
psytar:effexorXR.184,forum,psytar,ANTIDEPRESSANT_PSY,3,forum,train,train,calib,test
psytar:effexorXR.185,forum,psytar,ANTIDEPRESSANT_PSY,3,forum,train,train,calib,test
psytar:effexorXR.186,forum,psytar,ANTIDEPRESSANT_PSY,3,forum,train,train,calib,test
psytar:effexorXR.187,forum,psytar,ANTIDEPRESSANT_PSY,3,forum,train,train,calib,test
psytar:effexorXR.188,forum,psytar,ANTIDEPRESSANT_PSY,3,forum,train,train,calib,test
psytar:effexorXR.189,forum,psytar,ANTIDEPRESSANT_PSY,3,forum,train,train,calib,test
psytar:effexorXR.190,forum,psytar,ANTIDEPRESSANT_PSY,3,forum,train,train,calib,test
psytar:effexorXR.191,forum,psytar,ANTIDEPRESSANT_PSY,3,forum,train,train,calib,test
psytar:effexorXR.192,forum,psytar,ANTIDEPRESSANT_PSY,3,forum,train,train,calib,test
psytar:effexorXR.193,forum,psytar,ANTIDEPRESSANT_PSY,3,forum,train,train,calib,test
psytar:effexorXR.194,forum,psytar,ANTIDEPRESSANT_PSY,3,forum,train,train,calib,test
psytar:effexorXR.195,forum,psytar,ANTIDEPRESSANT_PSY,3,forum,train,train,calib,test
psytar:effexorXR.196,forum,psytar,ANTIDEPRESSANT_PSY,3,forum,train,train,calib,test
psytar:effexorXR.197,forum,psytar,ANTIDEPRESSANT_PSY,3,forum,train,train,calib,test
psytar:effexorXR.198,forum,psytar,ANTIDEPRESSANT_PSY,3,forum,train,train,calib,test
psytar:effexorXR.199,forum,psytar,ANTIDEPRESSANT_PSY,3,forum,train,train,calib,test
psytar:effexorXR.200,forum,psytar,ANTIDEPRESSANT_PSY,3,forum,train,train,calib,test
psytar:effexorXR.201,forum,psytar,ANTIDEPRESSANT_PSY,3,forum,train,train,calib,test
psytar:effexorXR.202,forum,psytar,ANTIDEPRESSANT_PSY,3,forum,train,train,calib,test
psytar:effexorXR.203,forum,psytar,ANTIDEPRESSANT_PSY,3,forum,train,train,calib,test
psytar:effexorXR.204,forum,psytar,ANTIDEPRESSANT_PSY,3,forum,train,train,calib,test
psytar:effexorXR.205,forum,psytar,ANTIDEPRESSANT_PSY,3,forum,train,train,calib,test
psytar:effexorXR.206,forum,psytar,ANTIDEPRESSANT_PSY,3,forum,train,train,calib,test
psytar:effexorXR.207,forum,psytar,ANTIDEPRESSANT_PSY,3,forum,train,train,calib,test
psytar:effexorXR.208,forum,psytar,ANTIDEPRESSANT_PSY,3,forum,train,train,calib,test
psytar:effexorXR.209,forum,psytar,ANTIDEPRESSANT_PSY,3,forum,train,train,calib,test
psytar:effexorXR.210,forum,psytar,ANTIDEPRESSANT_PSY,3,forum,train,train,calib,test
psytar:effexorXR.211,forum,psytar,ANTIDEPRESSANT_PSY,3,forum,train,train,calib,test
psytar:effexorXR.212,forum,psytar,ANTIDEPRESSANT_PSY,3,forum,train,train,calib,test
psytar:effexorXR.213,forum,psytar,ANTIDEPRESSANT_PSY,3,forum,train,train,calib,test
psytar:effexorXR.214,forum,psytar,ANTIDEPRESSANT_PSY,3,forum,train,train,calib,test
psytar:effexorXR.215,forum,psytar,ANTIDEPRESSANT_PSY,3,forum,train,train,calib,test
psytar:effexorXR.216,forum,psytar,ANTIDEPRESSANT_PSY,3,forum,train,train,calib,test
psytar:effexorXR.217,forum,psytar,ANTIDEPRESSANT_PSY,3,forum,train,train,calib,test
psytar:effexorXR.218,forum,psytar,ANTIDEPRESSANT_PSY,3,forum,train,train,calib,test
psytar:effexorXR.219,forum,psytar,ANTIDEPRESSANT_PSY,3,forum,train,train,calib,test
psytar:effexorXR.220,forum,psytar,ANTIDEPRESSANT_PSY,3,forum,train,train,calib,test
psytar:effexorXR.221,forum,psytar,ANTIDEPRESSANT_PSY,3,forum,train,train,calib,test
psytar:effexorXR.222,forum,psytar,ANTIDEPRESSANT_PSY,3,forum,train,train,calib,test
psytar:effexorXR.223,forum,psytar,ANTIDEPRESSANT_PSY,3,forum,train,train,calib,test
psytar:effexorXR.224,forum,psytar,ANTIDEPRESSANT_PSY,3,forum,train,train,calib,test
psytar:effexorXR.225,forum,psytar,ANTIDEPRESSANT_PSY,3,forum,train,train,calib,test
psytar:effexorXR.226,forum,psytar,ANTIDEPRESSANT_PSY,3,forum,train,train,calib,test
psytar:effexorXR.227,forum,psytar,ANTIDEPRESSANT_PSY,3,forum,train,train,calib,test
psytar:effexorXR.228,forum,psytar,ANTIDEPRESSANT_PSY,3,forum,train,train,calib,test
phee:8908396_3,literature,phee,LITERATURE,-1,literature,na,na,na,na
phee:10891991_1,literature,phee,LITERATURE,-1,literature,na,na,na,na
phee:2332596_1,literature,phee,LITERATURE,-1,literature,na,na,na,na
phee:12552054_1,literature,phee,LITERATURE,-1,literature,na,na,na,na
phee:19531695_12,literature,phee,LITERATURE,-1,literature,na,na,na,na
phee:8002140_2,literature,phee,LITERATURE,-1,literature,na,na,na,na
phee:8586895_3,literature,phee,LITERATURE,-1,literature,na,na,na,na
phee:7776854_3,literature,phee,LITERATURE,-1,literature,na,na,na,na
phee:8024670_1,literature,phee,LITERATURE,-1,literature,na,na,na,na
phee:11026106_1,literature,phee,LITERATURE,-1,literature,na,na,na,na
phee:19434733_1,literature,phee,LITERATURE,-1,literature,na,na,na,na
phee:16882109_1,literature,phee,LITERATURE,-1,literature,na,na,na,na
phee:1244265_1,literature,phee,LITERATURE,-1,literature,na,na,na,na
phee:14557583_2,literature,phee,LITERATURE,-1,literature,na,na,na,na
phee:8384030_1,literature,phee,LITERATURE,-1,literature,na,na,na,na
phee:17228132_1,literature,phee,LITERATURE,-1,literature,na,na,na,na
phee:9804082_2,literature,phee,LITERATURE,-1,literature,na,na,na,na
phee:9184269_1,literature,phee,LITERATURE,-1,literature,na,na,na,na
phee:8936932_1,literature,phee,LITERATURE,-1,literature,na,na,na,na
phee:7835785_2,literature,phee,LITERATURE,-1,literature,na,na,na,na
phee:7019786_2,literature,phee,LITERATURE,-1,literature,na,na,na,na
phee:8053440_2,literature,phee,LITERATURE,-1,literature,na,na,na,na
phee:19531695_11,literature,phee,LITERATURE,-1,literature,na,na,na,na
phee:11250985_1,literature,phee,LITERATURE,-1,literature,na,na,na,na
phee:21045170_9,literature,phee,LITERATURE,-1,literature,na,na,na,na
phee:15107195_1,literature,phee,LITERATURE,-1,literature,na,na,na,na
phee:282937_2,literature,phee,LITERATURE,-1,literature,na,na,na,na
phee:6733633_1,literature,phee,LITERATURE,-1,literature,na,na,na,na
phee:3470173_5,literature,phee,LITERATURE,-1,literature,na,na,na,na
phee:9433539_2,literature,phee,LITERATURE,-1,literature,na,na,na,na
phee:16005413_10,literature,phee,LITERATURE,-1,literature,na,na,na,na
phee:19499966_4,literature,phee,LITERATURE,-1,literature,na,na,na,na
phee:16463436_1,literature,phee,LITERATURE,-1,literature,na,na,na,na
phee:18676387_2,literature,phee,LITERATURE,-1,literature,na,na,na,na
phee:20367573_1,literature,phee,LITERATURE,-1,literature,na,na,na,na
phee:9846036_7,literature,phee,LITERATURE,-1,literature,na,na,na,na
phee:12494253_2,literature,phee,LITERATURE,-1,literature,na,na,na,na
phee:14746605_3,literature,phee,LITERATURE,-1,literature,na,na,na,na
phee:17381671_1,literature,phee,LITERATURE,-1,literature,na,na,na,na
phee:8149366_2,literature,phee,LITERATURE,-1,literature,na,na,na,na
phee:11757641_3,literature,phee,LITERATURE,-1,literature,na,na,na,na
phee:11837564_3,literature,phee,LITERATURE,-1,literature,na,na,na,na
phee:20076952_11,literature,phee,LITERATURE,-1,literature,na,na,na,na
phee:6251941_2,literature,phee,LITERATURE,-1,literature,na,na,na,na
phee:17224428_2,literature,phee,LITERATURE,-1,literature,na,na,na,na
phee:11483161_3,literature,phee,LITERATURE,-1,literature,na,na,na,na
phee:17352036_3,literature,phee,LITERATURE,-1,literature,na,na,na,na
phee:7661076_1,literature,phee,LITERATURE,-1,literature,na,na,na,na
phee:6197014_1,literature,phee,LITERATURE,-1,literature,na,na,na,na
phee:17189581_2,literature,phee,LITERATURE,-1,literature,na,na,na,na
phee:15866658_1,literature,phee,LITERATURE,-1,literature,na,na,na,na
phee:2931445_2,literature,phee,LITERATURE,-1,literature,na,na,na,na
phee:8792511_2,literature,phee,LITERATURE,-1,literature,na,na,na,na
phee:3470173_3,literature,phee,LITERATURE,-1,literature,na,na,na,na
phee:3143551_4,literature,phee,LITERATURE,-1,literature,na,na,na,na
phee:1420650_3,literature,phee,LITERATURE,-1,literature,na,na,na,na
phee:20178709_3,literature,phee,LITERATURE,-1,literature,na,na,na,na
phee:3677571_2,literature,phee,LITERATURE,-1,literature,na,na,na,na
phee:10099659_14,literature,phee,LITERATURE,-1,literature,na,na,na,na
phee:10102531_2,literature,phee,LITERATURE,-1,literature,na,na,na,na
phee:24429012_10,literature,phee,LITERATURE,-1,literature,na,na,na,na
phee:11834188_2,literature,phee,LITERATURE,-1,literature,na,na,na,na
phee:18784429_3,literature,phee,LITERATURE,-1,literature,na,na,na,na
phee:17224428_1,literature,phee,LITERATURE,-1,literature,na,na,na,na
phee:6311654_6,literature,phee,LITERATURE,-1,literature,na,na,na,na
phee:12135176_1,literature,phee,LITERATURE,-1,literature,na,na,na,na
phee:15162903_3,literature,phee,LITERATURE,-1,literature,na,na,na,na
phee:18465737_2,literature,phee,LITERATURE,-1,literature,na,na,na,na
phee:3612639_1,literature,phee,LITERATURE,-1,literature,na,na,na,na
phee:15685264_1,literature,phee,LITERATURE,-1,literature,na,na,na,na
phee:18633310_1,literature,phee,LITERATURE,-1,literature,na,na,na,na
phee:19537383_2,literature,phee,LITERATURE,-1,literature,na,na,na,na
phee:1174301_2,literature,phee,LITERATURE,-1,literature,na,na,na,na
phee:17526968_1,literature,phee,LITERATURE,-1,literature,na,na,na,na
phee:19034138_5,literature,phee,LITERATURE,-1,literature,na,na,na,na
phee:2140997_1,literature,phee,LITERATURE,-1,literature,na,na,na,na
phee:2309833_2,literature,phee,LITERATURE,-1,literature,na,na,na,na
phee:10458196_4,literature,phee,LITERATURE,-1,literature,na,na,na,na
phee:10707759_1,literature,phee,LITERATURE,-1,literature,na,na,na,na
phee:1433432_1,literature,phee,LITERATURE,-1,literature,na,na,na,na
phee:23624139_10,literature,phee,LITERATURE,-1,literature,na,na,na,na
phee:15685264_6,literature,phee,LITERATURE,-1,literature,na,na,na,na
phee:9509511_1,literature,phee,LITERATURE,-1,literature,na,na,na,na
phee:11816261_1,literature,phee,LITERATURE,-1,literature,na,na,na,na
phee:17364199_4,literature,phee,LITERATURE,-1,literature,na,na,na,na
phee:10516999_1,literature,phee,LITERATURE,-1,literature,na,na,na,na
phee:12757344_2,literature,phee,LITERATURE,-1,literature,na,na,na,na
phee:16882112_7,literature,phee,LITERATURE,-1,literature,na,na,na,na
phee:19203515_3,literature,phee,LITERATURE,-1,literature,na,na,na,na
phee:1849334_2,literature,phee,LITERATURE,-1,literature,na,na,na,na
phee:1580986_2,literature,phee,LITERATURE,-1,literature,na,na,na,na
phee:7787496_1,literature,phee,LITERATURE,-1,literature,na,na,na,na
phee:9892272_4,literature,phee,LITERATURE,-1,literature,na,na,na,na
phee:11545487_7,literature,phee,LITERATURE,-1,literature,na,na,na,na
phee:9247841_3,literature,phee,LITERATURE,-1,literature,na,na,na,na
phee:8276031_6,literature,phee,LITERATURE,-1,literature,na,na,na,na
phee:12121061_2,literature,phee,LITERATURE,-1,literature,na,na,na,na
phee:2378415_2,literature,phee,LITERATURE,-1,literature,na,na,na,na
phee:8255797_2,literature,phee,LITERATURE,-1,literature,na,na,na,na
phee:17522786_1,literature,phee,LITERATURE,-1,literature,na,na,na,na
phee:8313300_7,literature,phee,LITERATURE,-1,literature,na,na,na,na
phee:7594371_2,literature,phee,LITERATURE,-1,literature,na,na,na,na
phee:19667003_14,literature,phee,LITERATURE,-1,literature,na,na,na,na
phee:11034877_2,literature,phee,LITERATURE,-1,literature,na,na,na,na
phee:4038927_1,literature,phee,LITERATURE,-1,literature,na,na,na,na
phee:21448111_6,literature,phee,LITERATURE,-1,literature,na,na,na,na
phee:18176653_12,literature,phee,LITERATURE,-1,literature,na,na,na,na
phee:7668127_2,literature,phee,LITERATURE,-1,literature,na,na,na,na
phee:16529136_4,literature,phee,LITERATURE,-1,literature,na,na,na,na
phee:18294121_1,literature,phee,LITERATURE,-1,literature,na,na,na,na
phee:10891991_4,literature,phee,LITERATURE,-1,literature,na,na,na,na
phee:2857534_1,literature,phee,LITERATURE,-1,literature,na,na,na,na
phee:10679548_2,literature,phee,LITERATURE,-1,literature,na,na,na,na
phee:6692713_3,literature,phee,LITERATURE,-1,literature,na,na,na,na
phee:10660641_2,literature,phee,LITERATURE,-1,literature,na,na,na,na
phee:12802933_1,literature,phee,LITERATURE,-1,literature,na,na,na,na
phee:11545487_6,literature,phee,LITERATURE,-1,literature,na,na,na,na
phee:11834188_1,literature,phee,LITERATURE,-1,literature,na,na,na,na
phee:24163322_7,literature,phee,LITERATURE,-1,literature,na,na,na,na
phee:19382926_6,literature,phee,LITERATURE,-1,literature,na,na,na,na
phee:7428724_2,literature,phee,LITERATURE,-1,literature,na,na,na,na
phee:16432996_1,literature,phee,LITERATURE,-1,literature,na,na,na,na
phee:9022114_2,literature,phee,LITERATURE,-1,literature,na,na,na,na
phee:12324937_3,literature,phee,LITERATURE,-1,literature,na,na,na,na
phee:9100429_1,literature,phee,LITERATURE,-1,literature,na,na,na,na
phee:17163271_2,literature,phee,LITERATURE,-1,literature,na,na,na,na
phee:15300114_2,literature,phee,LITERATURE,-1,literature,na,na,na,na
phee:16629074_1,literature,phee,LITERATURE,-1,literature,na,na,na,na
phee:9220046_2,literature,phee,LITERATURE,-1,literature,na,na,na,na
phee:1509179_2,literature,phee,LITERATURE,-1,literature,na,na,na,na
phee:8835752_2,literature,phee,LITERATURE,-1,literature,na,na,na,na
phee:21789791_2,literature,phee,LITERATURE,-1,literature,na,na,na,na
phee:19116715_2,literature,phee,LITERATURE,-1,literature,na,na,na,na
phee:2595431_3,literature,phee,LITERATURE,-1,literature,na,na,na,na
phee:15304176_1,literature,phee,LITERATURE,-1,literature,na,na,na,na
phee:18453852_4,literature,phee,LITERATURE,-1,literature,na,na,na,na
phee:9366852_1,literature,phee,LITERATURE,-1,literature,na,na,na,na
phee:20098333_1,literature,phee,LITERATURE,-1,literature,na,na,na,na
phee:10395123_2,literature,phee,LITERATURE,-1,literature,na,na,na,na
phee:12699871_1,literature,phee,LITERATURE,-1,literature,na,na,na,na
phee:15224368_2,literature,phee,LITERATURE,-1,literature,na,na,na,na
phee:12811715_1,literature,phee,LITERATURE,-1,literature,na,na,na,na
phee:2016556_1,literature,phee,LITERATURE,-1,literature,na,na,na,na
phee:2011096_1,literature,phee,LITERATURE,-1,literature,na,na,na,na
phee:1068531_2,literature,phee,LITERATURE,-1,literature,na,na,na,na
phee:25538343_3,literature,phee,LITERATURE,-1,literature,na,na,na,na
phee:17122225_2,literature,phee,LITERATURE,-1,literature,na,na,na,na
phee:7519913_1,literature,phee,LITERATURE,-1,literature,na,na,na,na
phee:17896898_2,literature,phee,LITERATURE,-1,literature,na,na,na,na
phee:3878320_2,literature,phee,LITERATURE,-1,literature,na,na,na,na
phee:10357715_3,literature,phee,LITERATURE,-1,literature,na,na,na,na
phee:1068531_1,literature,phee,LITERATURE,-1,literature,na,na,na,na
phee:1642627_1,literature,phee,LITERATURE,-1,literature,na,na,na,na
phee:15494638_2,literature,phee,LITERATURE,-1,literature,na,na,na,na
phee:8908396_2,literature,phee,LITERATURE,-1,literature,na,na,na,na
phee:2327115_4,literature,phee,LITERATURE,-1,literature,na,na,na,na
phee:10607332_1,literature,phee,LITERATURE,-1,literature,na,na,na,na
phee:11093071_1,literature,phee,LITERATURE,-1,literature,na,na,na,na
phee:12776809_2,literature,phee,LITERATURE,-1,literature,na,na,na,na
phee:9723127_3,literature,phee,LITERATURE,-1,literature,na,na,na,na
phee:8181372_1,literature,phee,LITERATURE,-1,literature,na,na,na,na
phee:2394154_1,literature,phee,LITERATURE,-1,literature,na,na,na,na
phee:1584367_2,literature,phee,LITERATURE,-1,literature,na,na,na,na
phee:6837655_3,literature,phee,LITERATURE,-1,literature,na,na,na,na
phee:8862924_5,literature,phee,LITERATURE,-1,literature,na,na,na,na
phee:7375145_1,literature,phee,LITERATURE,-1,literature,na,na,na,na
phee:19039026_2,literature,phee,LITERATURE,-1,literature,na,na,na,na
phee:12111771_3,literature,phee,LITERATURE,-1,literature,na,na,na,na
phee:19995222_1,literature,phee,LITERATURE,-1,literature,na,na,na,na
phee:9701106_4,literature,phee,LITERATURE,-1,literature,na,na,na,na
phee:2738729_2,literature,phee,LITERATURE,-1,literature,na,na,na,na
phee:812008_1,literature,phee,LITERATURE,-1,literature,na,na,na,na
phee:15852680_1,literature,phee,LITERATURE,-1,literature,na,na,na,na
phee:3438585_1,literature,phee,LITERATURE,-1,literature,na,na,na,na
phee:12921505_4,literature,phee,LITERATURE,-1,literature,na,na,na,na
phee:20378385_2,literature,phee,LITERATURE,-1,literature,na,na,na,na
phee:11215836_1,literature,phee,LITERATURE,-1,literature,na,na,na,na
phee:15878975_2,literature,phee,LITERATURE,-1,literature,na,na,na,na
phee:6484655_3,literature,phee,LITERATURE,-1,literature,na,na,na,na
phee:15197722_1,literature,phee,LITERATURE,-1,literature,na,na,na,na
phee:16005413_9,literature,phee,LITERATURE,-1,literature,na,na,na,na
phee:10099659_3,literature,phee,LITERATURE,-1,literature,na,na,na,na
phee:8921647_1,literature,phee,LITERATURE,-1,literature,na,na,na,na
phee:11487721_3,literature,phee,LITERATURE,-1,literature,na,na,na,na
phee:11722307_1,literature,phee,LITERATURE,-1,literature,na,na,na,na
phee:16029707_3,literature,phee,LITERATURE,-1,literature,na,na,na,na
phee:2305654_1,literature,phee,LITERATURE,-1,literature,na,na,na,na
phee:12932249_1,literature,phee,LITERATURE,-1,literature,na,na,na,na
phee:6142995_1,literature,phee,LITERATURE,-1,literature,na,na,na,na
phee:17705565_1,literature,phee,LITERATURE,-1,literature,na,na,na,na
phee:3195622_3,literature,phee,LITERATURE,-1,literature,na,na,na,na
phee:11706664_1,literature,phee,LITERATURE,-1,literature,na,na,na,na
phee:3753891_3,literature,phee,LITERATURE,-1,literature,na,na,na,na
phee:17420198_8,literature,phee,LITERATURE,-1,literature,na,na,na,na
phee:11918514_2,literature,phee,LITERATURE,-1,literature,na,na,na,na
phee:16968538_3,literature,phee,LITERATURE,-1,literature,na,na,na,na
phee:10410183_3,literature,phee,LITERATURE,-1,literature,na,na,na,na
phee:23624139_1,literature,phee,LITERATURE,-1,literature,na,na,na,na
phee:17671884_3,literature,phee,LITERATURE,-1,literature,na,na,na,na
phee:9256906_3,literature,phee,LITERATURE,-1,literature,na,na,na,na
phee:11435808_2,literature,phee,LITERATURE,-1,literature,na,na,na,na
phee:10755579_3,literature,phee,LITERATURE,-1,literature,na,na,na,na
phee:16025424_2,literature,phee,LITERATURE,-1,literature,na,na,na,na
phee:12811715_4,literature,phee,LITERATURE,-1,literature,na,na,na,na
phee:17298107_1,literature,phee,LITERATURE,-1,literature,na,na,na,na
phee:11077455_1,literature,phee,LITERATURE,-1,literature,na,na,na,na
phee:11215836_3,literature,phee,LITERATURE,-1,literature,na,na,na,na
phee:1295628_2,literature,phee,LITERATURE,-1,literature,na,na,na,na
phee:6236730_2,literature,phee,LITERATURE,-1,literature,na,na,na,na
phee:7718983_3,literature,phee,LITERATURE,-1,literature,na,na,na,na
phee:1445134_4,literature,phee,LITERATURE,-1,literature,na,na,na,na
phee:9161656_16,literature,phee,LITERATURE,-1,literature,na,na,na,na
phee:9311175_2,literature,phee,LITERATURE,-1,literature,na,na,na,na
phee:12324937_2,literature,phee,LITERATURE,-1,literature,na,na,na,na
phee:19365885_3,literature,phee,LITERATURE,-1,literature,na,na,na,na
phee:1722991_1,literature,phee,LITERATURE,-1,literature,na,na,na,na
phee:17039658_1,literature,phee,LITERATURE,-1,literature,na,na,na,na
phee:14514135_2,literature,phee,LITERATURE,-1,literature,na,na,na,na
phee:12621956_1,literature,phee,LITERATURE,-1,literature,na,na,na,na
phee:10048291_2,literature,phee,LITERATURE,-1,literature,na,na,na,na
phee:11022272_1,literature,phee,LITERATURE,-1,literature,na,na,na,na
phee:19764104_1,literature,phee,LITERATURE,-1,literature,na,na,na,na
phee:17983451_1,literature,phee,LITERATURE,-1,literature,na,na,na,na
phee:16649344_2,literature,phee,LITERATURE,-1,literature,na,na,na,na
phee:1977935_4,literature,phee,LITERATURE,-1,literature,na,na,na,na
phee:9232614_2,literature,phee,LITERATURE,-1,literature,na,na,na,na
phee:14632592_3,literature,phee,LITERATURE,-1,literature,na,na,na,na
phee:7673653_4,literature,phee,LITERATURE,-1,literature,na,na,na,na
phee:16225183_7,literature,phee,LITERATURE,-1,literature,na,na,na,na
phee:8149366_1,literature,phee,LITERATURE,-1,literature,na,na,na,na
phee:18079582_2,literature,phee,LITERATURE,-1,literature,na,na,na,na
phee:25515435_6,literature,phee,LITERATURE,-1,literature,na,na,na,na
phee:17026827_1,literature,phee,LITERATURE,-1,literature,na,na,na,na
phee:10467499_1,literature,phee,LITERATURE,-1,literature,na,na,na,na
phee:12221670_4,literature,phee,LITERATURE,-1,literature,na,na,na,na
phee:11757641_2,literature,phee,LITERATURE,-1,literature,na,na,na,na
phee:480917_1,literature,phee,LITERATURE,-1,literature,na,na,na,na
phee:7661076_2,literature,phee,LITERATURE,-1,literature,na,na,na,na
phee:9719245_4,literature,phee,LITERATURE,-1,literature,na,na,na,na
phee:9169264_2,literature,phee,LITERATURE,-1,literature,na,na,na,na
phee:16204273_1,literature,phee,LITERATURE,-1,literature,na,na,na,na
phee:11545487_1,literature,phee,LITERATURE,-1,literature,na,na,na,na
phee:6233326_3,literature,phee,LITERATURE,-1,literature,na,na,na,na
phee:1743388_1,literature,phee,LITERATURE,-1,literature,na,na,na,na
phee:8222875_3,literature,phee,LITERATURE,-1,literature,na,na,na,na
phee:9017913_1,literature,phee,LITERATURE,-1,literature,na,na,na,na
phee:6414095_4,literature,phee,LITERATURE,-1,literature,na,na,na,na
phee:3370103_1,literature,phee,LITERATURE,-1,literature,na,na,na,na
phee:11487721_1,literature,phee,LITERATURE,-1,literature,na,na,na,na
phee:19017039_2,literature,phee,LITERATURE,-1,literature,na,na,na,na
phee:3438585_5,literature,phee,LITERATURE,-1,literature,na,na,na,na
phee:19567656_3,literature,phee,LITERATURE,-1,literature,na,na,na,na
phee:15028964_3,literature,phee,LITERATURE,-1,literature,na,na,na,na
phee:12086549_4,literature,phee,LITERATURE,-1,literature,na,na,na,na
phee:9840249_2,literature,phee,LITERATURE,-1,literature,na,na,na,na
phee:15383642_14,literature,phee,LITERATURE,-1,literature,na,na,na,na
phee:17060191_1,literature,phee,LITERATURE,-1,literature,na,na,na,na
phee:8239963_2,literature,phee,LITERATURE,-1,literature,na,na,na,na
phee:10475726_3,literature,phee,LITERATURE,-1,literature,na,na,na,na
phee:6830388_1,literature,phee,LITERATURE,-1,literature,na,na,na,na
phee:9256906_1,literature,phee,LITERATURE,-1,literature,na,na,na,na
phee:6540393_1,literature,phee,LITERATURE,-1,literature,na,na,na,na
phee:8222875_2,literature,phee,LITERATURE,-1,literature,na,na,na,na
phee:4054170_3,literature,phee,LITERATURE,-1,literature,na,na,na,na
phee:9111724_1,literature,phee,LITERATURE,-1,literature,na,na,na,na
phee:19307676_2,literature,phee,LITERATURE,-1,literature,na,na,na,na
phee:10473079_1,literature,phee,LITERATURE,-1,literature,na,na,na,na
phee:6958210_1,literature,phee,LITERATURE,-1,literature,na,na,na,na
phee:12590235_3,literature,phee,LITERATURE,-1,literature,na,na,na,na
phee:9347384_2,literature,phee,LITERATURE,-1,literature,na,na,na,na
phee:10099659_2,literature,phee,LITERATURE,-1,literature,na,na,na,na
phee:19782276_1,literature,phee,LITERATURE,-1,literature,na,na,na,na
phee:15383642_11,literature,phee,LITERATURE,-1,literature,na,na,na,na
phee:11142491_2,literature,phee,LITERATURE,-1,literature,na,na,na,na
phee:12095907_2,literature,phee,LITERATURE,-1,literature,na,na,na,na
phee:6353252_3,literature,phee,LITERATURE,-1,literature,na,na,na,na
phee:9375469_3,literature,phee,LITERATURE,-1,literature,na,na,na,na
phee:19815480_1,literature,phee,LITERATURE,-1,literature,na,na,na,na
phee:17536204_4,literature,phee,LITERATURE,-1,literature,na,na,na,na
phee:9337441_8,literature,phee,LITERATURE,-1,literature,na,na,na,na
phee:11414270_5,literature,phee,LITERATURE,-1,literature,na,na,na,na
phee:15266150_1,literature,phee,LITERATURE,-1,literature,na,na,na,na
phee:21189363_3,literature,phee,LITERATURE,-1,literature,na,na,na,na
phee:18836269_1,literature,phee,LITERATURE,-1,literature,na,na,na,na
phee:17189581_16,literature,phee,LITERATURE,-1,literature,na,na,na,na
phee:18533420_2,literature,phee,LITERATURE,-1,literature,na,na,na,na
phee:8672829_5,literature,phee,LITERATURE,-1,literature,na,na,na,na
phee:18252776_1,literature,phee,LITERATURE,-1,literature,na,na,na,na
phee:17448102_2,literature,phee,LITERATURE,-1,literature,na,na,na,na
phee:2894766_4,literature,phee,LITERATURE,-1,literature,na,na,na,na
phee:4036917_2,literature,phee,LITERATURE,-1,literature,na,na,na,na
phee:14746605_2,literature,phee,LITERATURE,-1,literature,na,na,na,na
phee:12921505_1,literature,phee,LITERATURE,-1,literature,na,na,na,na
phee:6540393_2,literature,phee,LITERATURE,-1,literature,na,na,na,na
phee:17044380_2,literature,phee,LITERATURE,-1,literature,na,na,na,na
phee:18020545_1,literature,phee,LITERATURE,-1,literature,na,na,na,na
phee:11207969_4,literature,phee,LITERATURE,-1,literature,na,na,na,na
phee:11207969_2,literature,phee,LITERATURE,-1,literature,na,na,na,na
phee:8730143_3,literature,phee,LITERATURE,-1,literature,na,na,na,na
phee:1359782_1,literature,phee,LITERATURE,-1,literature,na,na,na,na
phee:23552010_2,literature,phee,LITERATURE,-1,literature,na,na,na,na
phee:10555917_2,literature,phee,LITERATURE,-1,literature,na,na,na,na
phee:21751666_3,literature,phee,LITERATURE,-1,literature,na,na,na,na
phee:10879669_1,literature,phee,LITERATURE,-1,literature,na,na,na,na
phee:16411025_3,literature,phee,LITERATURE,-1,literature,na,na,na,na
phee:25538343_1,literature,phee,LITERATURE,-1,literature,na,na,na,na
phee:16623611_2,literature,phee,LITERATURE,-1,literature,na,na,na,na
phee:10466445_2,literature,phee,LITERATURE,-1,literature,na,na,na,na
phee:10779995_1,literature,phee,LITERATURE,-1,literature,na,na,na,na
phee:15107195_2,literature,phee,LITERATURE,-1,literature,na,na,na,na
phee:25957434_4,literature,phee,LITERATURE,-1,literature,na,na,na,na
phee:16062101_3,literature,phee,LITERATURE,-1,literature,na,na,na,na
phee:12751276_1,literature,phee,LITERATURE,-1,literature,na,na,na,na
phee:18067642_3,literature,phee,LITERATURE,-1,literature,na,na,na,na
phee:15300114_1,literature,phee,LITERATURE,-1,literature,na,na,na,na
phee:2979256_2,literature,phee,LITERATURE,-1,literature,na,na,na,na
phee:7919557_1,literature,phee,LITERATURE,-1,literature,na,na,na,na
phee:19567656_4,literature,phee,LITERATURE,-1,literature,na,na,na,na
phee:11431864_1,literature,phee,LITERATURE,-1,literature,na,na,na,na
phee:16649344_3,literature,phee,LITERATURE,-1,literature,na,na,na,na
phee:21512888_7,literature,phee,LITERATURE,-1,literature,na,na,na,na
phee:15729090_1,literature,phee,LITERATURE,-1,literature,na,na,na,na
phee:3391110_1,literature,phee,LITERATURE,-1,literature,na,na,na,na
phee:7496198_6,literature,phee,LITERATURE,-1,literature,na,na,na,na
phee:426502_1,literature,phee,LITERATURE,-1,literature,na,na,na,na
phee:2147700_1,literature,phee,LITERATURE,-1,literature,na,na,na,na
phee:19949685_4,literature,phee,LITERATURE,-1,literature,na,na,na,na
phee:18379937_1,literature,phee,LITERATURE,-1,literature,na,na,na,na
phee:15479299_1,literature,phee,LITERATURE,-1,literature,na,na,na,na
phee:2595431_2,literature,phee,LITERATURE,-1,literature,na,na,na,na
phee:8461228_1,literature,phee,LITERATURE,-1,literature,na,na,na,na
phee:17873198_3,literature,phee,LITERATURE,-1,literature,na,na,na,na
phee:11144696_4,literature,phee,LITERATURE,-1,literature,na,na,na,na
phee:19707032_3,literature,phee,LITERATURE,-1,literature,na,na,na,na
phee:11174414_1,literature,phee,LITERATURE,-1,literature,na,na,na,na
phee:9476721_2,literature,phee,LITERATURE,-1,literature,na,na,na,na
phee:20412003_2,literature,phee,LITERATURE,-1,literature,na,na,na,na
phee:21728158_4,literature,phee,LITERATURE,-1,literature,na,na,na,na
phee:7668127_1,literature,phee,LITERATURE,-1,literature,na,na,na,na
phee:10395123_3,literature,phee,LITERATURE,-1,literature,na,na,na,na
phee:10803790_2,literature,phee,LITERATURE,-1,literature,na,na,na,na
phee:9042097_1,literature,phee,LITERATURE,-1,literature,na,na,na,na
phee:10981493_3,literature,phee,LITERATURE,-1,literature,na,na,na,na
phee:11225565_6,literature,phee,LITERATURE,-1,literature,na,na,na,na
phee:10688731_2,literature,phee,LITERATURE,-1,literature,na,na,na,na
phee:14526130_1,literature,phee,LITERATURE,-1,literature,na,na,na,na
phee:18362995_3,literature,phee,LITERATURE,-1,literature,na,na,na,na
phee:12923827_1,literature,phee,LITERATURE,-1,literature,na,na,na,na
phee:17655517_5,literature,phee,LITERATURE,-1,literature,na,na,na,na
phee:1849334_1,literature,phee,LITERATURE,-1,literature,na,na,na,na
phee:15494638_16,literature,phee,LITERATURE,-1,literature,na,na,na,na
phee:7962394_2,literature,phee,LITERATURE,-1,literature,na,na,na,na
phee:17188061_1,literature,phee,LITERATURE,-1,literature,na,na,na,na
phee:11033734_3,literature,phee,LITERATURE,-1,literature,na,na,na,na
phee:9013348_1,literature,phee,LITERATURE,-1,literature,na,na,na,na
phee:18721173_3,literature,phee,LITERATURE,-1,literature,na,na,na,na
phee:18585545_1,literature,phee,LITERATURE,-1,literature,na,na,na,na
phee:17473493_1,literature,phee,LITERATURE,-1,literature,na,na,na,na
phee:15162903_4,literature,phee,LITERATURE,-1,literature,na,na,na,na
phee:11943900_1,literature,phee,LITERATURE,-1,literature,na,na,na,na
phee:58443_1,literature,phee,LITERATURE,-1,literature,na,na,na,na
phee:12460237_3,literature,phee,LITERATURE,-1,literature,na,na,na,na
phee:9205466_3,literature,phee,LITERATURE,-1,literature,na,na,na,na
phee:426502_2,literature,phee,LITERATURE,-1,literature,na,na,na,na
phee:6484655_2,literature,phee,LITERATURE,-1,literature,na,na,na,na
phee:6692713_4,literature,phee,LITERATURE,-1,literature,na,na,na,na
phee:7752014_1,literature,phee,LITERATURE,-1,literature,na,na,na,na
phee:18810448_2,literature,phee,LITERATURE,-1,literature,na,na,na,na
phee:24846936_1,literature,phee,LITERATURE,-1,literature,na,na,na,na
phee:7900744_4,literature,phee,LITERATURE,-1,literature,na,na,na,na
phee:18665833_3,literature,phee,LITERATURE,-1,literature,na,na,na,na
phee:16641839_1,literature,phee,LITERATURE,-1,literature,na,na,na,na
phee:9195619_2,literature,phee,LITERATURE,-1,literature,na,na,na,na
phee:12860350_2,literature,phee,LITERATURE,-1,literature,na,na,na,na
phee:12773807_1,literature,phee,LITERATURE,-1,literature,na,na,na,na
phee:3417739_2,literature,phee,LITERATURE,-1,literature,na,na,na,na
phee:3128415_1,literature,phee,LITERATURE,-1,literature,na,na,na,na
phee:19567656_1,literature,phee,LITERATURE,-1,literature,na,na,na,na
phee:16225183_1,literature,phee,LITERATURE,-1,literature,na,na,na,na
phee:7937287_8,literature,phee,LITERATURE,-1,literature,na,na,na,na
phee:9642842_2,literature,phee,LITERATURE,-1,literature,na,na,na,na
phee:10772434_1,literature,phee,LITERATURE,-1,literature,na,na,na,na
phee:18453852_16,literature,phee,LITERATURE,-1,literature,na,na,na,na
phee:15504988_2,literature,phee,LITERATURE,-1,literature,na,na,na,na
phee:12923827_4,literature,phee,LITERATURE,-1,literature,na,na,na,na
phee:14960440_3,literature,phee,LITERATURE,-1,literature,na,na,na,na
phee:10774758_2,literature,phee,LITERATURE,-1,literature,na,na,na,na
phee:11111942_1,literature,phee,LITERATURE,-1,literature,na,na,na,na
phee:9876809_3,literature,phee,LITERATURE,-1,literature,na,na,na,na
phee:71813_4,literature,phee,LITERATURE,-1,literature,na,na,na,na
phee:8828999_3,literature,phee,LITERATURE,-1,literature,na,na,na,na
phee:7647084_1,literature,phee,LITERATURE,-1,literature,na,na,na,na
phee:15239684_2,literature,phee,LITERATURE,-1,literature,na,na,na,na
phee:10749332_1,literature,phee,LITERATURE,-1,literature,na,na,na,na
phee:2887555_1,literature,phee,LITERATURE,-1,literature,na,na,na,na
phee:9220046_4,literature,phee,LITERATURE,-1,literature,na,na,na,na
phee:17189581_3,literature,phee,LITERATURE,-1,literature,na,na,na,na
phee:2768785_2,literature,phee,LITERATURE,-1,literature,na,na,na,na
phee:2320800_1,literature,phee,LITERATURE,-1,literature,na,na,na,na
phee:15013892_2,literature,phee,LITERATURE,-1,literature,na,na,na,na
phee:10987357_7,literature,phee,LITERATURE,-1,literature,na,na,na,na
phee:19018868_3,literature,phee,LITERATURE,-1,literature,na,na,na,na
phee:3569037_4,literature,phee,LITERATURE,-1,literature,na,na,na,na
phee:3310776_3,literature,phee,LITERATURE,-1,literature,na,na,na,na
phee:9100429_3,literature,phee,LITERATURE,-1,literature,na,na,na,na
phee:9972383_2,literature,phee,LITERATURE,-1,literature,na,na,na,na
phee:424824_6,literature,phee,LITERATURE,-1,literature,na,na,na,na
phee:9876812_1,literature,phee,LITERATURE,-1,literature,na,na,na,na
phee:19995690_4,literature,phee,LITERATURE,-1,literature,na,na,na,na
phee:16935446_1,literature,phee,LITERATURE,-1,literature,na,na,na,na
phee:15628319_4,literature,phee,LITERATURE,-1,literature,na,na,na,na
phee:12776809_1,literature,phee,LITERATURE,-1,literature,na,na,na,na
phee:15580406_3,literature,phee,LITERATURE,-1,literature,na,na,na,na
phee:11206417_1,literature,phee,LITERATURE,-1,literature,na,na,na,na
phee:4025011_2,literature,phee,LITERATURE,-1,literature,na,na,na,na
phee:1504404_3,literature,phee,LITERATURE,-1,literature,na,na,na,na
phee:7673653_1,literature,phee,LITERATURE,-1,literature,na,na,na,na
phee:8862924_3,literature,phee,LITERATURE,-1,literature,na,na,na,na
phee:2028358_2,literature,phee,LITERATURE,-1,literature,na,na,na,na
phee:11144696_10,literature,phee,LITERATURE,-1,literature,na,na,na,na
phee:9184269_2,literature,phee,LITERATURE,-1,literature,na,na,na,na
phee:3677571_4,literature,phee,LITERATURE,-1,literature,na,na,na,na
phee:9211543_4,literature,phee,LITERATURE,-1,literature,na,na,na,na
phee:16968538_4,literature,phee,LITERATURE,-1,literature,na,na,na,na
phee:16632429_1,literature,phee,LITERATURE,-1,literature,na,na,na,na
phee:9240497_1,literature,phee,LITERATURE,-1,literature,na,na,na,na
phee:10439378_1,literature,phee,LITERATURE,-1,literature,na,na,na,na
phee:15840734_1,literature,phee,LITERATURE,-1,literature,na,na,na,na
phee:19039026_1,literature,phee,LITERATURE,-1,literature,na,na,na,na
phee:8222875_4,literature,phee,LITERATURE,-1,literature,na,na,na,na
phee:6529939_2,literature,phee,LITERATURE,-1,literature,na,na,na,na
phee:9399776_4,literature,phee,LITERATURE,-1,literature,na,na,na,na
phee:17896898_4,literature,phee,LITERATURE,-1,literature,na,na,na,na
phee:9375469_2,literature,phee,LITERATURE,-1,literature,na,na,na,na
phee:3485422_1,literature,phee,LITERATURE,-1,literature,na,na,na,na
phee:11876387_2,literature,phee,LITERATURE,-1,literature,na,na,na,na
phee:11837564_2,literature,phee,LITERATURE,-1,literature,na,na,na,na
phee:8979664_1,literature,phee,LITERATURE,-1,literature,na,na,na,na
phee:12860350_1,literature,phee,LITERATURE,-1,literature,na,na,na,na
phee:18094347_3,literature,phee,LITERATURE,-1,literature,na,na,na,na
phee:15028964_5,literature,phee,LITERATURE,-1,literature,na,na,na,na
phee:25157214_3,literature,phee,LITERATURE,-1,literature,na,na,na,na
phee:14693027_1,literature,phee,LITERATURE,-1,literature,na,na,na,na
phee:9754850_3,literature,phee,LITERATURE,-1,literature,na,na,na,na
phee:122410_1,literature,phee,LITERATURE,-1,literature,na,na,na,na
phee:18344455_5,literature,phee,LITERATURE,-1,literature,na,na,na,na
phee:984862_2,literature,phee,LITERATURE,-1,literature,na,na,na,na
phee:3677571_1,literature,phee,LITERATURE,-1,literature,na,na,na,na
phee:9545161_1,literature,phee,LITERATURE,-1,literature,na,na,na,na
phee:11881322_5,literature,phee,LITERATURE,-1,literature,na,na,na,na
phee:6233326_2,literature,phee,LITERATURE,-1,literature,na,na,na,na
phee:19520277_1,literature,phee,LITERATURE,-1,literature,na,na,na,na
phee:7606071_5,literature,phee,LITERATURE,-1,literature,na,na,na,na
phee:9169264_3,literature,phee,LITERATURE,-1,literature,na,na,na,na
phee:9855339_1,literature,phee,LITERATURE,-1,literature,na,na,na,na
phee:8771575_4,literature,phee,LITERATURE,-1,literature,na,na,na,na
phee:18644535_1,literature,phee,LITERATURE,-1,literature,na,na,na,na
phee:14740795_4,literature,phee,LITERATURE,-1,literature,na,na,na,na
phee:3528096_1,literature,phee,LITERATURE,-1,literature,na,na,na,na
phee:17122225_5,literature,phee,LITERATURE,-1,literature,na,na,na,na
phee:10779995_2,literature,phee,LITERATURE,-1,literature,na,na,na,na
phee:20666169_1,literature,phee,LITERATURE,-1,literature,na,na,na,na
phee:19697589_3,literature,phee,LITERATURE,-1,literature,na,na,na,na
phee:7272895_1,literature,phee,LITERATURE,-1,literature,na,na,na,na
phee:10885900_2,literature,phee,LITERATURE,-1,literature,na,na,na,na
phee:2746565_2,literature,phee,LITERATURE,-1,literature,na,na,na,na
phee:9161656_1,literature,phee,LITERATURE,-1,literature,na,na,na,na
phee:8749646_3,literature,phee,LITERATURE,-1,literature,na,na,na,na
phee:2413037_1,literature,phee,LITERATURE,-1,literature,na,na,na,na
phee:15878975_1,literature,phee,LITERATURE,-1,literature,na,na,na,na
phee:2042691_1,literature,phee,LITERATURE,-1,literature,na,na,na,na
phee:11700998_1,literature,phee,LITERATURE,-1,literature,na,na,na,na
phee:19183077_1,literature,phee,LITERATURE,-1,literature,na,na,na,na
phee:17965530_1,literature,phee,LITERATURE,-1,literature,na,na,na,na
phee:8749646_1,literature,phee,LITERATURE,-1,literature,na,na,na,na
phee:12013364_2,literature,phee,LITERATURE,-1,literature,na,na,na,na
phee:20118434_4,literature,phee,LITERATURE,-1,literature,na,na,na,na
phee:1495728_4,literature,phee,LITERATURE,-1,literature,na,na,na,na
phee:16371793_12,literature,phee,LITERATURE,-1,literature,na,na,na,na
phee:17277758_1,literature,phee,LITERATURE,-1,literature,na,na,na,na
phee:25957434_3,literature,phee,LITERATURE,-1,literature,na,na,na,na
phee:1775411_2,literature,phee,LITERATURE,-1,literature,na,na,na,na
phee:19660974_2,literature,phee,LITERATURE,-1,literature,na,na,na,na
phee:6529939_4,literature,phee,LITERATURE,-1,literature,na,na,na,na
phee:1517501_4,literature,phee,LITERATURE,-1,literature,na,na,na,na
phee:18379937_2,literature,phee,LITERATURE,-1,literature,na,na,na,na
phee:2979256_1,literature,phee,LITERATURE,-1,literature,na,na,na,na
phee:15097937_1,literature,phee,LITERATURE,-1,literature,na,na,na,na
phee:2728526_2,literature,phee,LITERATURE,-1,literature,na,na,na,na
phee:2051906_2,literature,phee,LITERATURE,-1,literature,na,na,na,na
phee:9554064_4,literature,phee,LITERATURE,-1,literature,na,na,na,na
phee:9653495_6,literature,phee,LITERATURE,-1,literature,na,na,na,na
phee:9347384_3,literature,phee,LITERATURE,-1,literature,na,na,na,na
phee:11850606_2,literature,phee,LITERATURE,-1,literature,na,na,na,na
phee:16005413_2,literature,phee,LITERATURE,-1,literature,na,na,na,na
phee:480917_2,literature,phee,LITERATURE,-1,literature,na,na,na,na
phee:2554727_4,literature,phee,LITERATURE,-1,literature,na,na,na,na
phee:1509179_3,literature,phee,LITERATURE,-1,literature,na,na,na,na
phee:15580406_2,literature,phee,LITERATURE,-1,literature,na,na,na,na
phee:12581772_2,literature,phee,LITERATURE,-1,literature,na,na,na,na
phee:19104709_1,literature,phee,LITERATURE,-1,literature,na,na,na,na
phee:15795553_2,literature,phee,LITERATURE,-1,literature,na,na,na,na
phee:17556909_2,literature,phee,LITERATURE,-1,literature,na,na,na,na
phee:11918514_4,literature,phee,LITERATURE,-1,literature,na,na,na,na
phee:21712512_6,literature,phee,LITERATURE,-1,literature,na,na,na,na
phee:10566542_1,literature,phee,LITERATURE,-1,literature,na,na,na,na
phee:7854541_3,literature,phee,LITERATURE,-1,literature,na,na,na,na
phee:10589077_6,literature,phee,LITERATURE,-1,literature,na,na,na,na
phee:19299370_1,literature,phee,LITERATURE,-1,literature,na,na,na,na
phee:11788010_5,literature,phee,LITERATURE,-1,literature,na,na,na,na
phee:2781955_2,literature,phee,LITERATURE,-1,literature,na,na,na,na
phee:2292051_2,literature,phee,LITERATURE,-1,literature,na,na,na,na
phee:10891991_6,literature,phee,LITERATURE,-1,literature,na,na,na,na
phee:6744146_1,literature,phee,LITERATURE,-1,literature,na,na,na,na
phee:1879988_3,literature,phee,LITERATURE,-1,literature,na,na,na,na
phee:19764104_2,literature,phee,LITERATURE,-1,literature,na,na,na,na
phee:10660641_9,literature,phee,LITERATURE,-1,literature,na,na,na,na
phee:14679124_3,literature,phee,LITERATURE,-1,literature,na,na,na,na
phee:11328247_2,literature,phee,LITERATURE,-1,literature,na,na,na,na
phee:2935070_3,literature,phee,LITERATURE,-1,literature,na,na,na,na
phee:21417793_10,literature,phee,LITERATURE,-1,literature,na,na,na,na
phee:10099659_9,literature,phee,LITERATURE,-1,literature,na,na,na,na
phee:110153_1,literature,phee,LITERATURE,-1,literature,na,na,na,na
phee:16623611_3,literature,phee,LITERATURE,-1,literature,na,na,na,na
phee:4004433_4,literature,phee,LITERATURE,-1,literature,na,na,na,na
phee:16176119_2,literature,phee,LITERATURE,-1,literature,na,na,na,na
phee:19520277_2,literature,phee,LITERATURE,-1,literature,na,na,na,na
phee:16421117_2,literature,phee,LITERATURE,-1,literature,na,na,na,na
phee:8384030_3,literature,phee,LITERATURE,-1,literature,na,na,na,na
phee:667809_1,literature,phee,LITERATURE,-1,literature,na,na,na,na
phee:15729090_3,literature,phee,LITERATURE,-1,literature,na,na,na,na
phee:15494638_18,literature,phee,LITERATURE,-1,literature,na,na,na,na
phee:19034138_2,literature,phee,LITERATURE,-1,literature,na,na,na,na
phee:1635565_1,literature,phee,LITERATURE,-1,literature,na,na,na,na
phee:10981493_2,literature,phee,LITERATURE,-1,literature,na,na,na,na
phee:21712512_10,literature,phee,LITERATURE,-1,literature,na,na,na,na
phee:17671884_1,literature,phee,LITERATURE,-1,literature,na,na,na,na
phee:1765991_1,literature,phee,LITERATURE,-1,literature,na,na,na,na
phee:16997047_2,literature,phee,LITERATURE,-1,literature,na,na,na,na
phee:16945058_2,literature,phee,LITERATURE,-1,literature,na,na,na,na
phee:9302445_4,literature,phee,LITERATURE,-1,literature,na,na,na,na
phee:1592841_2,literature,phee,LITERATURE,-1,literature,na,na,na,na
phee:150825_2,literature,phee,LITERATURE,-1,literature,na,na,na,na
phee:18294121_2,literature,phee,LITERATURE,-1,literature,na,na,na,na
phee:8255797_1,literature,phee,LITERATURE,-1,literature,na,na,na,na
phee:9796135_1,literature,phee,LITERATURE,-1,literature,na,na,na,na
phee:1860779_1,literature,phee,LITERATURE,-1,literature,na,na,na,na
phee:1356045_2,literature,phee,LITERATURE,-1,literature,na,na,na,na
phee:17444802_2,literature,phee,LITERATURE,-1,literature,na,na,na,na
phee:17044380_1,literature,phee,LITERATURE,-1,literature,na,na,na,na
phee:17026827_2,literature,phee,LITERATURE,-1,literature,na,na,na,na
phee:19567656_5,literature,phee,LITERATURE,-1,literature,na,na,na,na
phee:11030530_1,literature,phee,LITERATURE,-1,literature,na,na,na,na
phee:7351000_1,literature,phee,LITERATURE,-1,literature,na,na,na,na
phee:15694139_7,literature,phee,LITERATURE,-1,literature,na,na,na,na
phee:11174414_2,literature,phee,LITERATURE,-1,literature,na,na,na,na
phee:17260498_4,literature,phee,LITERATURE,-1,literature,na,na,na,na
phee:10732843_5,literature,phee,LITERATURE,-1,literature,na,na,na,na
phee:21712512_1,literature,phee,LITERATURE,-1,literature,na,na,na,na
phee:1722991_2,literature,phee,LITERATURE,-1,literature,na,na,na,na
phee:10891991_7,literature,phee,LITERATURE,-1,literature,na,na,na,na
phee:11225532_2,literature,phee,LITERATURE,-1,literature,na,na,na,na
phee:16882112_3,literature,phee,LITERATURE,-1,literature,na,na,na,na
phee:2554727_3,literature,phee,LITERATURE,-1,literature,na,na,na,na
phee:9315405_1,literature,phee,LITERATURE,-1,literature,na,na,na,na
phee:10102531_1,literature,phee,LITERATURE,-1,literature,na,na,na,na
phee:11816261_5,literature,phee,LITERATURE,-1,literature,na,na,na,na
phee:448845_4,literature,phee,LITERATURE,-1,literature,na,na,na,na
phee:12584153_3,literature,phee,LITERATURE,-1,literature,na,na,na,na
phee:18094347_4,literature,phee,LITERATURE,-1,literature,na,na,na,na
phee:19733945_2,literature,phee,LITERATURE,-1,literature,na,na,na,na
phee:8181372_2,literature,phee,LITERATURE,-1,literature,na,na,na,na
phee:10749332_4,literature,phee,LITERATURE,-1,literature,na,na,na,na
phee:7814182_1,literature,phee,LITERATURE,-1,literature,na,na,na,na
phee:16453964_1,literature,phee,LITERATURE,-1,literature,na,na,na,na
phee:2406680_3,literature,phee,LITERATURE,-1,literature,na,na,na,na
phee:7893301_3,literature,phee,LITERATURE,-1,literature,na,na,na,na
phee:19537383_4,literature,phee,LITERATURE,-1,literature,na,na,na,na
phee:16480245_1,literature,phee,LITERATURE,-1,literature,na,na,na,na
phee:9855339_4,literature,phee,LITERATURE,-1,literature,na,na,na,na
phee:9184269_4,literature,phee,LITERATURE,-1,literature,na,na,na,na
phee:12862258_1,literature,phee,LITERATURE,-1,literature,na,na,na,na
phee:16498048_1,literature,phee,LITERATURE,-1,literature,na,na,na,na
phee:15866658_4,literature,phee,LITERATURE,-1,literature,na,na,na,na
phee:15727358_1,literature,phee,LITERATURE,-1,literature,na,na,na,na
phee:19104709_3,literature,phee,LITERATURE,-1,literature,na,na,na,na
phee:9407188_2,literature,phee,LITERATURE,-1,literature,na,na,na,na
phee:18344734_2,literature,phee,LITERATURE,-1,literature,na,na,na,na
phee:6733633_2,literature,phee,LITERATURE,-1,literature,na,na,na,na
phee:19745701_2,literature,phee,LITERATURE,-1,literature,na,na,na,na
phee:11077455_5,literature,phee,LITERATURE,-1,literature,na,na,na,na
phee:9177620_1,literature,phee,LITERATURE,-1,literature,na,na,na,na
phee:24791374_4,literature,phee,LITERATURE,-1,literature,na,na,na,na
phee:18665833_1,literature,phee,LITERATURE,-1,literature,na,na,na,na
phee:12187348_6,literature,phee,LITERATURE,-1,literature,na,na,na,na
phee:24791374_2,literature,phee,LITERATURE,-1,literature,na,na,na,na
phee:9512187_1,literature,phee,LITERATURE,-1,literature,na,na,na,na
phee:12875956_3,literature,phee,LITERATURE,-1,literature,na,na,na,na
phee:15034704_3,literature,phee,LITERATURE,-1,literature,na,na,na,na
phee:17671884_9,literature,phee,LITERATURE,-1,literature,na,na,na,na
phee:24163322_4,literature,phee,LITERATURE,-1,literature,na,na,na,na
phee:16432996_4,literature,phee,LITERATURE,-1,literature,na,na,na,na
phee:15785053_2,literature,phee,LITERATURE,-1,literature,na,na,na,na
phee:8239963_3,literature,phee,LITERATURE,-1,literature,na,na,na,na
phee:16540070_3,literature,phee,LITERATURE,-1,literature,na,na,na,na
phee:17547624_1,literature,phee,LITERATURE,-1,literature,na,na,na,na
phee:17404582_2,literature,phee,LITERATURE,-1,literature,na,na,na,na
phee:15628319_1,literature,phee,LITERATURE,-1,literature,na,na,na,na
phee:11212595_1,literature,phee,LITERATURE,-1,literature,na,na,na,na
phee:17852449_1,literature,phee,LITERATURE,-1,literature,na,na,na,na
phee:19687711_6,literature,phee,LITERATURE,-1,literature,na,na,na,na
phee:665845_1,literature,phee,LITERATURE,-1,literature,na,na,na,na
phee:12187348_2,literature,phee,LITERATURE,-1,literature,na,na,na,na
phee:10482872_2,literature,phee,LITERATURE,-1,literature,na,na,na,na
phee:18176653_2,literature,phee,LITERATURE,-1,literature,na,na,na,na
phee:16484748_1,literature,phee,LITERATURE,-1,literature,na,na,na,na
phee:14674674_4,literature,phee,LITERATURE,-1,literature,na,na,na,na
phee:16882112_2,literature,phee,LITERATURE,-1,literature,na,na,na,na
phee:11424102_5,literature,phee,LITERATURE,-1,literature,na,na,na,na
phee:20412003_4,literature,phee,LITERATURE,-1,literature,na,na,na,na
phee:10589077_3,literature,phee,LITERATURE,-1,literature,na,na,na,na
phee:8276031_1,literature,phee,LITERATURE,-1,literature,na,na,na,na
phee:19782276_10,literature,phee,LITERATURE,-1,literature,na,na,na,na
phee:7351000_4,literature,phee,LITERATURE,-1,literature,na,na,na,na
phee:1584367_1,literature,phee,LITERATURE,-1,literature,na,na,na,na
phee:3438585_6,literature,phee,LITERATURE,-1,literature,na,na,na,na
phee:11443640_1,literature,phee,LITERATURE,-1,literature,na,na,na,na
phee:15331204_4,literature,phee,LITERATURE,-1,literature,na,na,na,na
phee:6453500_1,literature,phee,LITERATURE,-1,literature,na,na,na,na
phee:10904571_1,literature,phee,LITERATURE,-1,literature,na,na,na,na
phee:9824032_2,literature,phee,LITERATURE,-1,literature,na,na,na,na
phee:16404563_4,literature,phee,LITERATURE,-1,literature,na,na,na,na
phee:8835752_1,literature,phee,LITERATURE,-1,literature,na,na,na,na
phee:3790438_2,literature,phee,LITERATURE,-1,literature,na,na,na,na
phee:11703329_1,literature,phee,LITERATURE,-1,literature,na,na,na,na
phee:19299370_3,literature,phee,LITERATURE,-1,literature,na,na,na,na
phee:12581772_1,literature,phee,LITERATURE,-1,literature,na,na,na,na
phee:19667003_15,literature,phee,LITERATURE,-1,literature,na,na,na,na
phee:16641839_4,literature,phee,LITERATURE,-1,literature,na,na,na,na
phee:8140860_5,literature,phee,LITERATURE,-1,literature,na,na,na,na
phee:19897274_4,literature,phee,LITERATURE,-1,literature,na,na,na,na
phee:19667003_3,literature,phee,LITERATURE,-1,literature,na,na,na,na
phee:18676387_3,literature,phee,LITERATURE,-1,literature,na,na,na,na
phee:16889287_1,literature,phee,LITERATURE,-1,literature,na,na,na,na
phee:15806568_3,literature,phee,LITERATURE,-1,literature,na,na,na,na
phee:1124417_2,literature,phee,LITERATURE,-1,literature,na,na,na,na
phee:12424571_1,literature,phee,LITERATURE,-1,literature,na,na,na,na
phee:12587815_1,literature,phee,LITERATURE,-1,literature,na,na,na,na
phee:17526968_4,literature,phee,LITERATURE,-1,literature,na,na,na,na
phee:11243427_5,literature,phee,LITERATURE,-1,literature,na,na,na,na
phee:2295443_1,literature,phee,LITERATURE,-1,literature,na,na,na,na
phee:2224786_1,literature,phee,LITERATURE,-1,literature,na,na,na,na
phee:10466445_7,literature,phee,LITERATURE,-1,literature,na,na,na,na
phee:11373877_1,literature,phee,LITERATURE,-1,literature,na,na,na,na
phee:11243427_4,literature,phee,LITERATURE,-1,literature,na,na,na,na
phee:2595431_1,literature,phee,LITERATURE,-1,literature,na,na,na,na
phee:19307676_1,literature,phee,LITERATURE,-1,literature,na,na,na,na
phee:25407257_4,literature,phee,LITERATURE,-1,literature,na,na,na,na
phee:3465489_1,literature,phee,LITERATURE,-1,literature,na,na,na,na
phee:8816294_2,literature,phee,LITERATURE,-1,literature,na,na,na,na
phee:15735923_8,literature,phee,LITERATURE,-1,literature,na,na,na,na
phee:11093071_3,literature,phee,LITERATURE,-1,literature,na,na,na,na
phee:17381671_2,literature,phee,LITERATURE,-1,literature,na,na,na,na
phee:2586773_2,literature,phee,LITERATURE,-1,literature,na,na,na,na
phee:10482872_3,literature,phee,LITERATURE,-1,literature,na,na,na,na
phee:2931445_1,literature,phee,LITERATURE,-1,literature,na,na,na,na
phee:1295628_1,literature,phee,LITERATURE,-1,literature,na,na,na,na
phee:8038468_1,literature,phee,LITERATURE,-1,literature,na,na,na,na
phee:7653281_8,literature,phee,LITERATURE,-1,literature,na,na,na,na
phee:17671884_8,literature,phee,LITERATURE,-1,literature,na,na,na,na
phee:3430507_4,literature,phee,LITERATURE,-1,literature,na,na,na,na
phee:15203443_2,literature,phee,LITERATURE,-1,literature,na,na,na,na
phee:1504404_2,literature,phee,LITERATURE,-1,literature,na,na,na,na
phee:15694139_2,literature,phee,LITERATURE,-1,literature,na,na,na,na
phee:24318743_1,literature,phee,LITERATURE,-1,literature,na,na,na,na
phee:1688693_5,literature,phee,LITERATURE,-1,literature,na,na,na,na
phee:15806568_2,literature,phee,LITERATURE,-1,literature,na,na,na,na
phee:19116715_1,literature,phee,LITERATURE,-1,literature,na,na,na,na
phee:16411025_4,literature,phee,LITERATURE,-1,literature,na,na,na,na
phee:17547624_2,literature,phee,LITERATURE,-1,literature,na,na,na,na
phee:25957434_2,literature,phee,LITERATURE,-1,literature,na,na,na,na
phee:3365032_2,literature,phee,LITERATURE,-1,literature,na,na,na,na
phee:8862924_2,literature,phee,LITERATURE,-1,literature,na,na,na,na
phee:2956288_4,literature,phee,LITERATURE,-1,literature,na,na,na,na
phee:788666_3,literature,phee,LITERATURE,-1,literature,na,na,na,na
phee:8749646_2,literature,phee,LITERATURE,-1,literature,na,na,na,na
phee:11424102_1,literature,phee,LITERATURE,-1,literature,na,na,na,na
phee:19145124_3,literature,phee,LITERATURE,-1,literature,na,na,na,na
phee:9972383_1,literature,phee,LITERATURE,-1,literature,na,na,na,na
phee:18784429_2,literature,phee,LITERATURE,-1,literature,na,na,na,na
phee:17420198_2,literature,phee,LITERATURE,-1,literature,na,na,na,na
phee:2378415_1,literature,phee,LITERATURE,-1,literature,na,na,na,na
phee:20298401_11,literature,phee,LITERATURE,-1,literature,na,na,na,na
phee:16156485_1,literature,phee,LITERATURE,-1,literature,na,na,na,na
phee:8363533_3,literature,phee,LITERATURE,-1,literature,na,na,na,na
phee:2006943_2,literature,phee,LITERATURE,-1,literature,na,na,na,na
phee:4095247_2,literature,phee,LITERATURE,-1,literature,na,na,na,na
phee:19725909_1,literature,phee,LITERATURE,-1,literature,na,na,na,na
phee:6498095_3,literature,phee,LITERATURE,-1,literature,na,na,na,na
phee:11816261_2,literature,phee,LITERATURE,-1,literature,na,na,na,na
phee:9260733_2,literature,phee,LITERATURE,-1,literature,na,na,na,na
phee:8053440_5,literature,phee,LITERATURE,-1,literature,na,na,na,na
phee:8071504_5,literature,phee,LITERATURE,-1,literature,na,na,na,na
phee:16239768_2,literature,phee,LITERATURE,-1,literature,na,na,na,na
phee:8651254_3,literature,phee,LITERATURE,-1,literature,na,na,na,na
phee:14996269_2,literature,phee,LITERATURE,-1,literature,na,na,na,na
phee:8384030_2,literature,phee,LITERATURE,-1,literature,na,na,na,na
phee:9232614_3,literature,phee,LITERATURE,-1,literature,na,na,na,na
phee:15261876_1,literature,phee,LITERATURE,-1,literature,na,na,na,na
phee:18633310_2,literature,phee,LITERATURE,-1,literature,na,na,na,na
phee:1440123_1,literature,phee,LITERATURE,-1,literature,na,na,na,na
phee:17199845_1,literature,phee,LITERATURE,-1,literature,na,na,na,na
phee:3335488_1,literature,phee,LITERATURE,-1,literature,na,na,na,na
phee:11722307_3,literature,phee,LITERATURE,-1,literature,na,na,na,na
phee:1575118_1,literature,phee,LITERATURE,-1,literature,na,na,na,na
phee:2554727_5,literature,phee,LITERATURE,-1,literature,na,na,na,na
phee:17444802_1,literature,phee,LITERATURE,-1,literature,na,na,na,na
phee:18504683_1,literature,phee,LITERATURE,-1,literature,na,na,na,na
phee:9184269_3,literature,phee,LITERATURE,-1,literature,na,na,na,na
phee:3899068_1,literature,phee,LITERATURE,-1,literature,na,na,na,na
phee:9892272_1,literature,phee,LITERATURE,-1,literature,na,na,na,na
phee:11881322_7,literature,phee,LITERATURE,-1,literature,na,na,na,na
phee:14998226_2,literature,phee,LITERATURE,-1,literature,na,na,na,na
phee:1295628_4,literature,phee,LITERATURE,-1,literature,na,na,na,na
phee:19892516_1,literature,phee,LITERATURE,-1,literature,na,na,na,na
phee:8691927_4,literature,phee,LITERATURE,-1,literature,na,na,na,na
phee:10614572_2,literature,phee,LITERATURE,-1,literature,na,na,na,na
phee:8678015_3,literature,phee,LITERATURE,-1,literature,na,na,na,na
phee:17655517_1,literature,phee,LITERATURE,-1,literature,na,na,na,na
phee:7538828_1,literature,phee,LITERATURE,-1,literature,na,na,na,na
phee:3124393_1,literature,phee,LITERATURE,-1,literature,na,na,na,na
phee:8513656_10,literature,phee,LITERATURE,-1,literature,na,na,na,na
phee:3579660_2,literature,phee,LITERATURE,-1,literature,na,na,na,na
phee:10779995_3,literature,phee,LITERATURE,-1,literature,na,na,na,na
phee:7781845_10,literature,phee,LITERATURE,-1,literature,na,na,na,na
phee:11414270_15,literature,phee,LITERATURE,-1,literature,na,na,na,na
phee:15685264_11,literature,phee,LITERATURE,-1,literature,na,na,na,na
phee:19307676_3,literature,phee,LITERATURE,-1,literature,na,na,na,na
phee:3767790_1,literature,phee,LITERATURE,-1,literature,na,na,na,na
phee:1747495_1,literature,phee,LITERATURE,-1,literature,na,na,na,na
phee:10461415_2,literature,phee,LITERATURE,-1,literature,na,na,na,na
phee:12243603_1,literature,phee,LITERATURE,-1,literature,na,na,na,na
phee:7900744_1,literature,phee,LITERATURE,-1,literature,na,na,na,na
phee:8710040_1,literature,phee,LITERATURE,-1,literature,na,na,na,na
phee:16527771_2,literature,phee,LITERATURE,-1,literature,na,na,na,na
phee:16200540_1,literature,phee,LITERATURE,-1,literature,na,na,na,na
phee:15752306_6,literature,phee,LITERATURE,-1,literature,na,na,na,na
phee:11399735_1,literature,phee,LITERATURE,-1,literature,na,na,na,na
phee:21104646_1,literature,phee,LITERATURE,-1,literature,na,na,na,na
phee:16109609_2,literature,phee,LITERATURE,-1,literature,na,na,na,na
phee:15266150_2,literature,phee,LITERATURE,-1,literature,na,na,na,na
phee:25957434_1,literature,phee,LITERATURE,-1,literature,na,na,na,na
phee:11020127_3,literature,phee,LITERATURE,-1,literature,na,na,na,na
phee:17083900_1,literature,phee,LITERATURE,-1,literature,na,na,na,na
phee:11225532_1,literature,phee,LITERATURE,-1,literature,na,na,na,na
phee:71813_1,literature,phee,LITERATURE,-1,literature,na,na,na,na
phee:2347102_1,literature,phee,LITERATURE,-1,literature,na,na,na,na
phee:25407257_1,literature,phee,LITERATURE,-1,literature,na,na,na,na
phee:10755579_1,literature,phee,LITERATURE,-1,literature,na,na,na,na
phee:448845_1,literature,phee,LITERATURE,-1,literature,na,na,na,na
phee:15735923_3,literature,phee,LITERATURE,-1,literature,na,na,na,na
phee:11332679_1,literature,phee,LITERATURE,-1,literature,na,na,na,na
phee:8345435_2,literature,phee,LITERATURE,-1,literature,na,na,na,na
phee:8641617_6,literature,phee,LITERATURE,-1,literature,na,na,na,na
phee:7854541_1,literature,phee,LITERATURE,-1,literature,na,na,na,na
phee:3558331_1,literature,phee,LITERATURE,-1,literature,na,na,na,na
phee:21881031_5,literature,phee,LITERATURE,-1,literature,na,na,na,na
phee:6245286_3,literature,phee,LITERATURE,-1,literature,na,na,na,na
phee:8678015_2,literature,phee,LITERATURE,-1,literature,na,na,na,na
phee:11414270_13,literature,phee,LITERATURE,-1,literature,na,na,na,na
phee:10431414_1,literature,phee,LITERATURE,-1,literature,na,na,na,na
phee:12365708_5,literature,phee,LITERATURE,-1,literature,na,na,na,na
phee:15543388_1,literature,phee,LITERATURE,-1,literature,na,na,na,na
phee:11243427_2,literature,phee,LITERATURE,-1,literature,na,na,na,na
phee:9660541_1,literature,phee,LITERATURE,-1,literature,na,na,na,na
phee:16968538_1,literature,phee,LITERATURE,-1,literature,na,na,na,na
phee:12699871_4,literature,phee,LITERATURE,-1,literature,na,na,na,na
phee:17009081_4,literature,phee,LITERATURE,-1,literature,na,na,na,na
phee:2894766_1,literature,phee,LITERATURE,-1,literature,na,na,na,na
phee:1310879_2,literature,phee,LITERATURE,-1,literature,na,na,na,na
phee:19357764_2,literature,phee,LITERATURE,-1,literature,na,na,na,na
phee:9232614_1,literature,phee,LITERATURE,-1,literature,na,na,na,na
phee:1310879_3,literature,phee,LITERATURE,-1,literature,na,na,na,na
phee:3970339_1,literature,phee,LITERATURE,-1,literature,na,na,na,na
phee:9509511_2,literature,phee,LITERATURE,-1,literature,na,na,na,na
phee:6702890_2,literature,phee,LITERATURE,-1,literature,na,na,na,na
phee:16239768_1,literature,phee,LITERATURE,-1,literature,na,na,na,na
phee:10891991_5,literature,phee,LITERATURE,-1,literature,na,na,na,na
phee:10410183_2,literature,phee,LITERATURE,-1,literature,na,na,na,na
phee:8641617_5,literature,phee,LITERATURE,-1,literature,na,na,na,na
phee:3430507_6,literature,phee,LITERATURE,-1,literature,na,na,na,na
phee:9831311_2,literature,phee,LITERATURE,-1,literature,na,na,na,na
phee:2212262_2,literature,phee,LITERATURE,-1,literature,na,na,na,na
phee:17133571_2,literature,phee,LITERATURE,-1,literature,na,na,na,na
phee:7900744_5,literature,phee,LITERATURE,-1,literature,na,na,na,na
phee:15190230_2,literature,phee,LITERATURE,-1,literature,na,na,na,na
phee:15266150_3,literature,phee,LITERATURE,-1,literature,na,na,na,na
phee:2937155_2,literature,phee,LITERATURE,-1,literature,na,na,na,na
phee:17381671_8,literature,phee,LITERATURE,-1,literature,na,na,na,na
phee:16196187_1,literature,phee,LITERATURE,-1,literature,na,na,na,na
phee:2299784_2,literature,phee,LITERATURE,-1,literature,na,na,na,na
phee:11886466_3,literature,phee,LITERATURE,-1,literature,na,na,na,na
phee:22735246_4,literature,phee,LITERATURE,-1,literature,na,na,na,na
phee:19789372_6,literature,phee,LITERATURE,-1,literature,na,na,na,na
phee:2006943_1,literature,phee,LITERATURE,-1,literature,na,na,na,na
phee:20412003_1,literature,phee,LITERATURE,-1,literature,na,na,na,na
phee:6149250_3,literature,phee,LITERATURE,-1,literature,na,na,na,na
phee:12365708_2,literature,phee,LITERATURE,-1,literature,na,na,na,na
phee:14601701_5,literature,phee,LITERATURE,-1,literature,na,na,na,na
phee:15790469_4,literature,phee,LITERATURE,-1,literature,na,na,na,na
phee:10679548_6,literature,phee,LITERATURE,-1,literature,na,na,na,na
phee:20378385_1,literature,phee,LITERATURE,-1,literature,na,na,na,na
phee:12523465_2,literature,phee,LITERATURE,-1,literature,na,na,na,na
phee:8667442_1,literature,phee,LITERATURE,-1,literature,na,na,na,na
phee:10494874_1,literature,phee,LITERATURE,-1,literature,na,na,na,na
phee:9347384_1,literature,phee,LITERATURE,-1,literature,na,na,na,na
phee:2116935_2,literature,phee,LITERATURE,-1,literature,na,na,na,na
phee:16968538_8,literature,phee,LITERATURE,-1,literature,na,na,na,na
phee:10897389_1,literature,phee,LITERATURE,-1,literature,na,na,na,na
phee:8570441_1,literature,phee,LITERATURE,-1,literature,na,na,na,na
phee:18362995_1,literature,phee,LITERATURE,-1,literature,na,na,na,na
phee:17260498_1,literature,phee,LITERATURE,-1,literature,na,na,na,na
phee:17364199_2,literature,phee,LITERATURE,-1,literature,na,na,na,na
phee:3379435_2,literature,phee,LITERATURE,-1,literature,na,na,na,na
phee:834512_1,literature,phee,LITERATURE,-1,literature,na,na,na,na
phee:8691927_2,literature,phee,LITERATURE,-1,literature,na,na,na,na
phee:16326413_3,literature,phee,LITERATURE,-1,literature,na,na,na,na
phee:7428724_1,literature,phee,LITERATURE,-1,literature,na,na,na,na
phee:10555917_1,literature,phee,LITERATURE,-1,literature,na,na,na,na
phee:20456080_4,literature,phee,LITERATURE,-1,literature,na,na,na,na
phee:15549981_1,literature,phee,LITERATURE,-1,literature,na,na,na,na
phee:3310776_1,literature,phee,LITERATURE,-1,literature,na,na,na,na
phee:9876809_5,literature,phee,LITERATURE,-1,literature,na,na,na,na
phee:19151423_1,literature,phee,LITERATURE,-1,literature,na,na,na,na
phee:8672829_1,literature,phee,LITERATURE,-1,literature,na,na,na,na
phee:2316232_2,literature,phee,LITERATURE,-1,literature,na,na,na,na
phee:18421192_1,literature,phee,LITERATURE,-1,literature,na,na,na,na
phee:8832451_1,literature,phee,LITERATURE,-1,literature,na,na,na,na
phee:3725284_1,literature,phee,LITERATURE,-1,literature,na,na,na,na
phee:424824_1,literature,phee,LITERATURE,-1,literature,na,na,na,na
phee:2316232_1,literature,phee,LITERATURE,-1,literature,na,na,na,na
phee:16268429_1,literature,phee,LITERATURE,-1,literature,na,na,na,na
phee:12598508_4,literature,phee,LITERATURE,-1,literature,na,na,na,na
phee:12862258_3,literature,phee,LITERATURE,-1,literature,na,na,na,na
phee:18717612_3,literature,phee,LITERATURE,-1,literature,na,na,na,na
phee:10487084_1,literature,phee,LITERATURE,-1,literature,na,na,na,na
phee:15379082_3,literature,phee,LITERATURE,-1,literature,na,na,na,na
phee:15373932_2,literature,phee,LITERATURE,-1,literature,na,na,na,na
phee:15289139_1,literature,phee,LITERATURE,-1,literature,na,na,na,na
phee:8438851_2,literature,phee,LITERATURE,-1,literature,na,na,na,na
phee:16765687_2,literature,phee,LITERATURE,-1,literature,na,na,na,na
phee:7098384_1,literature,phee,LITERATURE,-1,literature,na,na,na,na
phee:16116136_1,literature,phee,LITERATURE,-1,literature,na,na,na,na
phee:12114387_1,literature,phee,LITERATURE,-1,literature,na,na,na,na
phee:15533031_2,literature,phee,LITERATURE,-1,literature,na,na,na,na
phee:6702890_3,literature,phee,LITERATURE,-1,literature,na,na,na,na
phee:11568758_1,literature,phee,LITERATURE,-1,literature,na,na,na,na
phee:9211543_2,literature,phee,LITERATURE,-1,literature,na,na,na,na
phee:8375752_1,literature,phee,LITERATURE,-1,literature,na,na,na,na
phee:2011096_2,literature,phee,LITERATURE,-1,literature,na,na,na,na
phee:20178709_1,literature,phee,LITERATURE,-1,literature,na,na,na,na
phee:16207263_1,literature,phee,LITERATURE,-1,literature,na,na,na,na
phee:11328247_1,literature,phee,LITERATURE,-1,literature,na,na,na,na
phee:2144305_1,literature,phee,LITERATURE,-1,literature,na,na,na,na
phee:15785053_1,literature,phee,LITERATURE,-1,literature,na,na,na,na
phee:10473079_2,literature,phee,LITERATURE,-1,literature,na,na,na,na
phee:110153_2,literature,phee,LITERATURE,-1,literature,na,na,na,na
phee:7781845_11,literature,phee,LITERATURE,-1,literature,na,na,na,na
phee:7696938_1,literature,phee,LITERATURE,-1,literature,na,na,na,na
phee:15383642_15,literature,phee,LITERATURE,-1,literature,na,na,na,na
phee:16119501_1,literature,phee,LITERATURE,-1,literature,na,na,na,na
phee:17596682_1,literature,phee,LITERATURE,-1,literature,na,na,na,na
phee:11022272_4,literature,phee,LITERATURE,-1,literature,na,na,na,na
phee:15554737_1,literature,phee,LITERATURE,-1,literature,na,na,na,na
phee:11033734_1,literature,phee,LITERATURE,-1,literature,na,na,na,na
phee:23624139_9,literature,phee,LITERATURE,-1,literature,na,na,na,na
phee:16623611_1,literature,phee,LITERATURE,-1,literature,na,na,na,na
phee:10030778_1,literature,phee,LITERATURE,-1,literature,na,na,na,na
phee:24318743_14,literature,phee,LITERATURE,-1,literature,na,na,na,na
phee:18079582_3,literature,phee,LITERATURE,-1,literature,na,na,na,na
phee:18854289_1,literature,phee,LITERATURE,-1,literature,na,na,na,na
phee:24318743_3,literature,phee,LITERATURE,-1,literature,na,na,na,na
phee:8832451_3,literature,phee,LITERATURE,-1,literature,na,na,na,na
phee:1378497_2,literature,phee,LITERATURE,-1,literature,na,na,na,na
phee:16404563_6,literature,phee,LITERATURE,-1,literature,na,na,na,na
phee:9052919_1,literature,phee,LITERATURE,-1,literature,na,na,na,na
phee:4025011_1,literature,phee,LITERATURE,-1,literature,na,na,na,na
phee:21881031_11,literature,phee,LITERATURE,-1,literature,na,na,na,na
phee:17624096_1,literature,phee,LITERATURE,-1,literature,na,na,na,na
phee:17241588_1,literature,phee,LITERATURE,-1,literature,na,na,na,na
phee:9719245_3,literature,phee,LITERATURE,-1,literature,na,na,na,na
phee:12111771_2,literature,phee,LITERATURE,-1,literature,na,na,na,na
phee:8007037_1,literature,phee,LITERATURE,-1,literature,na,na,na,na
phee:15694139_5,literature,phee,LITERATURE,-1,literature,na,na,na,na
phee:20298401_9,literature,phee,LITERATURE,-1,literature,na,na,na,na
phee:7962394_3,literature,phee,LITERATURE,-1,literature,na,na,na,na
phee:10656221_9,literature,phee,LITERATURE,-1,literature,na,na,na,na
phee:15482394_4,literature,phee,LITERATURE,-1,literature,na,na,na,na
phee:17352036_4,literature,phee,LITERATURE,-1,literature,na,na,na,na
phee:9602881_1,literature,phee,LITERATURE,-1,literature,na,na,na,na
phee:14632592_5,literature,phee,LITERATURE,-1,literature,na,na,na,na
phee:11414270_14,literature,phee,LITERATURE,-1,literature,na,na,na,na
phee:10928688_1,literature,phee,LITERATURE,-1,literature,na,na,na,na
phee:14679124_1,literature,phee,LITERATURE,-1,literature,na,na,na,na
phee:3628148_1,literature,phee,LITERATURE,-1,literature,na,na,na,na
phee:15157248_1,literature,phee,LITERATURE,-1,literature,na,na,na,na
phee:15494638_8,literature,phee,LITERATURE,-1,literature,na,na,na,na
phee:8749646_4,literature,phee,LITERATURE,-1,literature,na,na,na,na
phee:14607011_2,literature,phee,LITERATURE,-1,literature,na,na,na,na
phee:9701106_1,literature,phee,LITERATURE,-1,literature,na,na,na,na
phee:16503727_1,literature,phee,LITERATURE,-1,literature,na,na,na,na
phee:990658_1,literature,phee,LITERATURE,-1,literature,na,na,na,na
phee:20130478_2,literature,phee,LITERATURE,-1,literature,na,na,na,na
phee:12503933_7,literature,phee,LITERATURE,-1,literature,na,na,na,na
phee:15554737_2,literature,phee,LITERATURE,-1,literature,na,na,na,na
phee:19224802_6,literature,phee,LITERATURE,-1,literature,na,na,na,na
phee:16511396_3,literature,phee,LITERATURE,-1,literature,na,na,na,na
phee:10084639_2,literature,phee,LITERATURE,-1,literature,na,na,na,na
phee:10452772_1,literature,phee,LITERATURE,-1,literature,na,na,na,na
phee:2394154_4,literature,phee,LITERATURE,-1,literature,na,na,na,na
phee:3485422_2,literature,phee,LITERATURE,-1,literature,na,na,na,na
phee:16791713_1,literature,phee,LITERATURE,-1,literature,na,na,na,na
phee:11881322_8,literature,phee,LITERATURE,-1,literature,na,na,na,na
phee:17675030_4,literature,phee,LITERATURE,-1,literature,na,na,na,na
phee:21045170_11,literature,phee,LITERATURE,-1,literature,na,na,na,na
phee:448845_3,literature,phee,LITERATURE,-1,literature,na,na,na,na
phee:17381671_7,literature,phee,LITERATURE,-1,literature,na,na,na,na
phee:1420650_2,literature,phee,LITERATURE,-1,literature,na,na,na,na
phee:458006_1,literature,phee,LITERATURE,-1,literature,na,na,na,na
phee:8313300_2,literature,phee,LITERATURE,-1,literature,na,na,na,na
phee:1267457_2,literature,phee,LITERATURE,-1,literature,na,na,na,na
phee:11545487_3,literature,phee,LITERATURE,-1,literature,na,na,na,na
phee:8360712_1,literature,phee,LITERATURE,-1,literature,na,na,na,na
phee:15289139_3,literature,phee,LITERATURE,-1,literature,na,na,na,na
phee:19226083_1,literature,phee,LITERATURE,-1,literature,na,na,na,na
phee:11788010_2,literature,phee,LITERATURE,-1,literature,na,na,na,na
phee:14557583_3,literature,phee,LITERATURE,-1,literature,na,na,na,na
phee:8597009_2,literature,phee,LITERATURE,-1,literature,na,na,na,na
phee:16284443_1,literature,phee,LITERATURE,-1,literature,na,na,na,na
phee:16637972_2,literature,phee,LITERATURE,-1,literature,na,na,na,na
phee:19782276_4,literature,phee,LITERATURE,-1,literature,na,na,na,na
phee:12503933_5,literature,phee,LITERATURE,-1,literature,na,na,na,na
phee:2979256_3,literature,phee,LITERATURE,-1,literature,na,na,na,na
phee:2728526_1,literature,phee,LITERATURE,-1,literature,na,na,na,na
phee:8672829_2,literature,phee,LITERATURE,-1,literature,na,na,na,na
phee:16109609_1,literature,phee,LITERATURE,-1,literature,na,na,na,na
phee:7416268_3,literature,phee,LITERATURE,-1,literature,na,na,na,na
phee:19567656_2,literature,phee,LITERATURE,-1,literature,na,na,na,na
phee:14677199_1,literature,phee,LITERATURE,-1,literature,na,na,na,na
phee:10323129_1,literature,phee,LITERATURE,-1,literature,na,na,na,na
phee:3124393_2,literature,phee,LITERATURE,-1,literature,na,na,na,na
phee:921427_2,literature,phee,LITERATURE,-1,literature,na,na,na,na
phee:16405935_3,literature,phee,LITERATURE,-1,literature,na,na,na,na
phee:12221670_5,literature,phee,LITERATURE,-1,literature,na,na,na,na
phee:17526968_3,literature,phee,LITERATURE,-1,literature,na,na,na,na
phee:16791713_2,literature,phee,LITERATURE,-1,literature,na,na,na,na
phee:17034541_1,literature,phee,LITERATURE,-1,literature,na,na,na,na
phee:15482394_3,literature,phee,LITERATURE,-1,literature,na,na,na,na
phee:3815268_2,literature,phee,LITERATURE,-1,literature,na,na,na,na
phee:11144696_11,literature,phee,LITERATURE,-1,literature,na,na,na,na
phee:2116935_3,literature,phee,LITERATURE,-1,literature,na,na,na,na
phee:15383642_6,literature,phee,LITERATURE,-1,literature,na,na,na,na
phee:1635565_2,literature,phee,LITERATURE,-1,literature,na,na,na,na
phee:8013261_1,literature,phee,LITERATURE,-1,literature,na,na,na,na
phee:9754850_1,literature,phee,LITERATURE,-1,literature,na,na,na,na
phee:3310776_2,literature,phee,LITERATURE,-1,literature,na,na,na,na
phee:15671134_3,literature,phee,LITERATURE,-1,literature,na,na,na,na
phee:18094347_1,literature,phee,LITERATURE,-1,literature,na,na,na,na
phee:3688031_3,literature,phee,LITERATURE,-1,literature,na,na,na,na
phee:11881322_2,literature,phee,LITERATURE,-1,literature,na,na,na,na
phee:12243603_8,literature,phee,LITERATURE,-1,literature,na,na,na,na
phee:23552010_1,literature,phee,LITERATURE,-1,literature,na,na,na,na
phee:3569037_3,literature,phee,LITERATURE,-1,literature,na,na,na,na
phee:18515982_3,literature,phee,LITERATURE,-1,literature,na,na,na,na
phee:582099_1,literature,phee,LITERATURE,-1,literature,na,na,na,na
phee:18801826_5,literature,phee,LITERATURE,-1,literature,na,na,na,na
phee:10203437_8,literature,phee,LITERATURE,-1,literature,na,na,na,na
phee:267281_1,literature,phee,LITERATURE,-1,literature,na,na,na,na
phee:8828999_4,literature,phee,LITERATURE,-1,literature,na,na,na,na
phee:11206417_3,literature,phee,LITERATURE,-1,literature,na,na,na,na
phee:8445549_2,literature,phee,LITERATURE,-1,literature,na,na,na,na
phee:3804181_1,literature,phee,LITERATURE,-1,literature,na,na,na,na
phee:2452936_2,literature,phee,LITERATURE,-1,literature,na,na,na,na
phee:15770343_1,literature,phee,LITERATURE,-1,literature,na,na,na,na
phee:21751692_5,literature,phee,LITERATURE,-1,literature,na,na,na,na
phee:8903300_2,literature,phee,LITERATURE,-1,literature,na,na,na,na
phee:15454180_3,literature,phee,LITERATURE,-1,literature,na,na,na,na
phee:17655376_2,literature,phee,LITERATURE,-1,literature,na,na,na,na
phee:1580986_1,literature,phee,LITERATURE,-1,literature,na,na,na,na
phee:10458196_5,literature,phee,LITERATURE,-1,literature,na,na,na,na
phee:16225183_2,literature,phee,LITERATURE,-1,literature,na,na,na,na
phee:14566215_1,literature,phee,LITERATURE,-1,literature,na,na,na,na
phee:21751542_5,literature,phee,LITERATURE,-1,literature,na,na,na,na
phee:847572_1,literature,phee,LITERATURE,-1,literature,na,na,na,na
phee:10099659_7,literature,phee,LITERATURE,-1,literature,na,na,na,na
phee:876914_1,literature,phee,LITERATURE,-1,literature,na,na,na,na
phee:18344734_1,literature,phee,LITERATURE,-1,literature,na,na,na,na
phee:7606071_7,literature,phee,LITERATURE,-1,literature,na,na,na,na
phee:10395123_1,literature,phee,LITERATURE,-1,literature,na,na,na,na
phee:6460590_1,literature,phee,LITERATURE,-1,literature,na,na,na,na
phee:8949576_3,literature,phee,LITERATURE,-1,literature,na,na,na,na
phee:19151423_3,literature,phee,LITERATURE,-1,literature,na,na,na,na
phee:941054_1,literature,phee,LITERATURE,-1,literature,na,na,na,na
phee:2028358_1,literature,phee,LITERATURE,-1,literature,na,na,na,na
phee:7379406_2,literature,phee,LITERATURE,-1,literature,na,na,na,na
phee:16637972_1,literature,phee,LITERATURE,-1,literature,na,na,na,na
phee:11749112_2,literature,phee,LITERATURE,-1,literature,na,na,na,na
phee:7436161_1,literature,phee,LITERATURE,-1,literature,na,na,na,na
phee:9220046_5,literature,phee,LITERATURE,-1,literature,na,na,na,na
phee:10490907_14,literature,phee,LITERATURE,-1,literature,na,na,na,na
phee:3438585_3,literature,phee,LITERATURE,-1,literature,na,na,na,na
phee:9184269_5,literature,phee,LITERATURE,-1,literature,na,na,na,na
phee:8771575_1,literature,phee,LITERATURE,-1,literature,na,na,na,na
phee:19789166_2,literature,phee,LITERATURE,-1,literature,na,na,na,na
phee:12656748_1,literature,phee,LITERATURE,-1,literature,na,na,na,na
phee:7538828_2,literature,phee,LITERATURE,-1,literature,na,na,na,na
phee:4004433_3,literature,phee,LITERATURE,-1,literature,na,na,na,na
phee:16968538_6,literature,phee,LITERATURE,-1,literature,na,na,na,na
phee:8862924_1,literature,phee,LITERATURE,-1,literature,na,na,na,na
phee:9399776_3,literature,phee,LITERATURE,-1,literature,na,na,na,na
phee:8197046_1,literature,phee,LITERATURE,-1,literature,na,na,na,na
phee:12066972_2,literature,phee,LITERATURE,-1,literature,na,na,na,na
phee:7282702_3,literature,phee,LITERATURE,-1,literature,na,na,na,na
phee:10870485_1,literature,phee,LITERATURE,-1,literature,na,na,na,na
phee:19423610_9,literature,phee,LITERATURE,-1,literature,na,na,na,na
phee:9554064_1,literature,phee,LITERATURE,-1,literature,na,na,na,na
phee:11737689_5,literature,phee,LITERATURE,-1,literature,na,na,na,na
phee:3892171_4,literature,phee,LITERATURE,-1,literature,na,na,na,na
phee:2595431_4,literature,phee,LITERATURE,-1,literature,na,na,na,na
phee:14514135_1,literature,phee,LITERATURE,-1,literature,na,na,na,na
phee:10656221_1,literature,phee,LITERATURE,-1,literature,na,na,na,na
phee:8435665_1,literature,phee,LITERATURE,-1,literature,na,na,na,na
phee:16268429_2,literature,phee,LITERATURE,-1,literature,na,na,na,na
phee:12460237_2,literature,phee,LITERATURE,-1,literature,na,na,na,na
phee:19363904_2,literature,phee,LITERATURE,-1,literature,na,na,na,na
phee:15661067_2,literature,phee,LITERATURE,-1,literature,na,na,na,na
phee:990658_2,literature,phee,LITERATURE,-1,literature,na,na,na,na
phee:15133245_2,literature,phee,LITERATURE,-1,literature,na,na,na,na
phee:6453500_2,literature,phee,LITERATURE,-1,literature,na,na,na,na
phee:3143551_1,literature,phee,LITERATURE,-1,literature,na,na,na,na
phee:19390192_2,literature,phee,LITERATURE,-1,literature,na,na,na,na
phee:17381671_9,literature,phee,LITERATURE,-1,literature,na,na,na,na
phee:3941210_2,literature,phee,LITERATURE,-1,literature,na,na,na,na
phee:2935070_4,literature,phee,LITERATURE,-1,literature,na,na,na,na
phee:16008658_1,literature,phee,LITERATURE,-1,literature,na,na,na,na
phee:10203437_1,literature,phee,LITERATURE,-1,literature,na,na,na,na
phee:566977_1,literature,phee,LITERATURE,-1,literature,na,na,na,na
phee:9302445_3,literature,phee,LITERATURE,-1,literature,na,na,na,na
phee:834512_2,literature,phee,LITERATURE,-1,literature,na,na,na,na
phee:12196666_1,literature,phee,LITERATURE,-1,literature,na,na,na,na
phee:17536204_6,literature,phee,LITERATURE,-1,literature,na,na,na,na
phee:12792223_2,literature,phee,LITERATURE,-1,literature,na,na,na,na
phee:2669373_1,literature,phee,LITERATURE,-1,literature,na,na,na,na
phee:11250985_3,literature,phee,LITERATURE,-1,literature,na,na,na,na
phee:11737689_4,literature,phee,LITERATURE,-1,literature,na,na,na,na
phee:10458196_3,literature,phee,LITERATURE,-1,literature,na,na,na,na
phee:16284443_4,literature,phee,LITERATURE,-1,literature,na,na,na,na
phee:19540093_4,literature,phee,LITERATURE,-1,literature,na,na,na,na
phee:11850606_3,literature,phee,LITERATURE,-1,literature,na,na,na,na
phee:4038510_3,literature,phee,LITERATURE,-1,literature,na,na,na,na
phee:19363904_1,literature,phee,LITERATURE,-1,literature,na,na,na,na
phee:7679525_1,literature,phee,LITERATURE,-1,literature,na,na,na,na
phee:11918514_1,literature,phee,LITERATURE,-1,literature,na,na,na,na
phee:536461_1,literature,phee,LITERATURE,-1,literature,na,na,na,na
phee:19707032_6,literature,phee,LITERATURE,-1,literature,na,na,na,na
phee:23868369_7,literature,phee,LITERATURE,-1,literature,na,na,na,na
phee:8222875_1,literature,phee,LITERATURE,-1,literature,na,na,na,na
phee:10904571_3,literature,phee,LITERATURE,-1,literature,na,na,na,na
phee:1467295_1,literature,phee,LITERATURE,-1,literature,na,na,na,na
phee:22791547_4,literature,phee,LITERATURE,-1,literature,na,na,na,na
phee:19789372_7,literature,phee,LITERATURE,-1,literature,na,na,na,na
phee:7272895_3,literature,phee,LITERATURE,-1,literature,na,na,na,na
phee:633424_1,literature,phee,LITERATURE,-1,literature,na,na,na,na
phee:12135176_3,literature,phee,LITERATURE,-1,literature,na,na,na,na
phee:8301877_4,literature,phee,LITERATURE,-1,literature,na,na,na,na
phee:12187348_8,literature,phee,LITERATURE,-1,literature,na,na,na,na
phee:11886466_5,literature,phee,LITERATURE,-1,literature,na,na,na,na
phee:11181395_1,literature,phee,LITERATURE,-1,literature,na,na,na,na
phee:9824032_1,literature,phee,LITERATURE,-1,literature,na,na,na,na
phee:12590235_5,literature,phee,LITERATURE,-1,literature,na,na,na,na
phee:6236730_1,literature,phee,LITERATURE,-1,literature,na,na,na,na
phee:18094347_2,literature,phee,LITERATURE,-1,literature,na,na,na,na
phee:1536494_1,literature,phee,LITERATURE,-1,literature,na,na,na,na
phee:3804181_3,literature,phee,LITERATURE,-1,literature,na,na,na,na
phee:19892516_4,literature,phee,LITERATURE,-1,literature,na,na,na,na
phee:9719245_1,literature,phee,LITERATURE,-1,literature,na,na,na,na
phee:15013892_3,literature,phee,LITERATURE,-1,literature,na,na,na,na
phee:23868369_1,literature,phee,LITERATURE,-1,literature,na,na,na,na
phee:8313300_9,literature,phee,LITERATURE,-1,literature,na,na,na,na
phee:8255797_3,literature,phee,LITERATURE,-1,literature,na,na,na,na
phee:1433432_2,literature,phee,LITERATURE,-1,literature,na,na,na,na
phee:9719245_2,literature,phee,LITERATURE,-1,literature,na,na,na,na
phee:15752306_1,literature,phee,LITERATURE,-1,literature,na,na,na,na
phee:10656221_4,literature,phee,LITERATURE,-1,literature,na,na,na,na
phee:1348483_3,literature,phee,LITERATURE,-1,literature,na,na,na,na
phee:7067510_1,literature,phee,LITERATURE,-1,literature,na,na,na,na
phee:7594371_1,literature,phee,LITERATURE,-1,literature,na,na,na,na
phee:16484748_3,literature,phee,LITERATURE,-1,literature,na,na,na,na
phee:1775411_1,literature,phee,LITERATURE,-1,literature,na,na,na,na
phee:11675845_2,literature,phee,LITERATURE,-1,literature,na,na,na,na
phee:8071504_8,literature,phee,LITERATURE,-1,literature,na,na,na,na
phee:6329575_1,literature,phee,LITERATURE,-1,literature,na,na,na,na
phee:11712064_2,literature,phee,LITERATURE,-1,literature,na,na,na,na
phee:3677571_8,literature,phee,LITERATURE,-1,literature,na,na,na,na
phee:10487084_2,literature,phee,LITERATURE,-1,literature,na,na,na,na
phee:1477441_1,literature,phee,LITERATURE,-1,literature,na,na,na,na
phee:24477376_5,literature,phee,LITERATURE,-1,literature,na,na,na,na
phee:17667216_2,literature,phee,LITERATURE,-1,literature,na,na,na,na
phee:9846036_6,literature,phee,LITERATURE,-1,literature,na,na,na,na
phee:11712064_1,literature,phee,LITERATURE,-1,literature,na,na,na,na
phee:3301251_1,literature,phee,LITERATURE,-1,literature,na,na,na,na
phee:9407188_1,literature,phee,LITERATURE,-1,literature,na,na,na,na
phee:14632592_4,literature,phee,LITERATURE,-1,literature,na,na,na,na
phee:20367573_3,literature,phee,LITERATURE,-1,literature,na,na,na,na
phee:3493797_1,literature,phee,LITERATURE,-1,literature,na,na,na,na
phee:9177620_3,literature,phee,LITERATURE,-1,literature,na,na,na,na
phee:19904536_3,literature,phee,LITERATURE,-1,literature,na,na,na,na
phee:736591_2,literature,phee,LITERATURE,-1,literature,na,na,na,na
phee:9512187_2,literature,phee,LITERATURE,-1,literature,na,na,na,na
phee:8438851_4,literature,phee,LITERATURE,-1,literature,na,na,na,na
phee:20412003_3,literature,phee,LITERATURE,-1,literature,na,na,na,na
phee:19789166_1,literature,phee,LITERATURE,-1,literature,na,na,na,na
phee:8597009_3,literature,phee,LITERATURE,-1,literature,na,na,na,na
phee:12235444_3,literature,phee,LITERATURE,-1,literature,na,na,na,na
phee:9554064_2,literature,phee,LITERATURE,-1,literature,na,na,na,na
phee:736591_3,literature,phee,LITERATURE,-1,literature,na,na,na,na
phee:16044093_2,literature,phee,LITERATURE,-1,literature,na,na,na,na
phee:11292139_1,literature,phee,LITERATURE,-1,literature,na,na,na,na
phee:1751354_2,literature,phee,LITERATURE,-1,literature,na,na,na,na
phee:17034541_3,literature,phee,LITERATURE,-1,literature,na,na,na,na
phee:6958210_2,literature,phee,LITERATURE,-1,literature,na,na,na,na
phee:7538828_7,literature,phee,LITERATURE,-1,literature,na,na,na,na
phee:3346128_2,literature,phee,LITERATURE,-1,literature,na,na,na,na
phee:3982906_1,literature,phee,LITERATURE,-1,literature,na,na,na,na
phee:19183077_3,literature,phee,LITERATURE,-1,literature,na,na,na,na
phee:12324937_6,literature,phee,LITERATURE,-1,literature,na,na,na,na
phee:17260498_5,literature,phee,LITERATURE,-1,literature,na,na,na,na
phee:22791547_3,literature,phee,LITERATURE,-1,literature,na,na,na,na
phee:12221670_1,literature,phee,LITERATURE,-1,literature,na,na,na,na
phee:17931455_1,literature,phee,LITERATURE,-1,literature,na,na,na,na
phee:9796135_4,literature,phee,LITERATURE,-1,literature,na,na,na,na
phee:18691992_3,literature,phee,LITERATURE,-1,literature,na,na,na,na
phee:7854541_2,literature,phee,LITERATURE,-1,literature,na,na,na,na
phee:9247841_5,literature,phee,LITERATURE,-1,literature,na,na,na,na
phee:16109609_3,literature,phee,LITERATURE,-1,literature,na,na,na,na
phee:18648015_3,literature,phee,LITERATURE,-1,literature,na,na,na,na
phee:6149250_4,literature,phee,LITERATURE,-1,literature,na,na,na,na
phee:11999915_3,literature,phee,LITERATURE,-1,literature,na,na,na,na
phee:11399735_4,literature,phee,LITERATURE,-1,literature,na,na,na,na
phee:9579301_1,literature,phee,LITERATURE,-1,literature,na,na,na,na
phee:6484655_1,literature,phee,LITERATURE,-1,literature,na,na,na,na
phee:2250853_1,literature,phee,LITERATURE,-1,literature,na,na,na,na
phee:17319250_1,literature,phee,LITERATURE,-1,literature,na,na,na,na
phee:20190474_4,literature,phee,LITERATURE,-1,literature,na,na,na,na
phee:1393348_2,literature,phee,LITERATURE,-1,literature,na,na,na,na
phee:10803790_1,literature,phee,LITERATURE,-1,literature,na,na,na,na
phee:17675030_3,literature,phee,LITERATURE,-1,literature,na,na,na,na
phee:16432996_5,literature,phee,LITERATURE,-1,literature,na,na,na,na
phee:15494638_1,literature,phee,LITERATURE,-1,literature,na,na,na,na
phee:16411025_1,literature,phee,LITERATURE,-1,literature,na,na,na,na
phee:9497597_1,literature,phee,LITERATURE,-1,literature,na,na,na,na
phee:19897274_2,literature,phee,LITERATURE,-1,literature,na,na,na,na
phee:19915794_1,literature,phee,LITERATURE,-1,literature,na,na,na,na
phee:20412003_5,literature,phee,LITERATURE,-1,literature,na,na,na,na
phee:24429012_9,literature,phee,LITERATURE,-1,literature,na,na,na,na
phee:8461228_2,literature,phee,LITERATURE,-1,literature,na,na,na,na
phee:15331204_1,literature,phee,LITERATURE,-1,literature,na,na,na,na
phee:4036917_1,literature,phee,LITERATURE,-1,literature,na,na,na,na
phee:889156_7,literature,phee,LITERATURE,-1,literature,na,na,na,na
phee:16119501_2,literature,phee,LITERATURE,-1,literature,na,na,na,na
phee:7787496_2,literature,phee,LITERATURE,-1,literature,na,na,na,na
phee:8192712_2,literature,phee,LITERATURE,-1,literature,na,na,na,na
phee:19423610_7,literature,phee,LITERATURE,-1,literature,na,na,na,na
phee:8903300_1,literature,phee,LITERATURE,-1,literature,na,na,na,na
phee:9796135_3,literature,phee,LITERATURE,-1,literature,na,na,na,na
phee:19122478_7,literature,phee,LITERATURE,-1,literature,na,na,na,na
phee:19995690_2,literature,phee,LITERATURE,-1,literature,na,na,na,na
phee:10203437_9,literature,phee,LITERATURE,-1,literature,na,na,na,na
phee:10466445_1,literature,phee,LITERATURE,-1,literature,na,na,na,na
phee:19122478_1,literature,phee,LITERATURE,-1,literature,na,na,na,na
phee:1688693_3,literature,phee,LITERATURE,-1,literature,na,na,na,na
phee:2406680_1,literature,phee,LITERATURE,-1,literature,na,na,na,na
phee:17458405_1,literature,phee,LITERATURE,-1,literature,na,na,na,na
phee:1569260_2,literature,phee,LITERATURE,-1,literature,na,na,na,na
phee:10589077_5,literature,phee,LITERATURE,-1,literature,na,na,na,na
phee:1115340_6,literature,phee,LITERATURE,-1,literature,na,na,na,na
phee:984862_1,literature,phee,LITERATURE,-1,literature,na,na,na,na
phee:8503421_1,literature,phee,LITERATURE,-1,literature,na,na,na,na
phee:573779_3,literature,phee,LITERATURE,-1,literature,na,na,na,na
phee:7379406_7,literature,phee,LITERATURE,-1,literature,na,na,na,na
phee:20203465_2,literature,phee,LITERATURE,-1,literature,na,na,na,na
phee:18504683_3,literature,phee,LITERATURE,-1,literature,na,na,na,na
phee:8921647_2,literature,phee,LITERATURE,-1,literature,na,na,na,na
phee:10749332_3,literature,phee,LITERATURE,-1,literature,na,na,na,na
phee:15840734_2,literature,phee,LITERATURE,-1,literature,na,na,na,na
phee:9876812_2,literature,phee,LITERATURE,-1,literature,na,na,na,na
phee:2940999_1,literature,phee,LITERATURE,-1,literature,na,na,na,na
phee:2299784_3,literature,phee,LITERATURE,-1,literature,na,na,na,na
phee:15920338_3,literature,phee,LITERATURE,-1,literature,na,na,na,na
phee:8891729_4,literature,phee,LITERATURE,-1,literature,na,na,na,na
phee:2299784_1,literature,phee,LITERATURE,-1,literature,na,na,na,na
phee:1743388_2,literature,phee,LITERATURE,-1,literature,na,na,na,na
phee:9701106_2,literature,phee,LITERATURE,-1,literature,na,na,na,na
phee:16298824_4,literature,phee,LITERATURE,-1,literature,na,na,na,na
phee:11834188_3,literature,phee,LITERATURE,-1,literature,na,na,na,na
phee:3067748_2,literature,phee,LITERATURE,-1,literature,na,na,na,na
phee:515777_2,literature,phee,LITERATURE,-1,literature,na,na,na,na
phee:24318743_2,literature,phee,LITERATURE,-1,literature,na,na,na,na
phee:1310879_1,literature,phee,LITERATURE,-1,literature,na,na,na,na
phee:16116136_2,literature,phee,LITERATURE,-1,literature,na,na,na,na
phee:2616440_2,literature,phee,LITERATURE,-1,literature,na,na,na,na
phee:19145124_1,literature,phee,LITERATURE,-1,literature,na,na,na,na
phee:17364199_7,literature,phee,LITERATURE,-1,literature,na,na,na,na
phee:1504404_1,literature,phee,LITERATURE,-1,literature,na,na,na,na
phee:14585456_1,literature,phee,LITERATURE,-1,literature,na,na,na,na
phee:7619765_1,literature,phee,LITERATURE,-1,literature,na,na,na,na
phee:12460237_5,literature,phee,LITERATURE,-1,literature,na,na,na,na
phee:18607107_4,literature,phee,LITERATURE,-1,literature,na,na,na,na
phee:15795553_3,literature,phee,LITERATURE,-1,literature,na,na,na,na
phee:20118434_1,literature,phee,LITERATURE,-1,literature,na,na,na,na
phee:21416219_1,literature,phee,LITERATURE,-1,literature,na,na,na,na
phee:18421192_3,literature,phee,LITERATURE,-1,literature,na,na,na,na
phee:17519584_1,literature,phee,LITERATURE,-1,literature,na,na,na,na
phee:18676387_1,literature,phee,LITERATURE,-1,literature,na,na,na,na
phee:16637972_4,literature,phee,LITERATURE,-1,literature,na,na,na,na
phee:8071504_1,literature,phee,LITERATURE,-1,literature,na,na,na,na
phee:15316423_3,literature,phee,LITERATURE,-1,literature,na,na,na,na
phee:19875411_1,literature,phee,LITERATURE,-1,literature,na,na,na,na
phee:8071504_7,literature,phee,LITERATURE,-1,literature,na,na,na,na
phee:24163322_2,literature,phee,LITERATURE,-1,literature,na,na,na,na
phee:7995001_1,literature,phee,LITERATURE,-1,literature,na,na,na,na
phee:12776809_17,literature,phee,LITERATURE,-1,literature,na,na,na,na
phee:16012330_9,literature,phee,LITERATURE,-1,literature,na,na,na,na
phee:16718947_3,literature,phee,LITERATURE,-1,literature,na,na,na,na
phee:18067642_1,literature,phee,LITERATURE,-1,literature,na,na,na,na
phee:7962394_4,literature,phee,LITERATURE,-1,literature,na,na,na,na
phee:2229534_1,literature,phee,LITERATURE,-1,literature,na,na,na,na
phee:18648015_1,literature,phee,LITERATURE,-1,literature,na,na,na,na
phee:17266059_2,literature,phee,LITERATURE,-1,literature,na,na,na,na
phee:17039658_2,literature,phee,LITERATURE,-1,literature,na,na,na,na
phee:11999915_2,literature,phee,LITERATURE,-1,literature,na,na,na,na
phee:20298401_5,literature,phee,LITERATURE,-1,literature,na,na,na,na
phee:15482394_5,literature,phee,LITERATURE,-1,literature,na,na,na,na
phee:7914463_1,literature,phee,LITERATURE,-1,literature,na,na,na,na
phee:11030530_3,literature,phee,LITERATURE,-1,literature,na,na,na,na
phee:15316423_2,literature,phee,LITERATURE,-1,literature,na,na,na,na
phee:16167682_1,literature,phee,LITERATURE,-1,literature,na,na,na,na
phee:14740795_1,literature,phee,LITERATURE,-1,literature,na,na,na,na
phee:15806568_1,literature,phee,LITERATURE,-1,literature,na,na,na,na
phee:11026106_2,literature,phee,LITERATURE,-1,literature,na,na,na,na
phee:10891991_2,literature,phee,LITERATURE,-1,literature,na,na,na,na
phee:2621382_3,literature,phee,LITERATURE,-1,literature,na,na,na,na
phee:14711147_1,literature,phee,LITERATURE,-1,literature,na,na,na,na
phee:20203465_1,literature,phee,LITERATURE,-1,literature,na,na,na,na
phee:15224368_1,literature,phee,LITERATURE,-1,literature,na,na,na,na
phee:16416684_1,literature,phee,LITERATURE,-1,literature,na,na,na,na
phee:8520081_1,literature,phee,LITERATURE,-1,literature,na,na,na,na
phee:12243603_2,literature,phee,LITERATURE,-1,literature,na,na,na,na
phee:18094347_8,literature,phee,LITERATURE,-1,literature,na,na,na,na
phee:19531695_10,literature,phee,LITERATURE,-1,literature,na,na,na,na
phee:921427_1,literature,phee,LITERATURE,-1,literature,na,na,na,na
phee:7151655_1,literature,phee,LITERATURE,-1,literature,na,na,na,na
phee:7865488_3,literature,phee,LITERATURE,-1,literature,na,na,na,na
phee:15878975_3,literature,phee,LITERATURE,-1,literature,na,na,na,na
phee:11144696_1,literature,phee,LITERATURE,-1,literature,na,na,na,na
phee:14960440_1,literature,phee,LITERATURE,-1,literature,na,na,na,na
phee:1445134_5,literature,phee,LITERATURE,-1,literature,na,na,na,na
phee:736591_1,literature,phee,LITERATURE,-1,literature,na,na,na,na
phee:22735246_5,literature,phee,LITERATURE,-1,literature,na,na,na,na
phee:15239684_1,literature,phee,LITERATURE,-1,literature,na,na,na,na
phee:11483161_1,literature,phee,LITERATURE,-1,literature,na,na,na,na
phee:8098286_2,literature,phee,LITERATURE,-1,literature,na,na,na,na
phee:19531695_5,literature,phee,LITERATURE,-1,literature,na,na,na,na
phee:18396749_4,literature,phee,LITERATURE,-1,literature,na,na,na,na
phee:9128433_1,literature,phee,LITERATURE,-1,literature,na,na,na,na
phee:18609153_2,literature,phee,LITERATURE,-1,literature,na,na,na,na
phee:1109248_9,literature,phee,LITERATURE,-1,literature,na,na,na,na
phee:6692713_1,literature,phee,LITERATURE,-1,literature,na,na,na,na
phee:9831311_1,literature,phee,LITERATURE,-1,literature,na,na,na,na
phee:19579947_1,literature,phee,LITERATURE,-1,literature,na,na,na,na
phee:20298401_10,literature,phee,LITERATURE,-1,literature,na,na,na,na
phee:2161782_1,literature,phee,LITERATURE,-1,literature,na,na,na,na
phee:16404563_3,literature,phee,LITERATURE,-1,literature,na,na,na,na
phee:15183980_1,literature,phee,LITERATURE,-1,literature,na,na,na,na
phee:11881322_1,literature,phee,LITERATURE,-1,literature,na,na,na,na
phee:576675_1,literature,phee,LITERATURE,-1,literature,na,na,na,na
phee:7019786_1,literature,phee,LITERATURE,-1,literature,na,na,na,na
phee:9169264_4,literature,phee,LITERATURE,-1,literature,na,na,na,na
phee:15644988_2,literature,phee,LITERATURE,-1,literature,na,na,na,na
phee:12932249_3,literature,phee,LITERATURE,-1,literature,na,na,na,na
phee:2643458_1,literature,phee,LITERATURE,-1,literature,na,na,na,na
phee:10749332_2,literature,phee,LITERATURE,-1,literature,na,na,na,na
phee:2935070_1,literature,phee,LITERATURE,-1,literature,na,na,na,na
phee:7900744_3,literature,phee,LITERATURE,-1,literature,na,na,na,na
phee:6416845_1,literature,phee,LITERATURE,-1,literature,na,na,na,na
phee:19474653_2,literature,phee,LITERATURE,-1,literature,na,na,na,na
phee:3804181_2,literature,phee,LITERATURE,-1,literature,na,na,na,na
phee:2051906_1,literature,phee,LITERATURE,-1,literature,na,na,na,na
phee:3569037_2,literature,phee,LITERATURE,-1,literature,na,na,na,na
phee:10357715_1,literature,phee,LITERATURE,-1,literature,na,na,na,na
phee:3565435_1,literature,phee,LITERATURE,-1,literature,na,na,na,na
phee:2738729_1,literature,phee,LITERATURE,-1,literature,na,na,na,na
phee:17189581_7,literature,phee,LITERATURE,-1,literature,na,na,na,na
phee:6353252_2,literature,phee,LITERATURE,-1,literature,na,na,na,na
phee:8691927_5,literature,phee,LITERATURE,-1,literature,na,na,na,na
phee:433855_1,literature,phee,LITERATURE,-1,literature,na,na,na,na
phee:20120657_1,literature,phee,LITERATURE,-1,literature,na,na,na,na
phee:18676387_4,literature,phee,LITERATURE,-1,literature,na,na,na,na
phee:7397053_2,literature,phee,LITERATURE,-1,literature,na,na,na,na
phee:9103523_2,literature,phee,LITERATURE,-1,literature,na,na,na,na
phee:10803790_4,literature,phee,LITERATURE,-1,literature,na,na,na,na
phee:1261772_3,literature,phee,LITERATURE,-1,literature,na,na,na,na
phee:6197014_2,literature,phee,LITERATURE,-1,literature,na,na,na,na
phee:12095907_1,literature,phee,LITERATURE,-1,literature,na,na,na,na
phee:9831311_5,literature,phee,LITERATURE,-1,literature,na,na,na,na
phee:1722991_6,literature,phee,LITERATURE,-1,literature,na,na,na,na
phee:3067748_1,literature,phee,LITERATURE,-1,literature,na,na,na,na
phee:16012330_7,literature,phee,LITERATURE,-1,literature,na,na,na,na
phee:11328247_3,literature,phee,LITERATURE,-1,literature,na,na,na,na
phee:11131346_3,literature,phee,LITERATURE,-1,literature,na,na,na,na
phee:11675845_9,literature,phee,LITERATURE,-1,literature,na,na,na,na
phee:25671244_1,literature,phee,LITERATURE,-1,literature,na,na,na,na
phee:11700998_2,literature,phee,LITERATURE,-1,literature,na,na,na,na
phee:9634122_4,literature,phee,LITERATURE,-1,literature,na,na,na,na
phee:19203515_1,literature,phee,LITERATURE,-1,literature,na,na,na,na
phee:17189581_11,literature,phee,LITERATURE,-1,literature,na,na,na,na
phee:19018868_2,literature,phee,LITERATURE,-1,literature,na,na,na,na
phee:18176653_11,literature,phee,LITERATURE,-1,literature,na,na,na,na
phee:2076372_1,literature,phee,LITERATURE,-1,literature,na,na,na,na
phee:15482394_2,literature,phee,LITERATURE,-1,literature,na,na,na,na
phee:17852449_3,literature,phee,LITERATURE,-1,literature,na,na,na,na
phee:2302898_1,literature,phee,LITERATURE,-1,literature,na,na,na,na
phee:17381671_3,literature,phee,LITERATURE,-1,literature,na,na,na,na
phee:21712512_11,literature,phee,LITERATURE,-1,literature,na,na,na,na
phee:847572_2,literature,phee,LITERATURE,-1,literature,na,na,na,na
phee:12951892_2,literature,phee,LITERATURE,-1,literature,na,na,na,na
phee:8891729_3,literature,phee,LITERATURE,-1,literature,na,na,na,na
phee:19034138_4,literature,phee,LITERATURE,-1,literature,na,na,na,na
phee:1378497_4,literature,phee,LITERATURE,-1,literature,na,na,na,na
phee:10367184_3,literature,phee,LITERATURE,-1,literature,na,na,na,na
phee:7226916_2,literature,phee,LITERATURE,-1,literature,na,na,na,na
phee:578255_2,literature,phee,LITERATURE,-1,literature,na,na,na,na
phee:8742573_2,literature,phee,LITERATURE,-1,literature,na,na,na,na
phee:20412003_6,literature,phee,LITERATURE,-1,literature,na,na,na,na
phee:10897389_2,literature,phee,LITERATURE,-1,literature,na,na,na,na
phee:14740795_2,literature,phee,LITERATURE,-1,literature,na,na,na,na
phee:16767537_3,literature,phee,LITERATURE,-1,literature,na,na,na,na
phee:12590235_2,literature,phee,LITERATURE,-1,literature,na,na,na,na
phee:15694139_4,literature,phee,LITERATURE,-1,literature,na,na,na,na
phee:6414095_5,literature,phee,LITERATURE,-1,literature,na,na,na,na
phee:11757641_1,literature,phee,LITERATURE,-1,literature,na,na,na,na
phee:2327115_1,literature,phee,LITERATURE,-1,literature,na,na,na,na
phee:16945058_1,literature,phee,LITERATURE,-1,literature,na,na,na,na
phee:9497597_2,literature,phee,LITERATURE,-1,literature,na,na,na,na
phee:12811715_3,literature,phee,LITERATURE,-1,literature,na,na,na,na
phee:11399735_3,literature,phee,LITERATURE,-1,literature,na,na,na,na
phee:19226083_16,literature,phee,LITERATURE,-1,literature,na,na,na,na
phee:14711147_4,literature,phee,LITERATURE,-1,literature,na,na,na,na
phee:15097937_2,literature,phee,LITERATURE,-1,literature,na,na,na,na
phee:9161656_3,literature,phee,LITERATURE,-1,literature,na,na,na,na
phee:18294121_3,literature,phee,LITERATURE,-1,literature,na,na,na,na
phee:7835785_1,literature,phee,LITERATURE,-1,literature,na,na,na,na
phee:18585545_2,literature,phee,LITERATURE,-1,literature,na,na,na,na
phee:18609153_1,literature,phee,LITERATURE,-1,literature,na,na,na,na
phee:17228132_4,literature,phee,LITERATURE,-1,literature,na,na,na,na
phee:16914372_1,literature,phee,LITERATURE,-1,literature,na,na,na,na
phee:7962394_1,literature,phee,LITERATURE,-1,literature,na,na,na,na
phee:14526130_2,literature,phee,LITERATURE,-1,literature,na,na,na,na
phee:576675_3,literature,phee,LITERATURE,-1,literature,na,na,na,na
phee:18459568_1,literature,phee,LITERATURE,-1,literature,na,na,na,na
phee:18665833_2,literature,phee,LITERATURE,-1,literature,na,na,na,na
phee:10048291_1,literature,phee,LITERATURE,-1,literature,na,na,na,na
phee:8949576_2,literature,phee,LITERATURE,-1,literature,na,na,na,na
phee:15162903_1,literature,phee,LITERATURE,-1,literature,na,na,na,na
phee:566977_3,literature,phee,LITERATURE,-1,literature,na,na,na,na
phee:578255_1,literature,phee,LITERATURE,-1,literature,na,na,na,na
phee:11022272_3,literature,phee,LITERATURE,-1,literature,na,na,na,na
phee:19226083_4,literature,phee,LITERATURE,-1,literature,na,na,na,na
phee:4082283_6,literature,phee,LITERATURE,-1,literature,na,na,na,na
phee:8485005_1,literature,phee,LITERATURE,-1,literature,na,na,na,na
phee:16757971_1,literature,phee,LITERATURE,-1,literature,na,na,na,na
phee:17163271_3,literature,phee,LITERATURE,-1,literature,na,na,na,na
phee:3200786_1,literature,phee,LITERATURE,-1,literature,na,na,na,na
phee:19235747_2,literature,phee,LITERATURE,-1,literature,na,na,na,na
phee:14641354_1,literature,phee,LITERATURE,-1,literature,na,na,na,na
phee:12656748_2,literature,phee,LITERATURE,-1,literature,na,na,na,na
phee:15592331_1,literature,phee,LITERATURE,-1,literature,na,na,na,na
phee:10426918_1,literature,phee,LITERATURE,-1,literature,na,na,na,na
phee:7831179_2,literature,phee,LITERATURE,-1,literature,na,na,na,na
phee:19145124_2,literature,phee,LITERATURE,-1,literature,na,na,na,na
phee:19949685_3,literature,phee,LITERATURE,-1,literature,na,na,na,na
phee:18191947_1,literature,phee,LITERATURE,-1,literature,na,na,na,na
phee:14760958_1,literature,phee,LITERATURE,-1,literature,na,na,na,na
phee:9494448_8,literature,phee,LITERATURE,-1,literature,na,na,na,na
phee:9184269_6,literature,phee,LITERATURE,-1,literature,na,na,na,na
phee:11972105_1,literature,phee,LITERATURE,-1,literature,na,na,na,na
phee:2329972_2,literature,phee,LITERATURE,-1,literature,na,na,na,na
phee:11886466_2,literature,phee,LITERATURE,-1,literature,na,na,na,na
phee:4031907_1,literature,phee,LITERATURE,-1,literature,na,na,na,na
phee:19904536_1,literature,phee,LITERATURE,-1,literature,na,na,na,na
phee:18801826_1,literature,phee,LITERATURE,-1,literature,na,na,na,na
phee:15494638_20,literature,phee,LITERATURE,-1,literature,na,na,na,na
phee:17381671_11,literature,phee,LITERATURE,-1,literature,na,na,na,na
phee:17968817_2,literature,phee,LITERATURE,-1,literature,na,na,na,na
phee:12114387_2,literature,phee,LITERATURE,-1,literature,na,na,na,na
phee:18717612_2,literature,phee,LITERATURE,-1,literature,na,na,na,na
phee:12503933_3,literature,phee,LITERATURE,-1,literature,na,na,na,na
phee:10410183_10,literature,phee,LITERATURE,-1,literature,na,na,na,na
phee:12163813_2,literature,phee,LITERATURE,-1,literature,na,na,na,na
phee:8445549_1,literature,phee,LITERATURE,-1,literature,na,na,na,na
phee:8031432_1,literature,phee,LITERATURE,-1,literature,na,na,na,na
phee:12460237_4,literature,phee,LITERATURE,-1,literature,na,na,na,na
phee:6408978_1,literature,phee,LITERATURE,-1,literature,na,na,na,na
phee:12494253_1,literature,phee,LITERATURE,-1,literature,na,na,na,na
phee:7937287_1,literature,phee,LITERATURE,-1,literature,na,na,na,na
phee:11026106_3,literature,phee,LITERATURE,-1,literature,na,na,na,na
phee:16371793_1,literature,phee,LITERATURE,-1,literature,na,na,na,na
phee:24661191_4,literature,phee,LITERATURE,-1,literature,na,na,na,na
phee:11243427_3,literature,phee,LITERATURE,-1,literature,na,na,na,na
phee:15197722_3,literature,phee,LITERATURE,-1,literature,na,na,na,na
phee:11093071_2,literature,phee,LITERATURE,-1,literature,na,na,na,na
phee:9494448_6,literature,phee,LITERATURE,-1,literature,na,na,na,na
phee:18721173_2,literature,phee,LITERATURE,-1,literature,na,na,na,na
phee:16854757_1,literature,phee,LITERATURE,-1,literature,na,na,na,na
phee:15671134_4,literature,phee,LITERATURE,-1,literature,na,na,na,na
phee:847572_3,literature,phee,LITERATURE,-1,literature,na,na,na,na
phee:3470173_4,literature,phee,LITERATURE,-1,literature,na,na,na,na
phee:11545487_5,literature,phee,LITERATURE,-1,literature,na,na,na,na
phee:9022114_1,literature,phee,LITERATURE,-1,literature,na,na,na,na
phee:1792646_1,literature,phee,LITERATURE,-1,literature,na,na,na,na
phee:14690166_5,literature,phee,LITERATURE,-1,literature,na,na,na,na
phee:14700673_1,literature,phee,LITERATURE,-1,literature,na,na,na,na
phee:19745701_1,literature,phee,LITERATURE,-1,literature,na,na,na,na
phee:3195622_2,literature,phee,LITERATURE,-1,literature,na,na,na,na
phee:16371793_11,literature,phee,LITERATURE,-1,literature,na,na,na,na
phee:17458405_2,literature,phee,LITERATURE,-1,literature,na,na,na,na
phee:7272895_2,literature,phee,LITERATURE,-1,literature,na,na,na,na
phee:17852449_6,literature,phee,LITERATURE,-1,literature,na,na,na,na
phee:19857154_5,literature,phee,LITERATURE,-1,literature,na,na,na,na
phee:17009081_1,literature,phee,LITERATURE,-1,literature,na,na,na,na
phee:17444802_4,literature,phee,LITERATURE,-1,literature,na,na,na,na
phee:16421117_1,literature,phee,LITERATURE,-1,literature,na,na,na,na
phee:15097937_3,literature,phee,LITERATURE,-1,literature,na,na,na,na
phee:2332596_3,literature,phee,LITERATURE,-1,literature,na,na,na,na
phee:10461415_1,literature,phee,LITERATURE,-1,literature,na,na,na,na
phee:11487721_2,literature,phee,LITERATURE,-1,literature,na,na,na,na
phee:7919557_5,literature,phee,LITERATURE,-1,literature,na,na,na,na
phee:7321956_1,literature,phee,LITERATURE,-1,literature,na,na,na,na
phee:7606071_6,literature,phee,LITERATURE,-1,literature,na,na,na,na
phee:2329972_1,literature,phee,LITERATURE,-1,literature,na,na,na,na
phee:12932249_2,literature,phee,LITERATURE,-1,literature,na,na,na,na
phee:11144696_12,literature,phee,LITERATURE,-1,literature,na,na,na,na
phee:16298824_6,literature,phee,LITERATURE,-1,literature,na,na,na,na
phee:16573370_6,literature,phee,LITERATURE,-1,literature,na,na,na,na
phee:19357764_1,literature,phee,LITERATURE,-1,literature,na,na,na,na
phee:2743258_1,literature,phee,LITERATURE,-1,literature,na,na,na,na
phee:1694575_1,literature,phee,LITERATURE,-1,literature,na,na,na,na
phee:8742573_1,literature,phee,LITERATURE,-1,literature,na,na,na,na
phee:16923659_6,literature,phee,LITERATURE,-1,literature,na,na,na,na
phee:17526968_2,literature,phee,LITERATURE,-1,literature,na,na,na,na
phee:17352036_2,literature,phee,LITERATURE,-1,literature,na,na,na,na
phee:3773837_1,literature,phee,LITERATURE,-1,literature,na,na,na,na
phee:18176653_4,literature,phee,LITERATURE,-1,literature,na,na,na,na
phee:20118434_3,literature,phee,LITERATURE,-1,literature,na,na,na,na
phee:19733945_3,literature,phee,LITERATURE,-1,literature,na,na,na,na
phee:15359206_1,literature,phee,LITERATURE,-1,literature,na,na,na,na
phee:17352036_1,literature,phee,LITERATURE,-1,literature,na,na,na,na
phee:3977377_1,literature,phee,LITERATURE,-1,literature,na,na,na,na
phee:4054170_2,literature,phee,LITERATURE,-1,literature,na,na,na,na
phee:25671244_3,literature,phee,LITERATURE,-1,literature,na,na,na,na
phee:12598508_2,literature,phee,LITERATURE,-1,literature,na,na,na,na
phee:1993143_1,literature,phee,LITERATURE,-1,literature,na,na,na,na
phee:1174301_1,literature,phee,LITERATURE,-1,literature,na,na,na,na
phee:16436462_1,literature,phee,LITERATURE,-1,literature,na,na,na,na
phee:17383767_2,literature,phee,LITERATURE,-1,literature,na,na,na,na
phee:18343993_2,literature,phee,LITERATURE,-1,literature,na,na,na,na
phee:12944250_3,literature,phee,LITERATURE,-1,literature,na,na,na,na
phee:7781845_2,literature,phee,LITERATURE,-1,literature,na,na,na,na
phee:14690166_6,literature,phee,LITERATURE,-1,literature,na,na,na,na
phee:8192712_3,literature,phee,LITERATURE,-1,literature,na,na,na,na
phee:11215836_2,literature,phee,LITERATURE,-1,literature,na,na,na,na
phee:7295427_1,literature,phee,LITERATURE,-1,literature,na,na,na,na
phee:8641617_4,literature,phee,LITERATURE,-1,literature,na,na,na,na
phee:8828999_2,literature,phee,LITERATURE,-1,literature,na,na,na,na
phee:12944250_1,literature,phee,LITERATURE,-1,literature,na,na,na,na
phee:12121061_6,literature,phee,LITERATURE,-1,literature,na,na,na,na
phee:15013892_1,literature,phee,LITERATURE,-1,literature,na,na,na,na
phee:11545487_4,literature,phee,LITERATURE,-1,literature,na,na,na,na
phee:2394154_2,literature,phee,LITERATURE,-1,literature,na,na,na,na
phee:16637972_3,literature,phee,LITERATURE,-1,literature,na,na,na,na
phee:9476721_1,literature,phee,LITERATURE,-1,literature,na,na,na,na
phee:12862258_2,literature,phee,LITERATURE,-1,literature,na,na,na,na
phee:17285101_2,literature,phee,LITERATURE,-1,literature,na,na,na,na
phee:16968538_2,literature,phee,LITERATURE,-1,literature,na,na,na,na
phee:17406804_2,literature,phee,LITERATURE,-1,literature,na,na,na,na
phee:15454180_2,literature,phee,LITERATURE,-1,literature,na,na,na,na
phee:189279_3,literature,phee,LITERATURE,-1,literature,na,na,na,na
phee:7663030_5,literature,phee,LITERATURE,-1,literature,na,na,na,na
phee:12013364_1,literature,phee,LITERATURE,-1,literature,na,na,na,na
phee:10650865_2,literature,phee,LITERATURE,-1,literature,na,na,na,na
phee:961329_2,literature,phee,LITERATURE,-1,literature,na,na,na,na
phee:9788533_1,literature,phee,LITERATURE,-1,literature,na,na,na,na
phee:15611427_1,literature,phee,LITERATURE,-1,literature,na,na,na,na
phee:9302445_2,literature,phee,LITERATURE,-1,literature,na,na,na,na
phee:17383767_1,literature,phee,LITERATURE,-1,literature,na,na,na,na
phee:10599932_2,literature,phee,LITERATURE,-1,literature,na,na,na,na
phee:3301251_4,literature,phee,LITERATURE,-1,literature,na,na,na,na
phee:8832451_2,literature,phee,LITERATURE,-1,literature,na,na,na,na
phee:12680486_1,literature,phee,LITERATURE,-1,literature,na,na,na,na
phee:11034877_1,literature,phee,LITERATURE,-1,literature,na,na,na,na
phee:1954704_1,literature,phee,LITERATURE,-1,literature,na,na,na,na
phee:18465737_1,literature,phee,LITERATURE,-1,literature,na,na,na,na
phee:7321956_2,literature,phee,LITERATURE,-1,literature,na,na,na,na
phee:21448111_5,literature,phee,LITERATURE,-1,literature,na,na,na,na
phee:7724306_5,literature,phee,LITERATURE,-1,literature,na,na,na,na
phee:9846036_4,literature,phee,LITERATURE,-1,literature,na,na,na,na
phee:18344455_3,literature,phee,LITERATURE,-1,literature,na,na,na,na
phee:2051906_3,literature,phee,LITERATURE,-1,literature,na,na,na,na
phee:20185472_1,literature,phee,LITERATURE,-1,literature,na,na,na,na
phee:9337441_2,literature,phee,LITERATURE,-1,literature,na,na,na,na
phee:1295628_3,literature,phee,LITERATURE,-1,literature,na,na,na,na
phee:6766717_1,literature,phee,LITERATURE,-1,literature,na,na,na,na
phee:15316423_1,literature,phee,LITERATURE,-1,literature,na,na,na,na
phee:527355_2,literature,phee,LITERATURE,-1,literature,na,na,na,na
phee:18607107_1,literature,phee,LITERATURE,-1,literature,na,na,na,na
phee:16062101_2,literature,phee,LITERATURE,-1,literature,na,na,na,na
phee:17324248_2,literature,phee,LITERATURE,-1,literature,na,na,na,na
phee:17122225_1,literature,phee,LITERATURE,-1,literature,na,na,na,na
phee:19897274_1,literature,phee,LITERATURE,-1,literature,na,na,na,na
phee:20338114_2,literature,phee,LITERATURE,-1,literature,na,na,na,na
phee:1722991_9,literature,phee,LITERATURE,-1,literature,na,na,na,na
phee:3997294_1,literature,phee,LITERATURE,-1,literature,na,na,na,na
phee:15852680_2,literature,phee,LITERATURE,-1,literature,na,na,na,na
phee:10410183_9,literature,phee,LITERATURE,-1,literature,na,na,na,na
phee:8292513_2,literature,phee,LITERATURE,-1,literature,na,na,na,na
phee:8530331_6,literature,phee,LITERATURE,-1,literature,na,na,na,na
phee:25157214_2,literature,phee,LITERATURE,-1,literature,na,na,na,na
phee:2781955_1,literature,phee,LITERATURE,-1,literature,na,na,na,na
phee:7973922_1,literature,phee,LITERATURE,-1,literature,na,na,na,na
phee:24163322_1,literature,phee,LITERATURE,-1,literature,na,na,na,na
phee:9230324_1,literature,phee,LITERATURE,-1,literature,na,na,na,na
phee:8384030_5,literature,phee,LITERATURE,-1,literature,na,na,na,na
phee:7282702_1,literature,phee,LITERATURE,-1,literature,na,na,na,na
phee:25407257_6,literature,phee,LITERATURE,-1,literature,na,na,na,na
phee:19669617_1,literature,phee,LITERATURE,-1,literature,na,na,na,na
phee:4082283_2,literature,phee,LITERATURE,-1,literature,na,na,na,na
phee:21887897_1,literature,phee,LITERATURE,-1,literature,na,na,na,na
phee:2212262_1,literature,phee,LITERATURE,-1,literature,na,na,na,na
phee:10546851_5,literature,phee,LITERATURE,-1,literature,na,na,na,na
phee:19034138_6,literature,phee,LITERATURE,-1,literature,na,na,na,na
phee:12114387_3,literature,phee,LITERATURE,-1,literature,na,na,na,na
phee:12587815_3,literature,phee,LITERATURE,-1,literature,na,na,na,na
phee:3878320_1,literature,phee,LITERATURE,-1,literature,na,na,na,na
phee:16641839_3,literature,phee,LITERATURE,-1,literature,na,na,na,na
phee:23868369_2,literature,phee,LITERATURE,-1,literature,na,na,na,na
phee:8244201_2,literature,phee,LITERATURE,-1,literature,na,na,na,na
phee:18067642_4,literature,phee,LITERATURE,-1,literature,na,na,na,na
phee:8771575_2,literature,phee,LITERATURE,-1,literature,na,na,na,na
phee:2554727_2,literature,phee,LITERATURE,-1,literature,na,na,na,na
phee:2452936_1,literature,phee,LITERATURE,-1,literature,na,na,na,na
phee:17556909_3,literature,phee,LITERATURE,-1,literature,na,na,na,na
phee:12776809_4,literature,phee,LITERATURE,-1,literature,na,na,na,na
phee:7865488_2,literature,phee,LITERATURE,-1,literature,na,na,na,na
phee:12944250_2,literature,phee,LITERATURE,-1,literature,na,na,na,na
phee:8586895_1,literature,phee,LITERATURE,-1,literature,na,na,na,na
phee:10723699_1,literature,phee,LITERATURE,-1,literature,na,na,na,na
phee:12889716_2,literature,phee,LITERATURE,-1,literature,na,na,na,na
phee:15331204_7,literature,phee,LITERATURE,-1,literature,na,na,na,na
phee:10679548_4,literature,phee,LITERATURE,-1,literature,na,na,na,na
phee:12163813_3,literature,phee,LITERATURE,-1,literature,na,na,na,na
phee:24477376_4,literature,phee,LITERATURE,-1,literature,na,na,na,na
phee:8239963_1,literature,phee,LITERATURE,-1,literature,na,na,na,na
phee:11122162_1,literature,phee,LITERATURE,-1,literature,na,na,na,na
phee:6093724_3,literature,phee,LITERATURE,-1,literature,na,na,na,na
phee:9876809_2,literature,phee,LITERATURE,-1,literature,na,na,na,na
phee:3558331_2,literature,phee,LITERATURE,-1,literature,na,na,na,na
phee:16012330_2,literature,phee,LITERATURE,-1,literature,na,na,na,na
phee:16062101_4,literature,phee,LITERATURE,-1,literature,na,na,na,na
phee:1751354_1,literature,phee,LITERATURE,-1,literature,na,na,na,na
phee:12915840_2,literature,phee,LITERATURE,-1,literature,na,na,na,na
phee:7577414_3,literature,phee,LITERATURE,-1,literature,na,na,na,na
phee:10803790_5,literature,phee,LITERATURE,-1,literature,na,na,na,na
phee:1814986_1,literature,phee,LITERATURE,-1,literature,na,na,na,na
phee:15359206_2,literature,phee,LITERATURE,-1,literature,na,na,na,na
phee:21512888_4,literature,phee,LITERATURE,-1,literature,na,na,na,na
phee:15190230_3,literature,phee,LITERATURE,-1,literature,na,na,na,na
phee:18805724_1,literature,phee,LITERATURE,-1,literature,na,na,na,na
phee:1445134_3,literature,phee,LITERATURE,-1,literature,na,na,na,na
phee:1765991_2,literature,phee,LITERATURE,-1,literature,na,na,na,na
phee:7668127_3,literature,phee,LITERATURE,-1,literature,na,na,na,na
phee:16225183_6,literature,phee,LITERATURE,-1,literature,na,na,na,na
phee:2369419_3,literature,phee,LITERATURE,-1,literature,na,na,na,na
phee:17228132_6,literature,phee,LITERATURE,-1,literature,na,na,na,na
phee:24791374_6,literature,phee,LITERATURE,-1,literature,na,na,na,na
phee:9972383_3,literature,phee,LITERATURE,-1,literature,na,na,na,na
phee:2894766_2,literature,phee,LITERATURE,-1,literature,na,na,na,na
phee:6414095_1,literature,phee,LITERATURE,-1,literature,na,na,na,na
phee:2406680_2,literature,phee,LITERATURE,-1,literature,na,na,na,na
phee:16527771_3,literature,phee,LITERATURE,-1,literature,na,na,na,na
phee:18983414_1,literature,phee,LITERATURE,-1,literature,na,na,na,na
phee:10452772_4,literature,phee,LITERATURE,-1,literature,na,na,na,na
phee:8053440_3,literature,phee,LITERATURE,-1,literature,na,na,na,na
phee:9191742_2,literature,phee,LITERATURE,-1,literature,na,na,na,na
phee:16540070_2,literature,phee,LITERATURE,-1,literature,na,na,na,na
phee:1642627_2,literature,phee,LITERATURE,-1,literature,na,na,na,na
phee:12221670_3,literature,phee,LITERATURE,-1,literature,na,na,na,na
phee:14998226_9,literature,phee,LITERATURE,-1,literature,na,na,na,na
phee:16884425_1,literature,phee,LITERATURE,-1,literature,na,na,na,na
phee:3947272_2,literature,phee,LITERATURE,-1,literature,na,na,na,na
phee:8586895_2,literature,phee,LITERATURE,-1,literature,na,na,na,na
phee:1772299_2,literature,phee,LITERATURE,-1,literature,na,na,na,na
phee:6998294_2,literature,phee,LITERATURE,-1,literature,na,na,na,na
phee:3195622_1,literature,phee,LITERATURE,-1,literature,na,na,na,na
phee:17324248_1,literature,phee,LITERATURE,-1,literature,na,na,na,na
phee:18171260_4,literature,phee,LITERATURE,-1,literature,na,na,na,na
phee:23868369_4,literature,phee,LITERATURE,-1,literature,na,na,na,na
phee:15379082_1,literature,phee,LITERATURE,-1,literature,na,na,na,na
phee:8530331_2,literature,phee,LITERATURE,-1,literature,na,na,na,na
phee:19949685_2,literature,phee,LITERATURE,-1,literature,na,na,na,na
phee:12494253_3,literature,phee,LITERATURE,-1,literature,na,na,na,na
phee:17324248_3,literature,phee,LITERATURE,-1,literature,na,na,na,na
phee:14601701_2,literature,phee,LITERATURE,-1,literature,na,na,na,na
phee:15878975_4,literature,phee,LITERATURE,-1,literature,na,na,na,na
phee:8363533_2,literature,phee,LITERATURE,-1,literature,na,na,na,na
phee:17522786_2,literature,phee,LITERATURE,-1,literature,na,na,na,na
phee:15790469_1,literature,phee,LITERATURE,-1,literature,na,na,na,na
phee:1420650_1,literature,phee,LITERATURE,-1,literature,na,na,na,na
phee:2320800_6,literature,phee,LITERATURE,-1,literature,na,na,na,na
phee:7865488_1,literature,phee,LITERATURE,-1,literature,na,na,na,na
phee:11737689_1,literature,phee,LITERATURE,-1,literature,na,na,na,na
phee:1261772_2,literature,phee,LITERATURE,-1,literature,na,na,na,na
phee:9754850_5,literature,phee,LITERATURE,-1,literature,na,na,na,na
phee:11206417_2,literature,phee,LITERATURE,-1,literature,na,na,na,na
phee:17536204_1,literature,phee,LITERATURE,-1,literature,na,na,na,na
phee:7900744_6,literature,phee,LITERATURE,-1,literature,na,na,na,na
phee:23673446_6,literature,phee,LITERATURE,-1,literature,na,na,na,na
phee:18421192_2,literature,phee,LITERATURE,-1,literature,na,na,na,na
phee:19474653_1,literature,phee,LITERATURE,-1,literature,na,na,na,na
phee:11788010_4,literature,phee,LITERATURE,-1,literature,na,na,na,na
phee:16326413_1,literature,phee,LITERATURE,-1,literature,na,na,na,na
phee:2116935_1,literature,phee,LITERATURE,-1,literature,na,na,na,na
phee:18648015_2,literature,phee,LITERATURE,-1,literature,na,na,na,na
phee:15533031_1,literature,phee,LITERATURE,-1,literature,na,na,na,na
phee:6245286_1,literature,phee,LITERATURE,-1,literature,na,na,na,na
phee:4004433_1,literature,phee,LITERATURE,-1,literature,na,na,na,na
phee:6608139_1,literature,phee,LITERATURE,-1,literature,na,na,na,na
phee:2076372_2,literature,phee,LITERATURE,-1,literature,na,na,na,na
phee:8396491_1,literature,phee,LITERATURE,-1,literature,na,na,na,na
phee:9892272_2,literature,phee,LITERATURE,-1,literature,na,na,na,na
phee:3763264_5,literature,phee,LITERATURE,-1,literature,na,na,na,na
phee:9642842_1,literature,phee,LITERATURE,-1,literature,na,na,na,na
phee:9634122_2,literature,phee,LITERATURE,-1,literature,na,na,na,na
phee:7436161_4,literature,phee,LITERATURE,-1,literature,na,na,na,na
phee:8013261_4,literature,phee,LITERATURE,-1,literature,na,na,na,na
phee:11174414_4,literature,phee,LITERATURE,-1,literature,na,na,na,na
phee:16119501_4,literature,phee,LITERATURE,-1,literature,na,na,na,na
phee:9403220_1,literature,phee,LITERATURE,-1,literature,na,na,na,na
phee:7663030_14,literature,phee,LITERATURE,-1,literature,na,na,na,na
phee:18821094_2,literature,phee,LITERATURE,-1,literature,na,na,na,na
phee:489527_1,literature,phee,LITERATURE,-1,literature,na,na,na,na
phee:20456080_1,literature,phee,LITERATURE,-1,literature,na,na,na,na
phee:16044093_1,literature,phee,LITERATURE,-1,literature,na,na,na,na
phee:14641354_2,literature,phee,LITERATURE,-1,literature,na,na,na,na
phee:7496198_9,literature,phee,LITERATURE,-1,literature,na,na,na,na
phee:3997294_2,literature,phee,LITERATURE,-1,literature,na,na,na,na
phee:12503933_2,literature,phee,LITERATURE,-1,literature,na,na,na,na
phee:1584367_3,literature,phee,LITERATURE,-1,literature,na,na,na,na
phee:19857154_4,literature,phee,LITERATURE,-1,literature,na,na,na,na
phee:11020127_4,literature,phee,LITERATURE,-1,literature,na,na,na,na
phee:17987285_12,literature,phee,LITERATURE,-1,literature,na,na,na,na
phee:15878975_5,literature,phee,LITERATURE,-1,literature,na,na,na,na
phee:15795553_1,literature,phee,LITERATURE,-1,literature,na,na,na,na
phee:10458196_1,literature,phee,LITERATURE,-1,literature,na,na,na,na
phee:489527_2,literature,phee,LITERATURE,-1,literature,na,na,na,na
phee:9545161_4,literature,phee,LITERATURE,-1,literature,na,na,na,na
phee:10650865_1,literature,phee,LITERATURE,-1,literature,na,na,na,na
phee:6093724_1,literature,phee,LITERATURE,-1,literature,na,na,na,na
phee:7439122_1,literature,phee,LITERATURE,-1,literature,na,na,na,na
phee:17473493_2,literature,phee,LITERATURE,-1,literature,na,na,na,na
phee:9545161_5,literature,phee,LITERATURE,-1,literature,na,na,na,na
phee:11207969_1,literature,phee,LITERATURE,-1,literature,na,na,na,na
phee:515777_1,literature,phee,LITERATURE,-1,literature,na,na,na,na
phee:15977922_1,literature,phee,LITERATURE,-1,literature,na,na,na,na
phee:9494448_2,literature,phee,LITERATURE,-1,literature,na,na,na,na
phee:14960440_2,literature,phee,LITERATURE,-1,literature,na,na,na,na
phee:10808214_1,literature,phee,LITERATURE,-1,literature,na,na,na,na
phee:9240497_2,literature,phee,LITERATURE,-1,literature,na,na,na,na
phee:16863495_1,literature,phee,LITERATURE,-1,literature,na,na,na,na
phee:16062101_1,literature,phee,LITERATURE,-1,literature,na,na,na,na
phee:12792223_4,literature,phee,LITERATURE,-1,literature,na,na,na,na
phee:11722307_4,literature,phee,LITERATURE,-1,literature,na,na,na,na
phee:11180704_1,literature,phee,LITERATURE,-1,literature,na,na,na,na
phee:8260059_2,literature,phee,LITERATURE,-1,literature,na,na,na,na
phee:9205466_1,literature,phee,LITERATURE,-1,literature,na,na,na,na
phee:3379435_3,literature,phee,LITERATURE,-1,literature,na,na,na,na
phee:18515982_4,literature,phee,LITERATURE,-1,literature,na,na,na,na
phee:17420198_10,literature,phee,LITERATURE,-1,literature,na,na,na,na
phee:15197722_2,literature,phee,LITERATURE,-1,literature,na,na,na,na
phee:10885900_1,literature,phee,LITERATURE,-1,literature,na,na,na,na
phee:19687711_3,literature,phee,LITERATURE,-1,literature,na,na,na,na
phee:7351000_2,literature,phee,LITERATURE,-1,literature,na,na,na,na
phee:9796135_2,literature,phee,LITERATURE,-1,literature,na,na,na,na
phee:2937155_1,literature,phee,LITERATURE,-1,literature,na,na,na,na
phee:7436161_2,literature,phee,LITERATURE,-1,literature,na,na,na,na
phee:12802933_3,literature,phee,LITERATURE,-1,literature,na,na,na,na
phee:7606071_1,literature,phee,LITERATURE,-1,literature,na,na,na,na
phee:20185472_2,literature,phee,LITERATURE,-1,literature,na,na,na,na
phee:15735923_1,literature,phee,LITERATURE,-1,literature,na,na,na,na
phee:9366852_3,literature,phee,LITERATURE,-1,literature,na,na,na,na
phee:16035204_1,literature,phee,LITERATURE,-1,literature,na,na,na,na
phee:9161656_14,literature,phee,LITERATURE,-1,literature,na,na,na,na
phee:11483161_2,literature,phee,LITERATURE,-1,literature,na,na,na,na
phee:16249064_1,literature,phee,LITERATURE,-1,literature,na,na,na,na
phee:2327115_2,literature,phee,LITERATURE,-1,literature,na,na,na,na
phee:10513720_1,literature,phee,LITERATURE,-1,literature,na,na,na,na
phee:14735388_1,literature,phee,LITERATURE,-1,literature,na,na,na,na
phee:15383642_1,literature,phee,LITERATURE,-1,literature,na,na,na,na
phee:7538828_8,literature,phee,LITERATURE,-1,literature,na,na,na,na
phee:6159523_1,literature,phee,LITERATURE,-1,literature,na,na,na,na
phee:7893301_2,literature,phee,LITERATURE,-1,literature,na,na,na,na
phee:9770151_1,literature,phee,LITERATURE,-1,literature,na,na,na,na
phee:16503727_3,literature,phee,LITERATURE,-1,literature,na,na,na,na
phee:20126479_3,literature,phee,LITERATURE,-1,literature,na,na,na,na
phee:11961411_1,literature,phee,LITERATURE,-1,literature,na,na,na,na
phee:17509184_2,literature,phee,LITERATURE,-1,literature,na,na,na,na
phee:8503421_2,literature,phee,LITERATURE,-1,literature,na,na,na,na
phee:15289139_2,literature,phee,LITERATURE,-1,literature,na,na,na,na
phee:717931_1,literature,phee,LITERATURE,-1,literature,na,na,na,na
phee:11881322_6,literature,phee,LITERATURE,-1,literature,na,na,na,na
phee:15126179_2,literature,phee,LITERATURE,-1,literature,na,na,na,na
phee:12699871_3,literature,phee,LITERATURE,-1,literature,na,na,na,na
phee:19904536_13,literature,phee,LITERATURE,-1,literature,na,na,na,na
phee:6987607_1,literature,phee,LITERATURE,-1,literature,na,na,na,na
phee:8140860_2,literature,phee,LITERATURE,-1,literature,na,na,na,na
phee:18408649_1,literature,phee,LITERATURE,-1,literature,na,na,na,na
phee:7919557_3,literature,phee,LITERATURE,-1,literature,na,na,na,na
phee:17163271_1,literature,phee,LITERATURE,-1,literature,na,na,na,na
phee:11788010_6,literature,phee,LITERATURE,-1,literature,na,na,na,na
phee:1288290_1,literature,phee,LITERATURE,-1,literature,na,na,na,na
phee:18431096_2,literature,phee,LITERATURE,-1,literature,na,na,na,na
phee:10575189_1,literature,phee,LITERATURE,-1,literature,na,na,na,na
phee:15840734_11,literature,phee,LITERATURE,-1,literature,na,na,na,na
phee:9754850_2,literature,phee,LITERATURE,-1,literature,na,na,na,na
phee:8192712_1,literature,phee,LITERATURE,-1,literature,na,na,na,na
phee:12581772_3,literature,phee,LITERATURE,-1,literature,na,na,na,na
phee:12889716_1,literature,phee,LITERATURE,-1,literature,na,na,na,na
phee:7776854_1,literature,phee,LITERATURE,-1,literature,na,na,na,na
phee:24163322_8,literature,phee,LITERATURE,-1,literature,na,na,na,na
phee:19667003_4,literature,phee,LITERATURE,-1,literature,na,na,na,na
phee:1504404_4,literature,phee,LITERATURE,-1,literature,na,na,na,na
phee:12126225_3,literature,phee,LITERATURE,-1,literature,na,na,na,na
phee:3659584_5,literature,phee,LITERATURE,-1,literature,na,na,na,na
phee:7781845_5,literature,phee,LITERATURE,-1,literature,na,na,na,na
phee:9876812_3,literature,phee,LITERATURE,-1,literature,na,na,na,na
phee:11160777_9,literature,phee,LITERATURE,-1,literature,na,na,na,na
phee:15611427_4,literature,phee,LITERATURE,-1,literature,na,na,na,na
phee:2857534_3,literature,phee,LITERATURE,-1,literature,na,na,na,na
phee:8292513_1,literature,phee,LITERATURE,-1,literature,na,na,na,na
phee:15752306_2,literature,phee,LITERATURE,-1,literature,na,na,na,na
phee:6833205_1,literature,phee,LITERATURE,-1,literature,na,na,na,na
phee:7379406_1,literature,phee,LITERATURE,-1,literature,na,na,na,na
phee:6149250_5,literature,phee,LITERATURE,-1,literature,na,na,na,na
phee:10458196_2,literature,phee,LITERATURE,-1,literature,na,na,na,na
phee:6159523_3,literature,phee,LITERATURE,-1,literature,na,na,na,na
phee:10660641_8,literature,phee,LITERATURE,-1,literature,na,na,na,na
phee:7696938_2,literature,phee,LITERATURE,-1,literature,na,na,na,na
phee:1356045_1,literature,phee,LITERATURE,-1,literature,na,na,na,na
phee:1124417_1,literature,phee,LITERATURE,-1,literature,na,na,na,na
phee:10803790_6,literature,phee,LITERATURE,-1,literature,na,na,na,na
phee:16680561_10,literature,phee,LITERATURE,-1,literature,na,na,na,na
phee:412488_2,literature,phee,LITERATURE,-1,literature,na,na,na,na
phee:9892272_3,literature,phee,LITERATURE,-1,literature,na,na,na,na
phee:12121061_1,literature,phee,LITERATURE,-1,literature,na,na,na,na
phee:6947095_1,literature,phee,LITERATURE,-1,literature,na,na,na,na
phee:8926752_1,literature,phee,LITERATURE,-1,literature,na,na,na,na
phee:9494448_1,literature,phee,LITERATURE,-1,literature,na,na,na,na
phee:16029707_2,literature,phee,LITERATURE,-1,literature,na,na,na,na
phee:22735246_2,literature,phee,LITERATURE,-1,literature,na,na,na,na
phee:15543388_3,literature,phee,LITERATURE,-1,literature,na,na,na,na
phee:19224802_5,literature,phee,LITERATURE,-1,literature,na,na,na,na
phee:1688693_4,literature,phee,LITERATURE,-1,literature,na,na,na,na
phee:25671244_4,literature,phee,LITERATURE,-1,literature,na,na,na,na
phee:25515435_1,literature,phee,LITERATURE,-1,literature,na,na,na,na
phee:3569037_1,literature,phee,LITERATURE,-1,literature,na,na,na,na
phee:6692713_2,literature,phee,LITERATURE,-1,literature,na,na,na,na
phee:10466445_3,literature,phee,LITERATURE,-1,literature,na,na,na,na
phee:1765991_4,literature,phee,LITERATURE,-1,literature,na,na,na,na
phee:6519218_2,literature,phee,LITERATURE,-1,literature,na,na,na,na
phee:19995222_2,literature,phee,LITERATURE,-1,literature,na,na,na,na
phee:17228132_8,literature,phee,LITERATURE,-1,literature,na,na,na,na
phee:9161656_15,literature,phee,LITERATURE,-1,literature,na,na,na,na
phee:150825_1,literature,phee,LITERATURE,-1,literature,na,na,na,na
phee:19826099_2,literature,phee,LITERATURE,-1,literature,na,na,na,na
phee:2894766_3,literature,phee,LITERATURE,-1,literature,na,na,na,na
phee:3166573_1,literature,phee,LITERATURE,-1,literature,na,na,na,na
phee:8244201_1,literature,phee,LITERATURE,-1,literature,na,na,na,na
phee:16641839_2,literature,phee,LITERATURE,-1,literature,na,na,na,na
phee:18343993_1,literature,phee,LITERATURE,-1,literature,na,na,na,na
phee:10885900_3,literature,phee,LITERATURE,-1,literature,na,na,na,na
phee:17034541_2,literature,phee,LITERATURE,-1,literature,na,na,na,na
phee:8435665_3,literature,phee,LITERATURE,-1,literature,na,na,na,na
phee:3790438_1,literature,phee,LITERATURE,-1,literature,na,na,na,na
phee:15224368_3,literature,phee,LITERATURE,-1,literature,na,na,na,na
phee:10772434_2,literature,phee,LITERATURE,-1,literature,na,na,na,na
phee:12150593_2,literature,phee,LITERATURE,-1,literature,na,na,na,na
phee:18691992_2,literature,phee,LITERATURE,-1,literature,na,na,na,na
phee:7673653_2,literature,phee,LITERATURE,-1,literature,na,na,na,na
phee:9291634_6,literature,phee,LITERATURE,-1,literature,na,na,na,na
phee:21597286_2,literature,phee,LITERATURE,-1,literature,na,na,na,na
phee:16791713_4,literature,phee,LITERATURE,-1,literature,na,na,na,na
phee:19798640_1,literature,phee,LITERATURE,-1,literature,na,na,na,na
phee:11816261_4,literature,phee,LITERATURE,-1,literature,na,na,na,na
phee:7937287_10,literature,phee,LITERATURE,-1,literature,na,na,na,na
phee:7995508_2,literature,phee,LITERATURE,-1,literature,na,na,na,na
phee:17133571_1,literature,phee,LITERATURE,-1,literature,na,na,na,na
phee:11414270_2,literature,phee,LITERATURE,-1,literature,na,na,na,na
phee:8835752_3,literature,phee,LITERATURE,-1,literature,na,na,na,na
phee:10707759_3,literature,phee,LITERATURE,-1,literature,na,na,na,na
phee:7718983_4,literature,phee,LITERATURE,-1,literature,na,na,na,na
phee:3405528_2,literature,phee,LITERATURE,-1,literature,na,na,na,na
phee:11706664_2,literature,phee,LITERATURE,-1,literature,na,na,na,na
phee:3680913_1,literature,phee,LITERATURE,-1,literature,na,na,na,na
phee:9366852_4,literature,phee,LITERATURE,-1,literature,na,na,na,na
phee:18022748_11,literature,phee,LITERATURE,-1,literature,na,na,na,na
phee:7416268_1,literature,phee,LITERATURE,-1,literature,na,na,na,na
phee:7653281_2,literature,phee,LITERATURE,-1,literature,na,na,na,na
phee:22735246_1,literature,phee,LITERATURE,-1,literature,na,na,na,na
phee:11568758_2,literature,phee,LITERATURE,-1,literature,na,na,na,na
phee:8969033_1,literature,phee,LITERATURE,-1,literature,na,na,na,na
phee:10803790_7,literature,phee,LITERATURE,-1,literature,na,na,na,na
phee:9256906_2,literature,phee,LITERATURE,-1,literature,na,na,na,na
phee:8936932_2,literature,phee,LITERATURE,-1,literature,na,na,na,na
phee:2875665_1,literature,phee,LITERATURE,-1,literature,na,na,na,na
phee:10431414_2,literature,phee,LITERATURE,-1,literature,na,na,na,na
phee:1977935_1,literature,phee,LITERATURE,-1,literature,na,na,na,na
phee:10452772_5,literature,phee,LITERATURE,-1,literature,na,na,na,na
phee:10524732_2,literature,phee,LITERATURE,-1,literature,na,na,na,na
phee:2038845_1,literature,phee,LITERATURE,-1,literature,na,na,na,na
phee:19537383_1,literature,phee,LITERATURE,-1,literature,na,na,na,na
phee:7416268_2,literature,phee,LITERATURE,-1,literature,na,na,na,na
phee:23624139_2,literature,phee,LITERATURE,-1,literature,na,na,na,na
phee:7663030_12,literature,phee,LITERATURE,-1,literature,na,na,na,na
phee:19423610_1,literature,phee,LITERATURE,-1,literature,na,na,na,na
phee:19782276_9,literature,phee,LITERATURE,-1,literature,na,na,na,na
phee:18707772_1,literature,phee,LITERATURE,-1,literature,na,na,na,na
phee:12324937_5,literature,phee,LITERATURE,-1,literature,na,na,na,na
phee:889156_4,literature,phee,LITERATURE,-1,literature,na,na,na,na
phee:1495728_2,literature,phee,LITERATURE,-1,literature,na,na,na,na
phee:14690166_2,literature,phee,LITERATURE,-1,literature,na,na,na,na
phee:19667003_1,literature,phee,LITERATURE,-1,literature,na,na,na,na
phee:10803790_3,literature,phee,LITERATURE,-1,literature,na,na,na,na
phee:10667036_1,literature,phee,LITERATURE,-1,literature,na,na,na,na
phee:7408538_2,literature,phee,LITERATURE,-1,literature,na,na,na,na
phee:9876812_4,literature,phee,LITERATURE,-1,literature,na,na,na,na
phee:18453852_14,literature,phee,LITERATURE,-1,literature,na,na,na,na
phee:19499966_3,literature,phee,LITERATURE,-1,literature,na,na,na,na
phee:7973922_3,literature,phee,LITERATURE,-1,literature,na,na,na,na
phee:4082283_1,literature,phee,LITERATURE,-1,literature,na,na,na,na
phee:15920338_1,literature,phee,LITERATURE,-1,literature,na,na,na,na
phee:8880251_1,literature,phee,LITERATURE,-1,literature,na,na,na,na
phee:19018868_1,literature,phee,LITERATURE,-1,literature,na,na,na,na
phee:21712512_5,literature,phee,LITERATURE,-1,literature,na,na,na,na
phee:7393795_4,literature,phee,LITERATURE,-1,literature,na,na,na,na
phee:19434733_2,literature,phee,LITERATURE,-1,literature,na,na,na,na
phee:3688031_1,literature,phee,LITERATURE,-1,literature,na,na,na,na
phee:2956288_1,literature,phee,LITERATURE,-1,literature,na,na,na,na
phee:10923593_1,literature,phee,LITERATURE,-1,literature,na,na,na,na
phee:18607107_2,literature,phee,LITERATURE,-1,literature,na,na,na,na
phee:19281746_1,literature,phee,LITERATURE,-1,literature,na,na,na,na
phee:7752014_3,literature,phee,LITERATURE,-1,literature,na,na,na,na
phee:8034807_1,literature,phee,LITERATURE,-1,literature,na,na,na,na
phee:17655376_1,literature,phee,LITERATURE,-1,literature,na,na,na,na
phee:19183077_2,literature,phee,LITERATURE,-1,literature,na,na,na,na
phee:7781845_4,literature,phee,LITERATURE,-1,literature,na,na,na,na
phee:8949576_1,literature,phee,LITERATURE,-1,literature,na,na,na,na
phee:18691992_7,literature,phee,LITERATURE,-1,literature,na,na,na,na
phee:17420198_1,literature,phee,LITERATURE,-1,literature,na,na,na,na
phee:12823045_1,literature,phee,LITERATURE,-1,literature,na,na,na,na
phee:2663536_2,literature,phee,LITERATURE,-1,literature,na,na,na,na
phee:8120934_1,literature,phee,LITERATURE,-1,literature,na,na,na,na
phee:20298401_7,literature,phee,LITERATURE,-1,literature,na,na,na,na
phee:11144696_6,literature,phee,LITERATURE,-1,literature,na,na,na,na
phee:17381671_4,literature,phee,LITERATURE,-1,literature,na,na,na,na
phee:18034202_1,literature,phee,LITERATURE,-1,literature,na,na,na,na
phee:10575189_2,literature,phee,LITERATURE,-1,literature,na,na,na,na
phee:8771575_3,literature,phee,LITERATURE,-1,literature,na,na,na,na
phee:19995222_3,literature,phee,LITERATURE,-1,literature,na,na,na,na
phee:2862137_1,literature,phee,LITERATURE,-1,literature,na,na,na,na
phee:19499966_2,literature,phee,LITERATURE,-1,literature,na,na,na,na
phee:18691992_1,literature,phee,LITERATURE,-1,literature,na,na,na,na
phee:6353252_1,literature,phee,LITERATURE,-1,literature,na,na,na,na
phee:16498048_3,literature,phee,LITERATURE,-1,literature,na,na,na,na
phee:12107858_1,literature,phee,LITERATURE,-1,literature,na,na,na,na
phee:10466445_8,literature,phee,LITERATURE,-1,literature,na,na,na,na
phee:19104709_2,literature,phee,LITERATURE,-1,literature,na,na,na,na
phee:17551408_1,literature,phee,LITERATURE,-1,literature,na,na,na,na
phee:9013348_3,literature,phee,LITERATURE,-1,literature,na,na,na,na
phee:7814182_2,literature,phee,LITERATURE,-1,literature,na,na,na,na
phee:2442958_3,literature,phee,LITERATURE,-1,literature,na,na,na,na
phee:7933665_1,literature,phee,LITERATURE,-1,literature,na,na,na,na
phee:2796025_2,literature,phee,LITERATURE,-1,literature,na,na,na,na
phee:3101617_2,literature,phee,LITERATURE,-1,literature,na,na,na,na
phee:10546851_1,literature,phee,LITERATURE,-1,literature,na,na,na,na
phee:4095247_1,literature,phee,LITERATURE,-1,literature,na,na,na,na
phee:7397053_1,literature,phee,LITERATURE,-1,literature,na,na,na,na
phee:11868077_2,literature,phee,LITERATURE,-1,literature,na,na,na,na
phee:17420198_5,literature,phee,LITERATURE,-1,literature,na,na,na,na
phee:15133245_3,literature,phee,LITERATURE,-1,literature,na,na,na,na
phee:9476721_3,literature,phee,LITERATURE,-1,literature,na,na,na,na
phee:19579947_2,literature,phee,LITERATURE,-1,literature,na,na,na,na
phee:9883483_2,literature,phee,LITERATURE,-1,literature,na,na,na,na
phee:16997047_1,literature,phee,LITERATURE,-1,literature,na,na,na,na
phee:3797173_1,literature,phee,LITERATURE,-1,literature,na,na,na,na
phee:12796597_4,literature,phee,LITERATURE,-1,literature,na,na,na,na
phee:6093724_2,literature,phee,LITERATURE,-1,literature,na,na,na,na
phee:19857154_7,literature,phee,LITERATURE,-1,literature,na,na,na,na
phee:6860059_1,literature,phee,LITERATURE,-1,literature,na,na,na,na
phee:3397227_1,literature,phee,LITERATURE,-1,literature,na,na,na,na
phee:9674820_1,literature,phee,LITERATURE,-1,literature,na,na,na,na
phee:16960880_2,literature,phee,LITERATURE,-1,literature,na,na,na,na
phee:8313300_6,literature,phee,LITERATURE,-1,literature,na,na,na,na
phee:8604715_2,literature,phee,LITERATURE,-1,literature,na,na,na,na
phee:7919557_2,literature,phee,LITERATURE,-1,literature,na,na,na,na
phee:20298401_2,literature,phee,LITERATURE,-1,literature,na,na,na,na
phee:17383767_4,literature,phee,LITERATURE,-1,literature,na,na,na,na
phee:18515982_1,literature,phee,LITERATURE,-1,literature,na,na,na,na
phee:12324937_1,literature,phee,LITERATURE,-1,literature,na,na,na,na
phee:12460237_1,literature,phee,LITERATURE,-1,literature,na,na,na,na
phee:12163813_1,literature,phee,LITERATURE,-1,literature,na,na,na,na
phee:21448111_3,literature,phee,LITERATURE,-1,literature,na,na,na,na
phee:17039658_3,literature,phee,LITERATURE,-1,literature,na,na,na,na
phee:18171260_2,literature,phee,LITERATURE,-1,literature,na,na,na,na
phee:6159523_6,literature,phee,LITERATURE,-1,literature,na,na,na,na
phee:1509179_1,literature,phee,LITERATURE,-1,literature,na,na,na,na
phee:14632592_1,literature,phee,LITERATURE,-1,literature,na,na,na,na
phee:18585545_4,literature,phee,LITERATURE,-1,literature,na,na,na,na
phee:8007037_2,literature,phee,LITERATURE,-1,literature,na,na,na,na
phee:16498048_2,literature,phee,LITERATURE,-1,literature,na,na,na,na
phee:9220046_1,literature,phee,LITERATURE,-1,literature,na,na,na,na
phee:11886466_1,literature,phee,LITERATURE,-1,literature,na,na,na,na
phee:16371793_2,literature,phee,LITERATURE,-1,literature,na,na,na,na
phee:23868369_8,literature,phee,LITERATURE,-1,literature,na,na,na,na
phee:11443640_2,literature,phee,LITERATURE,-1,literature,na,na,na,na
phee:4082283_3,literature,phee,LITERATURE,-1,literature,na,na,na,na
phee:8435665_2,literature,phee,LITERATURE,-1,literature,na,na,na,na
phee:14601701_4,literature,phee,LITERATURE,-1,literature,na,na,na,na
phee:8445549_3,literature,phee,LITERATURE,-1,literature,na,na,na,na
phee:16146480_2,literature,phee,LITERATURE,-1,literature,na,na,na,na
phee:9433539_3,literature,phee,LITERATURE,-1,literature,na,na,na,na
phee:21715267_2,literature,phee,LITERATURE,-1,literature,na,na,na,na
phee:9337441_14,literature,phee,LITERATURE,-1,literature,na,na,na,na
phee:21417793_2,literature,phee,LITERATURE,-1,literature,na,na,na,na
phee:15543388_2,literature,phee,LITERATURE,-1,literature,na,na,na,na
phee:8244201_3,literature,phee,LITERATURE,-1,literature,na,na,na,na
phee:19540093_2,literature,phee,LITERATURE,-1,literature,na,na,na,na
phee:11850606_4,literature,phee,LITERATURE,-1,literature,na,na,na,na
phee:16882112_4,literature,phee,LITERATURE,-1,literature,na,na,na,na
phee:19531695_13,literature,phee,LITERATURE,-1,literature,na,na,na,na
phee:19499966_1,literature,phee,LITERATURE,-1,literature,na,na,na,na
phee:18644535_2,literature,phee,LITERATURE,-1,literature,na,na,na,na
phee:19331262_4,literature,phee,LITERATURE,-1,literature,na,na,na,na
phee:21045170_3,literature,phee,LITERATURE,-1,literature,na,na,na,na
phee:7724306_1,literature,phee,LITERATURE,-1,literature,na,na,na,na
phee:12066972_1,literature,phee,LITERATURE,-1,literature,na,na,na,na
phee:18079582_1,literature,phee,LITERATURE,-1,literature,na,na,na,na
phee:19915794_3,literature,phee,LITERATURE,-1,literature,na,na,na,na
phee:10981493_1,literature,phee,LITERATURE,-1,literature,na,na,na,na
phee:7582710_2,literature,phee,LITERATURE,-1,literature,na,na,na,na
phee:9433539_1,literature,phee,LITERATURE,-1,literature,na,na,na,na
phee:9824032_3,literature,phee,LITERATURE,-1,literature,na,na,na,na
phee:3335488_2,literature,phee,LITERATURE,-1,literature,na,na,na,na
phee:6635723_1,literature,phee,LITERATURE,-1,literature,na,na,na,na
phee:3926849_2,literature,phee,LITERATURE,-1,literature,na,na,na,na
phee:12523465_1,literature,phee,LITERATURE,-1,literature,na,na,na,na
phee:17675030_2,literature,phee,LITERATURE,-1,literature,na,na,na,na
phee:11788010_1,literature,phee,LITERATURE,-1,literature,na,na,na,na
phee:8253700_1,literature,phee,LITERATURE,-1,literature,na,na,na,na
phee:18362995_4,literature,phee,LITERATURE,-1,literature,na,na,na,na
phee:3947272_4,literature,phee,LITERATURE,-1,literature,na,na,na,na
phee:11142491_1,literature,phee,LITERATURE,-1,literature,na,na,na,na
phee:16960880_1,literature,phee,LITERATURE,-1,literature,na,na,na,na
phee:8396491_2,literature,phee,LITERATURE,-1,literature,na,na,na,na
phee:17060191_2,literature,phee,LITERATURE,-1,literature,na,na,na,na
phee:19745701_3,literature,phee,LITERATURE,-1,literature,na,na,na,na
phee:17285101_1,literature,phee,LITERATURE,-1,literature,na,na,na,na
phee:18682542_1,literature,phee,LITERATURE,-1,literature,na,na,na,na
phee:19034138_3,literature,phee,LITERATURE,-1,literature,na,na,na,na
phee:24661191_5,literature,phee,LITERATURE,-1,literature,na,na,na,na
phee:15311565_1,literature,phee,LITERATURE,-1,literature,na,na,na,na
phee:14601701_3,literature,phee,LITERATURE,-1,literature,na,na,na,na
phee:189279_1,literature,phee,LITERATURE,-1,literature,na,na,na,na
phee:9494448_3,literature,phee,LITERATURE,-1,literature,na,na,na,na
phee:16484748_2,literature,phee,LITERATURE,-1,literature,na,na,na,na
phee:24318743_15,literature,phee,LITERATURE,-1,literature,na,na,na,na
phee:18533420_1,literature,phee,LITERATURE,-1,literature,na,na,na,na
phee:15671134_1,literature,phee,LITERATURE,-1,literature,na,na,na,na
phee:10923593_2,literature,phee,LITERATURE,-1,literature,na,na,na,na
phee:8276031_5,literature,phee,LITERATURE,-1,literature,na,na,na,na
phee:85289_1,literature,phee,LITERATURE,-1,literature,na,na,na,na
phee:3677571_16,literature,phee,LITERATURE,-1,literature,na,na,na,na
phee:11961411_3,literature,phee,LITERATURE,-1,literature,na,na,na,na
phee:11020127_1,literature,phee,LITERATURE,-1,literature,na,na,na,na
phee:11452688_1,literature,phee,LITERATURE,-1,literature,na,na,na,na
phee:7679525_3,literature,phee,LITERATURE,-1,literature,na,na,na,na
phee:717931_2,literature,phee,LITERATURE,-1,literature,na,na,na,na
phee:937377_1,literature,phee,LITERATURE,-1,literature,na,na,na,na
phee:14740795_3,literature,phee,LITERATURE,-1,literature,na,na,na,na
phee:9215418_1,literature,phee,LITERATURE,-1,literature,na,na,na,na
phee:7408538_1,literature,phee,LITERATURE,-1,literature,na,na,na,na
phee:2140997_3,literature,phee,LITERATURE,-1,literature,na,na,na,na
phee:14693027_2,literature,phee,LITERATURE,-1,literature,na,na,na,na
phee:12967198_2,literature,phee,LITERATURE,-1,literature,na,na,na,na
phee:11414270_7,literature,phee,LITERATURE,-1,literature,na,na,na,na
phee:3200786_3,literature,phee,LITERATURE,-1,literature,na,na,na,na
phee:9052919_3,literature,phee,LITERATURE,-1,literature,na,na,na,na
phee:313865_1,literature,phee,LITERATURE,-1,literature,na,na,na,na
phee:24846936_3,literature,phee,LITERATURE,-1,literature,na,na,na,na
phee:12221670_2,literature,phee,LITERATURE,-1,literature,na,na,na,na
phee:19357764_3,literature,phee,LITERATURE,-1,literature,na,na,na,na
phee:18633310_3,literature,phee,LITERATURE,-1,literature,na,na,na,na
phee:18676387_8,literature,phee,LITERATURE,-1,literature,na,na,na,na
phee:19707032_5,literature,phee,LITERATURE,-1,literature,na,na,na,na
phee:18453852_10,literature,phee,LITERATURE,-1,literature,na,na,na,na
phee:10357715_2,literature,phee,LITERATURE,-1,literature,na,na,na,na
phee:2309833_1,literature,phee,LITERATURE,-1,literature,na,na,na,na
phee:15977922_3,literature,phee,LITERATURE,-1,literature,na,na,na,na
phee:11834188_4,literature,phee,LITERATURE,-1,literature,na,na,na,na
phee:11033734_4,literature,phee,LITERATURE,-1,literature,na,na,na,na
phee:16225183_10,literature,phee,LITERATURE,-1,literature,na,na,na,na
phee:3101617_1,literature,phee,LITERATURE,-1,literature,na,na,na,na
phee:12639299_1,literature,phee,LITERATURE,-1,literature,na,na,na,na
phee:11207969_3,literature,phee,LITERATURE,-1,literature,na,na,na,na
phee:10981493_4,literature,phee,LITERATURE,-1,literature,na,na,na,na
phee:1445134_1,literature,phee,LITERATURE,-1,literature,na,na,na,na
phee:1445134_2,literature,phee,LITERATURE,-1,literature,na,na,na,na
phee:3470173_1,literature,phee,LITERATURE,-1,literature,na,na,na,na
phee:2746565_3,literature,phee,LITERATURE,-1,literature,na,na,na,na
phee:9337441_18,literature,phee,LITERATURE,-1,literature,na,na,na,na
phee:424824_4,literature,phee,LITERATURE,-1,literature,na,na,na,na
phee:16008658_2,literature,phee,LITERATURE,-1,literature,na,na,na,na
phee:15661067_1,literature,phee,LITERATURE,-1,literature,na,na,na,na
phee:15611427_2,literature,phee,LITERATURE,-1,literature,na,na,na,na
phee:6414095_3,literature,phee,LITERATURE,-1,literature,na,na,na,na
phee:18648015_4,literature,phee,LITERATURE,-1,literature,na,na,na,na
phee:6142995_2,literature,phee,LITERATURE,-1,literature,na,na,na,na
phee:876914_2,literature,phee,LITERATURE,-1,literature,na,na,na,na
phee:9260733_1,literature,phee,LITERATURE,-1,literature,na,na,na,na
phee:20298401_1,literature,phee,LITERATURE,-1,literature,na,na,na,na
phee:8586895_4,literature,phee,LITERATURE,-1,literature,na,na,na,na
phee:1477441_2,literature,phee,LITERATURE,-1,literature,na,na,na,na
phee:11399735_2,literature,phee,LITERATURE,-1,literature,na,na,na,na
phee:11722307_2,literature,phee,LITERATURE,-1,literature,na,na,na,na
phee:19203515_2,literature,phee,LITERATURE,-1,literature,na,na,na,na
phee:1751354_3,literature,phee,LITERATURE,-1,literature,na,na,na,na
phee:1661260_1,literature,phee,LITERATURE,-1,literature,na,na,na,na
phee:8771575_5,literature,phee,LITERATURE,-1,literature,na,na,na,na
phee:10963515_2,literature,phee,LITERATURE,-1,literature,na,na,na,na
phee:7724306_7,literature,phee,LITERATURE,-1,literature,na,na,na,na
phee:7249424_3,literature,phee,LITERATURE,-1,literature,na,na,na,na
phee:12875956_1,literature,phee,LITERATURE,-1,literature,na,na,na,na
phee:19365885_2,literature,phee,LITERATURE,-1,literature,na,na,na,na
phee:15157248_2,literature,phee,LITERATURE,-1,literature,na,na,na,na
phee:8313300_8,literature,phee,LITERATURE,-1,literature,na,na,na,na
phee:14700673_2,literature,phee,LITERATURE,-1,literature,na,na,na,na
phee:17610180_1,literature,phee,LITERATURE,-1,literature,na,na,na,na
phee:7831179_1,literature,phee,LITERATURE,-1,literature,na,na,na,na
phee:8157823_1,literature,phee,LITERATURE,-1,literature,na,na,na,na
phee:12187348_3,literature,phee,LITERATURE,-1,literature,na,na,na,na
phee:10589077_1,literature,phee,LITERATURE,-1,literature,na,na,na,na
phee:1954704_2,literature,phee,LITERATURE,-1,literature,na,na,na,na
phee:16239768_3,literature,phee,LITERATURE,-1,literature,na,na,na,na
phee:17122225_4,literature,phee,LITERATURE,-1,literature,na,na,na,na
phee:11816261_3,literature,phee,LITERATURE,-1,literature,na,na,na,na
phee:11703329_4,literature,phee,LITERATURE,-1,literature,na,na,na,na
phee:8891729_5,literature,phee,LITERATURE,-1,literature,na,na,na,na
phee:10566542_2,literature,phee,LITERATURE,-1,literature,na,na,na,na
phee:8496127_1,literature,phee,LITERATURE,-1,literature,na,na,na,na
phee:18408649_2,literature,phee,LITERATURE,-1,literature,na,na,na,na
phee:3680913_2,literature,phee,LITERATURE,-1,literature,na,na,na,na
phee:8969033_2,literature,phee,LITERATURE,-1,literature,na,na,na,na
phee:11122162_3,literature,phee,LITERATURE,-1,literature,na,na,na,na
phee:16882112_1,literature,phee,LITERATURE,-1,literature,na,na,na,na
phee:25407257_3,literature,phee,LITERATURE,-1,literature,na,na,na,na
phee:3430507_1,literature,phee,LITERATURE,-1,literature,na,na,na,na
phee:19423610_4,literature,phee,LITERATURE,-1,literature,na,na,na,na
phee:19331262_3,literature,phee,LITERATURE,-1,literature,na,na,na,na
phee:11545487_2,literature,phee,LITERATURE,-1,literature,na,na,na,na
phee:19904536_2,literature,phee,LITERATURE,-1,literature,na,na,na,na
phee:8678015_1,literature,phee,LITERATURE,-1,literature,na,na,na,na
phee:17364199_1,literature,phee,LITERATURE,-1,literature,na,na,na,na
phee:3301251_3,literature,phee,LITERATURE,-1,literature,na,na,na,na
phee:19531695_2,literature,phee,LITERATURE,-1,literature,na,na,na,na
phee:8098286_3,literature,phee,LITERATURE,-1,literature,na,na,na,na
phee:19224802_3,literature,phee,LITERATURE,-1,literature,na,na,na,na
phee:16882112_5,literature,phee,LITERATURE,-1,literature,na,na,na,na
phee:8013261_2,literature,phee,LITERATURE,-1,literature,na,na,na,na
phee:15644988_1,literature,phee,LITERATURE,-1,literature,na,na,na,na
phee:15866658_3,literature,phee,LITERATURE,-1,literature,na,na,na,na
phee:9037299_1,literature,phee,LITERATURE,-1,literature,na,na,na,na
phee:17366681_1,literature,phee,LITERATURE,-1,literature,na,na,na,na
phee:14996269_1,literature,phee,LITERATURE,-1,literature,na,na,na,na
phee:17060191_3,literature,phee,LITERATURE,-1,literature,na,na,na,na
phee:640344_2,literature,phee,LITERATURE,-1,literature,na,na,na,na
phee:16923659_2,literature,phee,LITERATURE,-1,literature,na,na,na,na
phee:15628319_3,literature,phee,LITERATURE,-1,literature,na,na,na,na
phee:11435808_1,literature,phee,LITERATURE,-1,literature,na,na,na,na
phee:7379406_8,literature,phee,LITERATURE,-1,literature,na,na,na,na
phee:19017039_1,literature,phee,LITERATURE,-1,literature,na,na,na,na
phee:17448102_1,literature,phee,LITERATURE,-1,literature,na,na,na,na
phee:9788533_2,literature,phee,LITERATURE,-1,literature,na,na,na,na
phee:12792223_3,literature,phee,LITERATURE,-1,literature,na,na,na,na
phee:16511396_1,literature,phee,LITERATURE,-1,literature,na,na,na,na
phee:24801976_1,literature,phee,LITERATURE,-1,literature,na,na,na,na
phee:15383642_13,literature,phee,LITERATURE,-1,literature,na,na,na,na
phee:91848_1,literature,phee,LITERATURE,-1,literature,na,na,na,na
phee:9831311_4,literature,phee,LITERATURE,-1,literature,na,na,na,na
phee:6702890_1,literature,phee,LITERATURE,-1,literature,na,na,na,na
phee:20130478_1,literature,phee,LITERATURE,-1,literature,na,na,na,na
phee:11961411_2,literature,phee,LITERATURE,-1,literature,na,na,na,na
phee:11816261_6,literature,phee,LITERATURE,-1,literature,na,na,na,na
phee:12605322_1,literature,phee,LITERATURE,-1,literature,na,na,na,na
phee:4031907_2,literature,phee,LITERATURE,-1,literature,na,na,na,na
phee:9022114_5,literature,phee,LITERATURE,-1,literature,na,na,na,na
phee:6498095_1,literature,phee,LITERATURE,-1,literature,na,na,na,na
phee:15644988_3,literature,phee,LITERATURE,-1,literature,na,na,na,na
phee:19003750_2,literature,phee,LITERATURE,-1,literature,na,na,na,na
phee:25157214_11,literature,phee,LITERATURE,-1,literature,na,na,na,na
phee:10530201_9,literature,phee,LITERATURE,-1,literature,na,na,na,na
phee:11077455_2,literature,phee,LITERATURE,-1,literature,na,na,na,na
phee:7655130_1,literature,phee,LITERATURE,-1,literature,na,na,na,na
phee:15482394_1,literature,phee,LITERATURE,-1,literature,na,na,na,na
phee:12802933_2,literature,phee,LITERATURE,-1,literature,na,na,na,na
phee:19499966_5,literature,phee,LITERATURE,-1,literature,na,na,na,na
phee:18446030_2,literature,phee,LITERATURE,-1,literature,na,na,na,na
phee:9366852_2,literature,phee,LITERATURE,-1,literature,na,na,na,na
phee:12141409_1,literature,phee,LITERATURE,-1,literature,na,na,na,na
phee:2746565_1,literature,phee,LITERATURE,-1,literature,na,na,na,na
phee:7606071_2,literature,phee,LITERATURE,-1,literature,na,na,na,na
phee:10774758_1,literature,phee,LITERATURE,-1,literature,na,na,na,na
phee:11020127_2,literature,phee,LITERATURE,-1,literature,na,na,na,na
phee:10755579_2,literature,phee,LITERATURE,-1,literature,na,na,na,na
phee:17448102_4,literature,phee,LITERATURE,-1,literature,na,na,na,na
phee:19531695_14,literature,phee,LITERATURE,-1,literature,na,na,na,na
phee:788666_2,literature,phee,LITERATURE,-1,literature,na,na,na,na
phee:1359782_3,literature,phee,LITERATURE,-1,literature,na,na,na,na
phee:2327115_3,literature,phee,LITERATURE,-1,literature,na,na,na,na
phee:15977922_2,literature,phee,LITERATURE,-1,literature,na,na,na,na
phee:15162903_2,literature,phee,LITERATURE,-1,literature,na,na,na,na
phee:19122478_5,literature,phee,LITERATURE,-1,literature,na,na,na,na
phee:19775485_1,literature,phee,LITERATURE,-1,literature,na,na,na,na
phee:10410183_1,literature,phee,LITERATURE,-1,literature,na,na,na,na
phee:19034138_1,literature,phee,LITERATURE,-1,literature,na,na,na,na
phee:10410183_6,literature,phee,LITERATURE,-1,literature,na,na,na,na
phee:24755135_3,literature,phee,LITERATURE,-1,literature,na,na,na,na
phee:24477376_7,literature,phee,LITERATURE,-1,literature,na,na,na,na
phee:6536282_3,literature,phee,LITERATURE,-1,literature,na,na,na,na
phee:6233326_1,literature,phee,LITERATURE,-1,literature,na,na,na,na
phee:7835785_3,literature,phee,LITERATURE,-1,literature,na,na,na,na
phee:6311654_5,literature,phee,LITERATURE,-1,literature,na,na,na,na
phee:19423610_3,literature,phee,LITERATURE,-1,literature,na,na,na,na
phee:19798640_2,literature,phee,LITERATURE,-1,literature,na,na,na,na
phee:21751692_3,literature,phee,LITERATURE,-1,literature,na,na,na,na
phee:20666169_9,literature,phee,LITERATURE,-1,literature,na,na,na,na
phee:20190474_2,literature,phee,LITERATURE,-1,literature,na,na,na,na
phee:3612639_2,literature,phee,LITERATURE,-1,literature,na,na,na,na
phee:6236730_3,literature,phee,LITERATURE,-1,literature,na,na,na,na
phee:6860059_2,literature,phee,LITERATURE,-1,literature,na,na,na,na
phee:9220046_6,literature,phee,LITERATURE,-1,literature,na,na,na,na
phee:11737689_3,literature,phee,LITERATURE,-1,literature,na,na,na,na
phee:21762153_9,literature,phee,LITERATURE,-1,literature,na,na,na,na
phee:1388041_2,literature,phee,LITERATURE,-1,literature,na,na,na,na
phee:11850606_1,literature,phee,LITERATURE,-1,literature,na,na,na,na
phee:18315788_1,literature,phee,LITERATURE,-1,literature,na,na,na,na
phee:11332679_2,literature,phee,LITERATURE,-1,literature,na,na,na,na
phee:19935411_1,literature,phee,LITERATURE,-1,literature,na,na,na,na
phee:12796597_3,literature,phee,LITERATURE,-1,literature,na,na,na,na
phee:6837655_1,literature,phee,LITERATURE,-1,literature,na,na,na,na
phee:2378415_3,literature,phee,LITERATURE,-1,literature,na,na,na,na
phee:961329_1,literature,phee,LITERATURE,-1,literature,na,na,na,na
phee:16718947_2,literature,phee,LITERATURE,-1,literature,na,na,na,na
phee:9161656_2,literature,phee,LITERATURE,-1,literature,na,na,na,na
phee:7776854_2,literature,phee,LITERATURE,-1,literature,na,na,na,na
phee:9883483_3,literature,phee,LITERATURE,-1,literature,na,na,na,na
phee:16284443_2,literature,phee,LITERATURE,-1,literature,na,na,na,na
phee:15331204_2,literature,phee,LITERATURE,-1,literature,na,na,na,na
phee:14677199_2,literature,phee,LITERATURE,-1,literature,na,na,na,na
phee:16326413_2,literature,phee,LITERATURE,-1,literature,na,na,na,na
phee:12796597_1,literature,phee,LITERATURE,-1,literature,na,na,na,na
phee:17277758_2,literature,phee,LITERATURE,-1,literature,na,na,na,na
phee:19844714_1,literature,phee,LITERATURE,-1,literature,na,na,na,na
phee:9220046_7,literature,phee,LITERATURE,-1,literature,na,na,na,na
phee:20038831_3,literature,phee,LITERATURE,-1,literature,na,na,na,na
phee:15454180_1,literature,phee,LITERATURE,-1,literature,na,na,na,na
phee:8651254_1,literature,phee,LITERATURE,-1,literature,na,na,na,na
phee:7724306_4,literature,phee,LITERATURE,-1,literature,na,na,na,na
phee:12889716_3,literature,phee,LITERATURE,-1,literature,na,na,na,na
phee:9634122_3,literature,phee,LITERATURE,-1,literature,na,na,na,na
phee:2369419_4,literature,phee,LITERATURE,-1,literature,na,na,na,na
phee:19949685_1,literature,phee,LITERATURE,-1,literature,na,na,na,na
phee:6933231_1,literature,phee,LITERATURE,-1,literature,na,na,na,na
phee:21887897_2,literature,phee,LITERATURE,-1,literature,na,na,na,na
phee:19116715_3,literature,phee,LITERATURE,-1,literature,na,na,na,na
phee:19390192_1,literature,phee,LITERATURE,-1,literature,na,na,na,na
phee:1477441_3,literature,phee,LITERATURE,-1,literature,na,na,na,na
phee:3470173_2,literature,phee,LITERATURE,-1,literature,na,na,na,na
phee:10513720_2,literature,phee,LITERATURE,-1,literature,na,na,na,na
phee:8301877_3,literature,phee,LITERATURE,-1,literature,na,na,na,na
phee:15494638_4,literature,phee,LITERATURE,-1,literature,na,na,na,na
phee:25515435_8,literature,phee,LITERATURE,-1,literature,na,na,na,na
phee:15494638_19,literature,phee,LITERATURE,-1,literature,na,na,na,na
phee:11111942_2,literature,phee,LITERATURE,-1,literature,na,na,na,na
phee:11160777_1,literature,phee,LITERATURE,-1,literature,na,na,na,na
phee:10679548_3,literature,phee,LITERATURE,-1,literature,na,na,na,na
phee:7226916_1,literature,phee,LITERATURE,-1,literature,na,na,na,na
phee:14700673_3,literature,phee,LITERATURE,-1,literature,na,na,na,na
phee:16411025_2,literature,phee,LITERATURE,-1,literature,na,na,na,na
phee:16298824_3,literature,phee,LITERATURE,-1,literature,na,na,na,na
phee:7351000_3,literature,phee,LITERATURE,-1,literature,na,na,na,na
phee:6833205_2,literature,phee,LITERATURE,-1,literature,na,na,na,na
phee:16146480_1,literature,phee,LITERATURE,-1,literature,na,na,na,na
phee:23552010_3,literature,phee,LITERATURE,-1,literature,na,na,na,na
phee:15331204_8,literature,phee,LITERATURE,-1,literature,na,na,na,na
phee:11424102_3,literature,phee,LITERATURE,-1,literature,na,na,na,na
phee:8083821_3,literature,phee,LITERATURE,-1,literature,na,na,na,na
phee:2369419_1,literature,phee,LITERATURE,-1,literature,na,na,na,na
phee:18453852_1,literature,phee,LITERATURE,-1,literature,na,na,na,na
phee:14735388_2,literature,phee,LITERATURE,-1,literature,na,na,na,na
phee:20120657_3,literature,phee,LITERATURE,-1,literature,na,na,na,na
phee:17406804_1,literature,phee,LITERATURE,-1,literature,na,na,na,na
phee:7893301_1,literature,phee,LITERATURE,-1,literature,na,na,na,na
phee:9653495_15,literature,phee,LITERATURE,-1,literature,na,na,na,na
phee:12503933_6,literature,phee,LITERATURE,-1,literature,na,na,na,na
phee:6529939_3,literature,phee,LITERATURE,-1,literature,na,na,na,na
phee:19826099_3,literature,phee,LITERATURE,-1,literature,na,na,na,na
phee:16757971_2,literature,phee,LITERATURE,-1,literature,na,na,na,na
phee:9920368_3,literature,phee,LITERATURE,-1,literature,na,na,na,na
phee:7619765_2,literature,phee,LITERATURE,-1,literature,na,na,na,na
phee:889156_1,literature,phee,LITERATURE,-1,literature,na,na,na,na
phee:7577414_1,literature,phee,LITERATURE,-1,literature,na,na,na,na
phee:9554064_3,literature,phee,LITERATURE,-1,literature,na,na,na,na
phee:8485005_3,literature,phee,LITERATURE,-1,literature,na,na,na,na
phee:16196187_3,literature,phee,LITERATURE,-1,literature,na,na,na,na
phee:8363533_1,literature,phee,LITERATURE,-1,literature,na,na,na,na
phee:25671244_2,literature,phee,LITERATURE,-1,literature,na,na,na,na
phee:19235747_1,literature,phee,LITERATURE,-1,literature,na,na,na,na
phee:8691927_3,literature,phee,LITERATURE,-1,literature,na,na,na,na
phee:14674674_1,literature,phee,LITERATURE,-1,literature,na,na,na,na
phee:10510156_2,literature,phee,LITERATURE,-1,literature,na,na,na,na
phee:2011096_5,literature,phee,LITERATURE,-1,literature,na,na,na,na
phee:3677571_15,literature,phee,LITERATURE,-1,literature,na,na,na,na
phee:9360190_2,literature,phee,LITERATURE,-1,literature,na,na,na,na
phee:14601701_1,literature,phee,LITERATURE,-1,literature,na,na,na,na
phee:8891729_1,literature,phee,LITERATURE,-1,literature,na,na,na,na
phee:14557583_1,literature,phee,LITERATURE,-1,literature,na,na,na,na
phee:6683487_2,literature,phee,LITERATURE,-1,literature,na,na,na,na
phee:9337441_1,literature,phee,LITERATURE,-1,literature,na,na,na,na
phee:1536494_2,literature,phee,LITERATURE,-1,literature,na,na,na,na
phee:8730143_2,literature,phee,LITERATURE,-1,literature,na,na,na,na
phee:3753891_1,literature,phee,LITERATURE,-1,literature,na,na,na,na
phee:12699871_2,literature,phee,LITERATURE,-1,literature,na,na,na,na
phee:667809_2,literature,phee,LITERATURE,-1,literature,na,na,na,na
phee:8862924_4,literature,phee,LITERATURE,-1,literature,na,na,na,na
phee:15735923_5,literature,phee,LITERATURE,-1,literature,na,na,na,na
phee:8979664_3,literature,phee,LITERATURE,-1,literature,na,na,na,na
phee:18698687_3,literature,phee,LITERATURE,-1,literature,na,na,na,na
phee:8880251_3,literature,phee,LITERATURE,-1,literature,na,na,na,na
phee:12150593_1,literature,phee,LITERATURE,-1,literature,na,na,na,na
phee:3417739_1,literature,phee,LITERATURE,-1,literature,na,na,na,na
phee:7577414_2,literature,phee,LITERATURE,-1,literature,na,na,na,na
phee:12630660_6,literature,phee,LITERATURE,-1,literature,na,na,na,na
phee:1267457_1,literature,phee,LITERATURE,-1,literature,na,na,na,na
phee:9022114_4,literature,phee,LITERATURE,-1,literature,na,na,na,na
phee:2937155_3,literature,phee,LITERATURE,-1,literature,na,na,na,na
phee:8641617_2,literature,phee,LITERATURE,-1,literature,na,na,na,na
phee:7249424_2,literature,phee,LITERATURE,-1,literature,na,na,na,na
phee:10728450_1,literature,phee,LITERATURE,-1,literature,na,na,na,na
phee:7594371_3,literature,phee,LITERATURE,-1,literature,na,na,na,na
phee:19660974_1,literature,phee,LITERATURE,-1,literature,na,na,na,na
phee:8276031_2,literature,phee,LITERATURE,-1,literature,na,na,na,na
phee:9804082_1,literature,phee,LITERATURE,-1,literature,na,na,na,na
phee:14607011_1,literature,phee,LITERATURE,-1,literature,na,na,na,na
phee:7779233_1,literature,phee,LITERATURE,-1,literature,na,na,na,na
phee:16211208_2,literature,phee,LITERATURE,-1,literature,na,na,na,na
phee:18431096_1,literature,phee,LITERATURE,-1,literature,na,na,na,na
phee:8969033_3,literature,phee,LITERATURE,-1,literature,na,na,na,na
phee:19826099_1,literature,phee,LITERATURE,-1,literature,na,na,na,na
phee:1316047_1,literature,phee,LITERATURE,-1,literature,na,na,na,na
phee:18801826_3,literature,phee,LITERATURE,-1,literature,na,na,na,na
phee:8503421_3,literature,phee,LITERATURE,-1,literature,na,na,na,na
phee:9161656_8,literature,phee,LITERATURE,-1,literature,na,na,na,na
phee:2875665_2,literature,phee,LITERATURE,-1,literature,na,na,na,na
phee:6998294_1,literature,phee,LITERATURE,-1,literature,na,na,na,na
phee:1569260_1,literature,phee,LITERATURE,-1,literature,na,na,na,na
phee:9494448_5,literature,phee,LITERATURE,-1,literature,na,na,na,na
phee:11302479_1,literature,phee,LITERATURE,-1,literature,na,na,na,na
phee:9545161_3,literature,phee,LITERATURE,-1,literature,na,na,na,na
phee:11918514_3,literature,phee,LITERATURE,-1,literature,na,na,na,na
phee:15331204_6,literature,phee,LITERATURE,-1,literature,na,na,na,na
phee:11033836_2,literature,phee,LITERATURE,-1,literature,na,na,na,na
phee:115078_1,literature,phee,LITERATURE,-1,literature,na,na,na,na
phee:17965530_2,literature,phee,LITERATURE,-1,literature,na,na,na,na
phee:15606443_2,literature,phee,LITERATURE,-1,literature,na,na,na,na
phee:17873198_1,literature,phee,LITERATURE,-1,literature,na,na,na,na
phee:19540093_1,literature,phee,LITERATURE,-1,literature,na,na,na,na
phee:15479299_2,literature,phee,LITERATURE,-1,literature,na,na,na,na
phee:17420198_17,literature,phee,LITERATURE,-1,literature,na,na,na,na
phee:10679548_5,literature,phee,LITERATURE,-1,literature,na,na,na,na
phee:12243603_10,literature,phee,LITERATURE,-1,literature,na,na,na,na
phee:11077455_4,literature,phee,LITERATURE,-1,literature,na,na,na,na
phee:10840527_1,literature,phee,LITERATURE,-1,literature,na,na,na,na
phee:18294121_4,literature,phee,LITERATURE,-1,literature,na,na,na,na
phee:4066622_2,literature,phee,LITERATURE,-1,literature,na,na,na,na
phee:10723699_2,literature,phee,LITERATURE,-1,literature,na,na,na,na
phee:18795_1,literature,phee,LITERATURE,-1,literature,na,na,na,na
phee:2796025_1,literature,phee,LITERATURE,-1,literature,na,na,na,na
phee:17873198_4,literature,phee,LITERATURE,-1,literature,na,na,na,na
phee:17987285_3,literature,phee,LITERATURE,-1,literature,na,na,na,na
phee:21751666_4,literature,phee,LITERATURE,-1,literature,na,na,na,na
phee:8672829_3,literature,phee,LITERATURE,-1,literature,na,na,na,na
phee:12796597_2,literature,phee,LITERATURE,-1,literature,na,na,na,na
phee:11131346_4,literature,phee,LITERATURE,-1,literature,na,na,na,na
phee:85289_2,literature,phee,LITERATURE,-1,literature,na,na,na,na
phee:10904571_2,literature,phee,LITERATURE,-1,literature,na,na,na,na
phee:7679525_4,literature,phee,LITERATURE,-1,literature,na,na,na,na
phee:15840734_8,literature,phee,LITERATURE,-1,literature,na,na,na,na
phee:1378497_3,literature,phee,LITERATURE,-1,literature,na,na,na,na
phee:19733945_1,literature,phee,LITERATURE,-1,literature,na,na,na,na
phee:16012330_5,literature,phee,LITERATURE,-1,literature,na,na,na,na
phee:17438184_8,literature,phee,LITERATURE,-1,literature,na,na,na,na
phee:2768785_1,literature,phee,LITERATURE,-1,literature,na,na,na,na
phee:12150593_3,literature,phee,LITERATURE,-1,literature,na,na,na,na
phee:17444802_14,literature,phee,LITERATURE,-1,literature,na,na,na,na
phee:9247841_4,literature,phee,LITERATURE,-1,literature,na,na,na,na
phee:1621023_3,literature,phee,LITERATURE,-1,literature,na,na,na,na
phee:10963515_1,literature,phee,LITERATURE,-1,literature,na,na,na,na
phee:16432996_14,literature,phee,LITERATURE,-1,literature,na,na,na,na
phee:25417855_2,literature,phee,LITERATURE,-1,literature,na,na,na,na
phee:11576059_2,literature,phee,LITERATURE,-1,literature,na,na,na,na
phee:20338114_1,literature,phee,LITERATURE,-1,literature,na,na,na,na
phee:16396068_1,literature,phee,LITERATURE,-1,literature,na,na,na,na
phee:9256906_4,literature,phee,LITERATURE,-1,literature,na,na,na,na
phee:10656221_10,literature,phee,LITERATURE,-1,literature,na,na,na,na
phee:15685264_7,literature,phee,LITERATURE,-1,literature,na,na,na,na
phee:21597286_4,literature,phee,LITERATURE,-1,literature,na,na,na,na
phee:18717612_1,literature,phee,LITERATURE,-1,literature,na,na,na,na
phee:7594371_4,literature,phee,LITERATURE,-1,literature,na,na,na,na
phee:19915794_4,literature,phee,LITERATURE,-1,literature,na,na,na,na
phee:12951892_1,literature,phee,LITERATURE,-1,literature,na,na,na,na
phee:18344455_1,literature,phee,LITERATURE,-1,literature,na,na,na,na
phee:17404582_3,literature,phee,LITERATURE,-1,literature,na,na,na,na
phee:1621023_2,literature,phee,LITERATURE,-1,literature,na,na,na,na
phee:24791374_1,literature,phee,LITERATURE,-1,literature,na,na,na,na
phee:582099_2,literature,phee,LITERATURE,-1,literature,na,na,na,na
phee:7724306_6,literature,phee,LITERATURE,-1,literature,na,na,na,na
phee:9220046_3,literature,phee,LITERATURE,-1,literature,na,na,na,na
phee:20367573_2,literature,phee,LITERATURE,-1,literature,na,na,na,na
phee:6837655_2,literature,phee,LITERATURE,-1,literature,na,na,na,na
phee:16960880_3,literature,phee,LITERATURE,-1,literature,na,na,na,na
phee:21512888_8,literature,phee,LITERATURE,-1,literature,na,na,na,na
phee:18396749_1,literature,phee,LITERATURE,-1,literature,na,na,na,na
phee:8002140_3,literature,phee,LITERATURE,-1,literature,na,na,na,na
phee:1124417_3,literature,phee,LITERATURE,-1,literature,na,na,na,na
phee:17420198_18,literature,phee,LITERATURE,-1,literature,na,na,na,na
phee:12187348_1,literature,phee,LITERATURE,-1,literature,na,na,na,na
phee:20038831_2,literature,phee,LITERATURE,-1,literature,na,na,na,na
phee:8908396_1,literature,phee,LITERATURE,-1,literature,na,na,na,na
phee:11144696_9,literature,phee,LITERATURE,-1,literature,na,na,na,na
phee:9291634_4,literature,phee,LITERATURE,-1,literature,na,na,na,na
phee:14674674_2,literature,phee,LITERATURE,-1,literature,na,na,na,na
phee:10660641_7,literature,phee,LITERATURE,-1,literature,na,na,na,na
phee:17228132_2,literature,phee,LITERATURE,-1,literature,na,na,na,na
phee:17873198_5,literature,phee,LITERATURE,-1,literature,na,na,na,na
phee:16200540_4,literature,phee,LITERATURE,-1,literature,na,na,na,na
phee:12923827_3,literature,phee,LITERATURE,-1,literature,na,na,na,na
phee:3753891_2,literature,phee,LITERATURE,-1,literature,na,na,na,na
phee:2857534_2,literature,phee,LITERATURE,-1,literature,na,na,na,na
phee:17596682_2,literature,phee,LITERATURE,-1,literature,na,na,na,na
phee:18515982_6,literature,phee,LITERATURE,-1,literature,na,na,na,na
phee:8656412_1,literature,phee,LITERATURE,-1,literature,na,na,na,na
phee:6159523_2,literature,phee,LITERATURE,-1,literature,na,na,na,na
phee:8936932_3,literature,phee,LITERATURE,-1,literature,na,na,na,na
phee:3680913_3,literature,phee,LITERATURE,-1,literature,na,na,na,na
phee:17277758_3,literature,phee,LITERATURE,-1,literature,na,na,na,na
phee:2586773_1,literature,phee,LITERATURE,-1,literature,na,na,na,na
phee:18020545_2,literature,phee,LITERATURE,-1,literature,na,na,na,na
phee:11506739_1,literature,phee,LITERATURE,-1,literature,na,na,na,na
phee:12424571_2,literature,phee,LITERATURE,-1,literature,na,na,na,na
phee:7393795_2,literature,phee,LITERATURE,-1,literature,na,na,na,na
phee:3970339_2,literature,phee,LITERATURE,-1,literature,na,na,na,na
phee:9660541_2,literature,phee,LITERATURE,-1,literature,na,na,na,na
phee:7549443_1,literature,phee,LITERATURE,-1,literature,na,na,na,na
phee:19669617_3,literature,phee,LITERATURE,-1,literature,na,na,na,na
phee:8921647_4,literature,phee,LITERATURE,-1,literature,na,na,na,na
phee:18176653_3,literature,phee,LITERATURE,-1,literature,na,na,na,na
phee:7393795_1,literature,phee,LITERATURE,-1,literature,na,na,na,na
phee:8438851_1,literature,phee,LITERATURE,-1,literature,na,na,na,na
phee:6159523_7,literature,phee,LITERATURE,-1,literature,na,na,na,na
phee:12243603_12,literature,phee,LITERATURE,-1,literature,na,na,na,na
phee:16498048_4,literature,phee,LITERATURE,-1,literature,na,na,na,na
phee:16708747_1,literature,phee,LITERATURE,-1,literature,na,na,na,na
phee:11022272_2,literature,phee,LITERATURE,-1,literature,na,na,na,na
phee:17188061_2,literature,phee,LITERATURE,-1,literature,na,na,na,na
phee:17556909_1,literature,phee,LITERATURE,-1,literature,na,na,na,na
phee:2611886_1,literature,phee,LITERATURE,-1,literature,na,na,na,na
phee:15770343_2,literature,phee,LITERATURE,-1,literature,na,na,na,na
phee:24429012_1,literature,phee,LITERATURE,-1,literature,na,na,na,na
phee:8013261_3,literature,phee,LITERATURE,-1,literature,na,na,na,na
phee:3873709_2,literature,phee,LITERATURE,-1,literature,na,na,na,na
phee:8002140_4,literature,phee,LITERATURE,-1,literature,na,na,na,na
phee:8340162_1,literature,phee,LITERATURE,-1,literature,na,na,na,na
phee:9831311_3,literature,phee,LITERATURE,-1,literature,na,na,na,na
phee:16498048_5,literature,phee,LITERATURE,-1,literature,na,na,na,na
phee:3301251_2,literature,phee,LITERATURE,-1,literature,na,na,na,na
phee:10891991_3,literature,phee,LITERATURE,-1,literature,na,na,na,na
phee:3346128_1,literature,phee,LITERATURE,-1,literature,na,na,na,na
phee:20126479_1,literature,phee,LITERATURE,-1,literature,na,na,na,na
phee:18805724_2,literature,phee,LITERATURE,-1,literature,na,na,na,na
phee:2295443_2,literature,phee,LITERATURE,-1,literature,na,na,na,na
phee:19034138_7,literature,phee,LITERATURE,-1,literature,na,na,na,na
phee:8530331_8,literature,phee,LITERATURE,-1,literature,na,na,na,na
phee:16767537_1,literature,phee,LITERATURE,-1,literature,na,na,na,na
phee:7606071_4,literature,phee,LITERATURE,-1,literature,na,na,na,na
phee:20190474_3,literature,phee,LITERATURE,-1,literature,na,na,na,na
phee:11197768_3,literature,phee,LITERATURE,-1,literature,na,na,na,na
phee:10475726_4,literature,phee,LITERATURE,-1,literature,na,na,na,na
phee:15580406_1,literature,phee,LITERATURE,-1,literature,na,na,na,na
phee:17536204_3,literature,phee,LITERATURE,-1,literature,na,na,na,na
phee:18171260_1,literature,phee,LITERATURE,-1,literature,na,na,na,na
phee:8345435_3,literature,phee,LITERATURE,-1,literature,na,na,na,na
phee:7724306_2,literature,phee,LITERATURE,-1,literature,na,na,na,na
phee:10555917_3,literature,phee,LITERATURE,-1,literature,na,na,na,na
phee:12243603_6,literature,phee,LITERATURE,-1,literature,na,na,na,na
phee:16540070_1,literature,phee,LITERATURE,-1,literature,na,na,na,na
phee:71813_2,literature,phee,LITERATURE,-1,literature,na,na,na,na
phee:17260498_2,literature,phee,LITERATURE,-1,literature,na,na,na,na
phee:17277758_4,literature,phee,LITERATURE,-1,literature,na,na,na,na
phee:12621956_2,literature,phee,LITERATURE,-1,literature,na,na,na,na
phee:15866658_2,literature,phee,LITERATURE,-1,literature,na,na,na,na
phee:3579660_1,literature,phee,LITERATURE,-1,literature,na,na,na,na
phee:4054170_1,literature,phee,LITERATURE,-1,literature,na,na,na,na
phee:9545161_2,literature,phee,LITERATURE,-1,literature,na,na,na,na
phee:17404582_1,literature,phee,LITERATURE,-1,literature,na,na,na,na
phee:19660974_4,literature,phee,LITERATURE,-1,literature,na,na,na,na
phee:8438851_3,literature,phee,LITERATURE,-1,literature,na,na,na,na
phee:3926849_1,literature,phee,LITERATURE,-1,literature,na,na,na,na
phee:11328247_5,literature,phee,LITERATURE,-1,literature,na,na,na,na
phee:9855339_2,literature,phee,LITERATURE,-1,literature,na,na,na,na
phee:7606071_3,literature,phee,LITERATURE,-1,literature,na,na,na,na
phee:8742573_3,literature,phee,LITERATURE,-1,literature,na,na,na,na
phee:2332596_2,literature,phee,LITERATURE,-1,literature,na,na,na,na
phee:8053440_1,literature,phee,LITERATURE,-1,literature,na,na,na,na
phee:16012330_11,literature,phee,LITERATURE,-1,literature,na,na,na,na
phee:23042259_3,literature,phee,LITERATURE,-1,literature,na,na,na,na
phee:10555917_4,literature,phee,LITERATURE,-1,literature,na,na,na,na
phee:2320800_7,literature,phee,LITERATURE,-1,literature,na,na,na,na
phee:12680486_2,literature,phee,LITERATURE,-1,literature,na,na,na,na
phee:19281746_2,literature,phee,LITERATURE,-1,literature,na,na,na,na
phee:2803154_3,literature,phee,LITERATURE,-1,literature,na,na,na,na
phee:8979664_2,literature,phee,LITERATURE,-1,literature,na,na,na,na
phee:9247841_1,literature,phee,LITERATURE,-1,literature,na,na,na,na
phee:17876386_1,literature,phee,LITERATURE,-1,literature,na,na,na,na
phee:11414270_1,literature,phee,LITERATURE,-1,literature,na,na,na,na
phee:19745701_4,literature,phee,LITERATURE,-1,literature,na,na,na,na
phee:8651254_5,literature,phee,LITERATURE,-1,literature,na,na,na,na
phee:7991279_1,literature,phee,LITERATURE,-1,literature,na,na,na,na
phee:8604715_3,literature,phee,LITERATURE,-1,literature,na,na,na,na
phee:1401493_1,literature,phee,LITERATURE,-1,literature,na,na,na,na
phee:12135176_2,literature,phee,LITERATURE,-1,literature,na,na,na,na
phee:20190474_1,literature,phee,LITERATURE,-1,literature,na,na,na,na
phee:4004433_2,literature,phee,LITERATURE,-1,literature,na,na,na,na
phee:20120657_2,literature,phee,LITERATURE,-1,literature,na,na,na,na
phee:19390192_3,literature,phee,LITERATURE,-1,literature,na,na,na,na
phee:18094347_7,literature,phee,LITERATURE,-1,literature,na,na,na,na
phee:9205466_2,literature,phee,LITERATURE,-1,literature,na,na,na,na
phee:19570088_1,literature,phee,LITERATURE,-1,literature,na,na,na,na
phee:18821094_1,literature,phee,LITERATURE,-1,literature,na,na,na,na
phee:3579660_4,literature,phee,LITERATURE,-1,literature,na,na,na,na
phee:15494638_7,literature,phee,LITERATURE,-1,literature,na,na,na,na
phee:3763264_2,literature,phee,LITERATURE,-1,literature,na,na,na,na
phee:10229976_1,literature,phee,LITERATURE,-1,literature,na,na,na,na
phee:19540093_5,literature,phee,LITERATURE,-1,literature,na,na,na,na
phee:11568758_3,literature,phee,LITERATURE,-1,literature,na,na,na,na
phee:12587815_2,literature,phee,LITERATURE,-1,literature,na,na,na,na
phee:20203465_3,literature,phee,LITERATURE,-1,literature,na,na,na,na
phee:17655517_8,literature,phee,LITERATURE,-1,literature,na,na,na,na
phee:11077455_3,literature,phee,LITERATURE,-1,literature,na,na,na,na
phee:19857154_1,literature,phee,LITERATURE,-1,literature,na,na,na,na
phee:1477441_4,literature,phee,LITERATURE,-1,literature,na,na,na,na
phee:17655517_2,literature,phee,LITERATURE,-1,literature,na,na,na,na
phee:17675030_1,literature,phee,LITERATURE,-1,literature,na,na,na,na
phee:2140997_2,literature,phee,LITERATURE,-1,literature,na,na,na,na
phee:6311654_3,literature,phee,LITERATURE,-1,literature,na,na,na,na
phee:16204273_2,literature,phee,LITERATURE,-1,literature,na,na,na,na
phee:6683487_1,literature,phee,LITERATURE,-1,literature,na,na,na,na
phee:10452772_3,literature,phee,LITERATURE,-1,literature,na,na,na,na
phee:1261772_1,literature,phee,LITERATURE,-1,literature,na,na,na,na
phee:9195619_1,literature,phee,LITERATURE,-1,literature,na,na,na,na
phee:2292051_1,literature,phee,LITERATURE,-1,literature,na,na,na,na
phee:15494638_3,literature,phee,LITERATURE,-1,literature,na,na,na,na
phee:15126179_3,literature,phee,LITERATURE,-1,literature,na,na,na,na
phee:15013892_4,literature,phee,LITERATURE,-1,literature,na,na,na,na
phee:19299370_2,literature,phee,LITERATURE,-1,literature,na,na,na,na
phee:1747495_2,literature,phee,LITERATURE,-1,literature,na,na,na,na
phee:2257522_1,literature,phee,LITERATURE,-1,literature,na,na,na,na
phee:16268429_3,literature,phee,LITERATURE,-1,literature,na,na,na,na
phee:788666_1,literature,phee,LITERATURE,-1,literature,na,na,na,na
phee:12852380_1,literature,phee,LITERATURE,-1,literature,na,na,na,na
phee:16200540_3,literature,phee,LITERATURE,-1,literature,na,na,na,na
phee:3873709_1,literature,phee,LITERATURE,-1,literature,na,na,na,na
phee:16641839_5,literature,phee,LITERATURE,-1,literature,na,na,na,na
phee:16396068_3,literature,phee,LITERATURE,-1,literature,na,na,na,na
phee:12324937_4,literature,phee,LITERATURE,-1,literature,na,na,na,na
phee:8684546_1,literature,phee,LITERATURE,-1,literature,na,na,na,na
phee:11999915_1,literature,phee,LITERATURE,-1,literature,na,na,na,na
phee:14746605_1,literature,phee,LITERATURE,-1,literature,na,na,na,na
phee:2811895_2,literature,phee,LITERATURE,-1,literature,na,na,na,na
phee:3982906_3,literature,phee,LITERATURE,-1,literature,na,na,na,na
phee:18171260_5,literature,phee,LITERATURE,-1,literature,na,na,na,na
phee:9191742_1,literature,phee,LITERATURE,-1,literature,na,na,na,na
phee:19775485_2,literature,phee,LITERATURE,-1,literature,na,na,na,na
phee:10431414_3,literature,phee,LITERATURE,-1,literature,na,na,na,na
phee:12078977_2,literature,phee,LITERATURE,-1,literature,na,na,na,na
phee:12086549_2,literature,phee,LITERATURE,-1,literature,na,na,na,na
phee:10707759_2,literature,phee,LITERATURE,-1,literature,na,na,na,na
phee:17536204_5,literature,phee,LITERATURE,-1,literature,na,na,na,na
phee:1951476_2,literature,phee,LITERATURE,-1,literature,na,na,na,na
phee:1378497_1,literature,phee,LITERATURE,-1,literature,na,na,na,na
phee:10987357_2,literature,phee,LITERATURE,-1,literature,na,na,na,na
phee:11876387_1,literature,phee,LITERATURE,-1,literature,na,na,na,na
phee:8792511_1,literature,phee,LITERATURE,-1,literature,na,na,na,na
phee:10475726_2,literature,phee,LITERATURE,-1,literature,na,na,na,na
phee:17060191_5,literature,phee,LITERATURE,-1,literature,na,na,na,na
phee:8903300_3,literature,phee,LITERATURE,-1,literature,na,na,na,na
phee:8742573_4,literature,phee,LITERATURE,-1,literature,na,na,na,na
phee:2442958_2,literature,phee,LITERATURE,-1,literature,na,na,na,na
phee:12921505_2,literature,phee,LITERATURE,-1,literature,na,na,na,na
phee:1592841_1,literature,phee,LITERATURE,-1,literature,na,na,na,na
phee:11881322_4,literature,phee,LITERATURE,-1,literature,na,na,na,na
phee:15907341_2,literature,phee,LITERATURE,-1,literature,na,na,na,na
phee:12111771_5,literature,phee,LITERATURE,-1,literature,na,na,na,na
phee:20397038_1,literature,phee,LITERATURE,-1,literature,na,na,na,na
phee:20118434_2,literature,phee,LITERATURE,-1,literature,na,na,na,na
phee:10524732_1,literature,phee,LITERATURE,-1,literature,na,na,na,na
phee:17420198_9,literature,phee,LITERATURE,-1,literature,na,na,na,na
phee:11250985_4,literature,phee,LITERATURE,-1,literature,na,na,na,na
phee:941054_2,literature,phee,LITERATURE,-1,literature,na,na,na,na
phee:16298824_2,literature,phee,LITERATURE,-1,literature,na,na,na,na
phee:12365708_3,literature,phee,LITERATURE,-1,literature,na,na,na,na
phee:527355_1,literature,phee,LITERATURE,-1,literature,na,na,na,na
phee:15504988_1,literature,phee,LITERATURE,-1,literature,na,na,na,na
phee:2445709_2,literature,phee,LITERATURE,-1,literature,na,na,na,na
phee:18691992_4,literature,phee,LITERATURE,-1,literature,na,na,na,na
phee:9847899_1,literature,phee,LITERATURE,-1,literature,na,na,na,na
phee:16012330_1,literature,phee,LITERATURE,-1,literature,na,na,na,na
phee:11837564_1,literature,phee,LITERATURE,-1,literature,na,na,na,na
phee:22233409_1,literature,phee,LITERATURE,-1,literature,na,na,na,na
phee:10084639_1,literature,phee,LITERATURE,-1,literature,na,na,na,na
phee:15126179_1,literature,phee,LITERATURE,-1,literature,na,na,na,na
phee:7439122_3,literature,phee,LITERATURE,-1,literature,na,na,na,na
phee:1951476_1,literature,phee,LITERATURE,-1,literature,na,na,na,na
phee:9302445_1,literature,phee,LITERATURE,-1,literature,na,na,na,na
phee:7946029_2,literature,phee,LITERATURE,-1,literature,na,na,na,na
phee:1495728_1,literature,phee,LITERATURE,-1,literature,na,na,na,na
phee:3767790_2,literature,phee,LITERATURE,-1,literature,na,na,na,na
phee:20098333_2,literature,phee,LITERATURE,-1,literature,na,na,na,na
phee:17228132_3,literature,phee,LITERATURE,-1,literature,na,na,na,na
phee:18585545_5,literature,phee,LITERATURE,-1,literature,na,na,na,na
phee:22791547_5,literature,phee,LITERATURE,-1,literature,na,na,na,na
phee:7995508_1,literature,phee,LITERATURE,-1,literature,na,na,na,na
phee:3763264_1,literature,phee,LITERATURE,-1,literature,na,na,na,na
phee:8597009_4,literature,phee,LITERATURE,-1,literature,na,na,na,na
phee:9660541_3,literature,phee,LITERATURE,-1,literature,na,na,na,na
phee:3947272_3,literature,phee,LITERATURE,-1,literature,na,na,na,na
phee:11999915_4,literature,phee,LITERATURE,-1,literature,na,na,na,na
phee:2862137_2,literature,phee,LITERATURE,-1,literature,na,na,na,na
phee:4036917_3,literature,phee,LITERATURE,-1,literature,na,na,na,na
phee:16405935_1,literature,phee,LITERATURE,-1,literature,na,na,na,na
phee:17364199_14,literature,phee,LITERATURE,-1,literature,na,na,na,na
phee:25538343_2,literature,phee,LITERATURE,-1,literature,na,na,na,na
phee:19003750_1,literature,phee,LITERATURE,-1,literature,na,na,na,na
phee:1348483_1,literature,phee,LITERATURE,-1,literature,na,na,na,na
phee:16432996_3,literature,phee,LITERATURE,-1,literature,na,na,na,na
phee:3143551_3,literature,phee,LITERATURE,-1,literature,na,na,na,na
phee:15028964_2,literature,phee,LITERATURE,-1,literature,na,na,na,na
phee:11373877_2,literature,phee,LITERATURE,-1,literature,na,na,na,na
phee:16284443_3,literature,phee,LITERATURE,-1,literature,na,na,na,na
phee:10599932_5,literature,phee,LITERATURE,-1,literature,na,na,na,na
phee:16791713_3,literature,phee,LITERATURE,-1,literature,na,na,na,na
phee:19875411_2,literature,phee,LITERATURE,-1,literature,na,na,na,na
phee:7991279_2,literature,phee,LITERATURE,-1,literature,na,na,na,na
phee:18362995_2,literature,phee,LITERATURE,-1,literature,na,na,na,na
phee:11889149_3,literature,phee,LITERATURE,-1,literature,na,na,na,na
phee:8597009_1,literature,phee,LITERATURE,-1,literature,na,na,na,na
phee:7900744_2,literature,phee,LITERATURE,-1,literature,na,na,na,na
phee:18067642_2,literature,phee,LITERATURE,-1,literature,na,na,na,na
phee:1359782_2,literature,phee,LITERATURE,-1,literature,na,na,na,na
phee:998323_1,literature,phee,LITERATURE,-1,literature,na,na,na,na
phee:7304798_2,literature,phee,LITERATURE,-1,literature,na,na,na,na
phee:19402273_1,literature,phee,LITERATURE,-1,literature,na,na,na,na
phee:7393795_3,literature,phee,LITERATURE,-1,literature,na,na,na,na
phee:8641617_1,literature,phee,LITERATURE,-1,literature,na,na,na,na
phee:15190230_1,literature,phee,LITERATURE,-1,literature,na,na,na,na
phee:7696938_3,literature,phee,LITERATURE,-1,literature,na,na,na,na
phee:18515982_2,literature,phee,LITERATURE,-1,literature,na,na,na,na
phee:9399776_5,literature,phee,LITERATURE,-1,literature,na,na,na,na
phee:1673494_1,literature,phee,LITERATURE,-1,literature,na,na,na,na
phee:1977935_6,literature,phee,LITERATURE,-1,literature,na,na,na,na
phee:3405528_1,literature,phee,LITERATURE,-1,literature,na,na,na,na
phee:448845_2,literature,phee,LITERATURE,-1,literature,na,na,na,na
phee:282937_1,literature,phee,LITERATURE,-1,literature,na,na,na,na
phee:12751276_2,literature,phee,LITERATURE,-1,literature,na,na,na,na
phee:9920368_2,literature,phee,LITERATURE,-1,literature,na,na,na,na
phee:18094347_5,literature,phee,LITERATURE,-1,literature,na,na,na,na
phee:18533420_3,literature,phee,LITERATURE,-1,literature,na,na,na,na
phee:11030530_2,literature,phee,LITERATURE,-1,literature,na,na,na,na
phee:15611427_3,literature,phee,LITERATURE,-1,literature,na,na,na,na
phee:16405935_2,literature,phee,LITERATURE,-1,literature,na,na,na,na
phee:17494808_1,literature,phee,LITERATURE,-1,literature,na,na,na,na
phee:11033734_2,literature,phee,LITERATURE,-1,literature,na,na,na,na
phee:6260900_2,literature,phee,LITERATURE,-1,literature,na,na,na,na
phee:331881_1,literature,phee,LITERATURE,-1,literature,na,na,na,na
phee:14690166_1,literature,phee,LITERATURE,-1,literature,na,na,na,na
phee:10393393_1,literature,phee,LITERATURE,-1,literature,na,na,na,na
phee:19224802_1,literature,phee,LITERATURE,-1,literature,na,na,na,na
phee:8530331_7,literature,phee,LITERATURE,-1,literature,na,na,na,na
phee:7019786_3,literature,phee,LITERATURE,-1,literature,na,na,na,na
phee:19904536_14,literature,phee,LITERATURE,-1,literature,na,na,na,na
phee:9022114_3,literature,phee,LITERATURE,-1,literature,na,na,na,na
phee:9920368_1,literature,phee,LITERATURE,-1,literature,na,na,na,na
phee:18721173_1,literature,phee,LITERATURE,-1,literature,na,na,na,na
phee:21751692_4,literature,phee,LITERATURE,-1,literature,na,na,na,na
phee:9788533_8,literature,phee,LITERATURE,-1,literature,na,na,na,na
phee:9362107_2,literature,phee,LITERATURE,-1,literature,na,na,na,na
phee:1393348_4,literature,phee,LITERATURE,-1,literature,na,na,na,na
phee:8828999_1,literature,phee,LITERATURE,-1,literature,na,na,na,na
phee:7679525_2,literature,phee,LITERATURE,-1,literature,na,na,na,na
phee:18446030_1,literature,phee,LITERATURE,-1,literature,na,na,na,na
phee:812008_2,literature,phee,LITERATURE,-1,literature,na,na,na,na
phee:18294121_5,literature,phee,LITERATURE,-1,literature,na,na,na,na
phee:9337441_16,literature,phee,LITERATURE,-1,literature,na,na,na,na
phee:15592331_12,literature,phee,LITERATURE,-1,literature,na,na,na,na
phee:11328247_4,literature,phee,LITERATURE,-1,literature,na,na,na,na
phee:9403220_2,literature,phee,LITERATURE,-1,literature,na,na,na,na
phee:19667003_2,literature,phee,LITERATURE,-1,literature,na,na,na,na
phee:7919557_4,literature,phee,LITERATURE,-1,literature,na,na,na,na
phee:15685264_2,literature,phee,LITERATURE,-1,literature,na,na,na,na
phee:9362107_1,literature,phee,LITERATURE,-1,literature,na,na,na,na
phee:16005413_5,literature,phee,LITERATURE,-1,literature,na,na,na,na
phee:1772299_1,literature,phee,LITERATURE,-1,literature,na,na,na,na
phee:8942269_2,literature,phee,LITERATURE,-1,literature,na,na,na,na
phee:15388215_1,literature,phee,LITERATURE,-1,literature,na,na,na,na
phee:8496127_2,literature,phee,LITERATURE,-1,literature,na,na,na,na
phee:9169264_1,literature,phee,LITERATURE,-1,literature,na,na,na,na
phee:19122478_6,literature,phee,LITERATURE,-1,literature,na,na,na,na
phee:464813_1,literature,phee,LITERATURE,-1,literature,na,na,na,na
phee:11788010_3,literature,phee,LITERATURE,-1,literature,na,na,na,na
phee:16527771_1,literature,phee,LITERATURE,-1,literature,na,na,na,na
phee:19995222_4,literature,phee,LITERATURE,-1,literature,na,na,na,na
phee:22791547_1,literature,phee,LITERATURE,-1,literature,na,na,na,na
phee:7946029_1,literature,phee,LITERATURE,-1,literature,na,na,na,na
phee:18682542_2,literature,phee,LITERATURE,-1,literature,na,na,na,na
phee:9840249_1,literature,phee,LITERATURE,-1,literature,na,na,na,na
phee:15373932_10,literature,phee,LITERATURE,-1,literature,na,na,na,na
phee:25538343_4,literature,phee,LITERATURE,-1,literature,na,na,na,na
phee:3892171_1,literature,phee,LITERATURE,-1,literature,na,na,na,na
phee:9362107_3,literature,phee,LITERATURE,-1,literature,na,na,na,na
phee:8530331_5,literature,phee,LITERATURE,-1,literature,na,na,na,na
phee:9776099_1,literature,phee,LITERATURE,-1,literature,na,na,na,na
phee:15770343_3,literature,phee,LITERATURE,-1,literature,na,na,na,na
phee:11215836_4,literature,phee,LITERATURE,-1,literature,na,na,na,na
phee:9494448_4,literature,phee,LITERATURE,-1,literature,na,na,na,na
phee:10656221_2,literature,phee,LITERATURE,-1,literature,na,na,na,na
phee:17406804_4,literature,phee,LITERATURE,-1,literature,na,na,na,na
phee:8266863_1,literature,phee,LITERATURE,-1,literature,na,na,na,na
phee:11675845_4,literature,phee,LITERATURE,-1,literature,na,na,na,na
phee:11703329_2,literature,phee,LITERATURE,-1,literature,na,na,na,na
phee:17285101_3,literature,phee,LITERATURE,-1,literature,na,na,na,na
phee:15307435_2,literature,phee,LITERATURE,-1,literature,na,na,na,na
phee:7439122_2,literature,phee,LITERATURE,-1,literature,na,na,na,na
phee:9052919_2,literature,phee,LITERATURE,-1,literature,na,na,na,na
phee:21751666_1,literature,phee,LITERATURE,-1,literature,na,na,na,na
phee:8140860_3,literature,phee,LITERATURE,-1,literature,na,na,na,na
phee:15383642_2,literature,phee,LITERATURE,-1,literature,na,na,na,na
phee:23624139_3,literature,phee,LITERATURE,-1,literature,na,na,na,na
phee:11213850_6,literature,phee,LITERATURE,-1,literature,na,na,na,na
phee:412488_7,literature,phee,LITERATURE,-1,literature,na,na,na,na
phee:7304798_1,literature,phee,LITERATURE,-1,literature,na,na,na,na
phee:11144696_2,literature,phee,LITERATURE,-1,literature,na,na,na,na
phee:282937_3,literature,phee,LITERATURE,-1,literature,na,na,na,na
phee:19402273_2,literature,phee,LITERATURE,-1,literature,na,na,na,na
phee:17671884_7,literature,phee,LITERATURE,-1,literature,na,na,na,na
phee:1348483_2,literature,phee,LITERATURE,-1,literature,na,na,na,na
phee:3982906_2,literature,phee,LITERATURE,-1,literature,na,na,na,na
phee:11160777_11,literature,phee,LITERATURE,-1,literature,na,na,na,na
phee:7663030_1,literature,phee,LITERATURE,-1,literature,na,na,na,na
phee:16119501_3,literature,phee,LITERATURE,-1,literature,na,na,na,na
phee:16629074_2,literature,phee,LITERATURE,-1,literature,na,na,na,na
phee:2305654_2,literature,phee,LITERATURE,-1,literature,na,na,na,na
phee:12111771_1,literature,phee,LITERATURE,-1,literature,na,na,na,na
phee:15729090_2,literature,phee,LITERATURE,-1,literature,na,na,na,na
phee:1393348_1,literature,phee,LITERATURE,-1,literature,na,na,na,na
phee:7973922_2,literature,phee,LITERATURE,-1,literature,na,na,na,na
phee:12086549_3,literature,phee,LITERATURE,-1,literature,na,na,na,na
phee:19434733_3,literature,phee,LITERATURE,-1,literature,na,na,na,na
phee:2250853_2,literature,phee,LITERATURE,-1,literature,na,na,na,na
phee:17189581_1,literature,phee,LITERATURE,-1,literature,na,na,na,na
phee:8530331_1,literature,phee,LITERATURE,-1,literature,na,na,na,na
phee:18691992_5,literature,phee,LITERATURE,-1,literature,na,na,na,na
phee:11889149_4,literature,phee,LITERATURE,-1,literature,na,na,na,na
phee:8301877_2,literature,phee,LITERATURE,-1,literature,na,na,na,na
phee:7663030_2,literature,phee,LITERATURE,-1,literature,na,na,na,na
phee:458006_2,literature,phee,LITERATURE,-1,literature,na,na,na,na
phee:10745478_1,literature,phee,LITERATURE,-1,literature,na,na,na,na
phee:18585545_3,literature,phee,LITERATURE,-1,literature,na,na,na,na
phee:9876809_1,literature,phee,LITERATURE,-1,literature,na,na,na,na
phee:19540093_3,literature,phee,LITERATURE,-1,literature,na,na,na,na
phee:2811895_1,literature,phee,LITERATURE,-1,literature,na,na,na,na
phee:3397227_2,literature,phee,LITERATURE,-1,literature,na,na,na,na
phee:18191947_3,literature,phee,LITERATURE,-1,literature,na,na,na,na
phee:19915794_2,literature,phee,LITERATURE,-1,literature,na,na,na,na
phee:12792223_1,literature,phee,LITERATURE,-1,literature,na,na,na,na
phee:6292681_1,literature,phee,LITERATURE,-1,literature,na,na,na,na
phee:3725284_2,literature,phee,LITERATURE,-1,literature,na,na,na,na
phee:9177620_2,literature,phee,LITERATURE,-1,literature,na,na,na,na
phee:19707032_1,literature,phee,LITERATURE,-1,literature,na,na,na,na
phee:17852449_2,literature,phee,LITERATURE,-1,literature,na,na,na,na
phee:18698687_2,literature,phee,LITERATURE,-1,literature,na,na,na,na
phee:9161656_5,literature,phee,LITERATURE,-1,literature,na,na,na,na
phee:12590235_1,literature,phee,LITERATURE,-1,literature,na,na,na,na
phee:11889149_2,literature,phee,LITERATURE,-1,literature,na,na,na,na
phee:9840249_3,literature,phee,LITERATURE,-1,literature,na,na,na,na
phee:3628148_2,literature,phee,LITERATURE,-1,literature,na,na,na,na
phee:16882109_2,literature,phee,LITERATURE,-1,literature,na,na,na,na
phee:11889149_14,literature,phee,LITERATURE,-1,literature,na,na,na,na
phee:11881322_3,literature,phee,LITERATURE,-1,literature,na,na,na,na
phee:2295443_3,literature,phee,LITERATURE,-1,literature,na,na,na,na
phee:9634122_1,literature,phee,LITERATURE,-1,literature,na,na,na,na
phee:7282702_2,literature,phee,LITERATURE,-1,literature,na,na,na,na
phee:19707032_4,literature,phee,LITERATURE,-1,literature,na,na,na,na
phee:25671244_13,literature,phee,LITERATURE,-1,literature,na,na,na,na
phee:18504683_2,literature,phee,LITERATURE,-1,literature,na,na,na,na
phee:16029707_1,literature,phee,LITERATURE,-1,literature,na,na,na,na
phee:12757344_1,literature,phee,LITERATURE,-1,literature,na,na,na,na
phee:15379082_2,literature,phee,LITERATURE,-1,literature,na,na,na,na
phee:11049910_11,literature,phee,LITERATURE,-1,literature,na,na,na,na
phee:3379435_1,literature,phee,LITERATURE,-1,literature,na,na,na,na
phee:3143551_5,literature,phee,LITERATURE,-1,literature,na,na,na,na
phee:8667442_2,literature,phee,LITERATURE,-1,literature,na,na,na,na
phee:16997047_3,literature,phee,LITERATURE,-1,literature,na,na,na,na
phee:24429012_2,literature,phee,LITERATURE,-1,literature,na,na,na,na
phee:18810448_1,literature,phee,LITERATURE,-1,literature,na,na,na,na
phee:2445709_1,literature,phee,LITERATURE,-1,literature,na,na,na,na
phee:18396749_3,literature,phee,LITERATURE,-1,literature,na,na,na,na
phee:18094347_6,literature,phee,LITERATURE,-1,literature,na,na,na,na
phee:10099659_1,literature,phee,LITERATURE,-1,literature,na,na,na,na
phee:18343993_3,literature,phee,LITERATURE,-1,literature,na,na,na,na
phee:15694139_6,literature,phee,LITERATURE,-1,literature,na,na,na,na
phee:18607107_3,literature,phee,LITERATURE,-1,literature,na,na,na,na
phee:19707032_2,literature,phee,LITERATURE,-1,literature,na,na,na,na
phee:2663536_1,literature,phee,LITERATURE,-1,literature,na,na,na,na
phee:19717383_1,literature,phee,LITERATURE,-1,literature,na,na,na,na
phee:8038468_2,literature,phee,LITERATURE,-1,literature,na,na,na,na
phee:17083900_2,literature,phee,LITERATURE,-1,literature,na,na,na,na
phee:18191947_2,literature,phee,LITERATURE,-1,literature,na,na,na,na
phee:15785053_3,literature,phee,LITERATURE,-1,literature,na,na,na,na
phee:16298824_5,literature,phee,LITERATURE,-1,literature,na,na,na,na
phee:21751542_4,literature,phee,LITERATURE,-1,literature,na,na,na,na
phee:24846936_2,literature,phee,LITERATURE,-1,literature,na,na,na,na
phee:19904536_10,literature,phee,LITERATURE,-1,literature,na,na,na,na
phee:10614572_3,literature,phee,LITERATURE,-1,literature,na,na,na,na
phee:11489400_1,literature,phee,LITERATURE,-1,literature,na,na,na,na
phee:17610180_2,literature,phee,LITERATURE,-1,literature,na,na,na,na
phee:6683487_4,literature,phee,LITERATURE,-1,literature,na,na,na,na
phee:6529939_1,literature,phee,LITERATURE,-1,literature,na,na,na,na
phee:9701106_5,literature,phee,LITERATURE,-1,literature,na,na,na,na
phee:6947095_2,literature,phee,LITERATURE,-1,literature,na,na,na,na
phee:10749332_5,literature,phee,LITERATURE,-1,literature,na,na,na,na
phee:2320800_2,literature,phee,LITERATURE,-1,literature,na,na,na,na
phee:10467499_2,literature,phee,LITERATURE,-1,literature,na,na,na,na
phee:15920338_2,literature,phee,LITERATURE,-1,literature,na,na,na,na
phee:16207263_2,literature,phee,LITERATURE,-1,literature,na,na,na,na
phee:16503727_2,literature,phee,LITERATURE,-1,literature,na,na,na,na
phee:22233409_4,literature,phee,LITERATURE,-1,literature,na,na,na,na
phee:8641617_3,literature,phee,LITERATURE,-1,literature,na,na,na,na
phee:18344455_2,literature,phee,LITERATURE,-1,literature,na,na,na,na
phee:16211208_1,literature,phee,LITERATURE,-1,literature,na,na,na,na
phee:8651254_2,literature,phee,LITERATURE,-1,literature,na,na,na,na
phee:8604715_4,literature,phee,LITERATURE,-1,literature,na,na,na,na
phee:8672829_6,literature,phee,LITERATURE,-1,literature,na,na,na,na
phee:17536204_2,literature,phee,LITERATURE,-1,literature,na,na,na,na
phee:18795_3,literature,phee,LITERATURE,-1,literature,na,na,na,na
phee:8345435_1,literature,phee,LITERATURE,-1,literature,na,na,na,na
phee:7718983_5,literature,phee,LITERATURE,-1,literature,na,na,na,na
phee:9211543_1,literature,phee,LITERATURE,-1,literature,na,na,na,na
phee:17266059_1,literature,phee,LITERATURE,-1,literature,na,na,na,na
phee:1792646_2,literature,phee,LITERATURE,-1,literature,na,na,na,na
phee:16298824_1,literature,phee,LITERATURE,-1,literature,na,na,na,na
phee:17406804_3,literature,phee,LITERATURE,-1,literature,na,na,na,na
phee:6519218_1,literature,phee,LITERATURE,-1,literature,na,na,na,na
phee:12126225_2,literature,phee,LITERATURE,-1,literature,na,na,na,na
phee:10475726_1,literature,phee,LITERATURE,-1,literature,na,na,na,na
phee:21751666_5,literature,phee,LITERATURE,-1,literature,na,na,na,na
phee:19365885_1,literature,phee,LITERATURE,-1,literature,na,na,na,na
phee:25417855_1,literature,phee,LITERATURE,-1,literature,na,na,na,na
phee:11576059_1,literature,phee,LITERATURE,-1,literature,na,na,na,na
phee:1267457_3,literature,phee,LITERATURE,-1,literature,na,na,na,na
phee:576675_2,literature,phee,LITERATURE,-1,literature,na,na,na,na
phee:3365032_1,literature,phee,LITERATURE,-1,literature,na,na,na,na
phee:12243603_7,literature,phee,LITERATURE,-1,literature,na,na,na,na
phee:2935070_2,literature,phee,LITERATURE,-1,literature,na,na,na,na
phee:2956288_3,literature,phee,LITERATURE,-1,literature,na,na,na,na
phee:7779233_2,literature,phee,LITERATURE,-1,literature,na,na,na,na
phee:8384030_4,literature,phee,LITERATURE,-1,literature,na,na,na,na
phee:7673653_3,literature,phee,LITERATURE,-1,literature,na,na,na,na
phee:17009081_3,literature,phee,LITERATURE,-1,literature,na,na,na,na
phee:17438184_3,literature,phee,LITERATURE,-1,literature,na,na,na,na
phee:4095247_3,literature,phee,LITERATURE,-1,literature,na,na,na,na
phee:16986159_1,literature,phee,LITERATURE,-1,literature,na,na,na,na
phee:7379406_3,literature,phee,LITERATURE,-1,literature,na,na,na,na
phee:17266059_3,literature,phee,LITERATURE,-1,literature,na,na,na,na
phee:11144696_3,literature,phee,LITERATURE,-1,literature,na,na,na,na
phee:12078977_1,literature,phee,LITERATURE,-1,literature,na,na,na,na
phee:8604715_1,literature,phee,LITERATURE,-1,literature,na,na,na,na
phee:16765687_1,literature,phee,LITERATURE,-1,literature,na,na,na,na
phee:18344455_4,literature,phee,LITERATURE,-1,literature,na,na,na,na
phee:2728526_4,literature,phee,LITERATURE,-1,literature,na,na,na,na
phee:6721543_1,literature,phee,LITERATURE,-1,literature,na,na,na,na
phee:10688731_3,literature,phee,LITERATURE,-1,literature,na,na,na,na
phee:16109609_4,literature,phee,LITERATURE,-1,literature,na,na,na,na
phee:10679548_1,literature,phee,LITERATURE,-1,literature,na,na,na,na
phee:18691992_6,literature,phee,LITERATURE,-1,literature,na,na,na,na
phee:17319250_2,literature,phee,LITERATURE,-1,literature,na,na,na,na
phee:19897274_3,literature,phee,LITERATURE,-1,literature,na,na,na,na
phee:15494638_17,literature,phee,LITERATURE,-1,literature,na,na,na,na
phee:14998226_7,literature,phee,LITERATURE,-1,literature,na,na,na,na
phee:14998226_10,literature,phee,LITERATURE,-1,literature,na,na,na,na
phee:8120934_2,literature,phee,LITERATURE,-1,literature,na,na,na,na
phee:17873198_2,literature,phee,LITERATURE,-1,literature,na,na,na,na
phee:2442958_1,literature,phee,LITERATURE,-1,literature,na,na,na,na
phee:16025424_1,literature,phee,LITERATURE,-1,literature,na,na,na,na
phee:3815268_1,literature,phee,LITERATURE,-1,literature,na,na,na,na
phee:9013348_2,literature,phee,LITERATURE,-1,literature,na,na,na,na
phee:11737689_2,literature,phee,LITERATURE,-1,literature,na,na,na,na
phee:71813_3,literature,phee,LITERATURE,-1,literature,na,na,na,na
phee:12153007_2,literature,phee,LITERATURE,-1,literature,na,na,na,na
phee:12656748_3,literature,phee,LITERATURE,-1,literature,na,na,na,na
phee:10614572_1,literature,phee,LITERATURE,-1,literature,na,na,na,na
phee:17876386_2,literature,phee,LITERATURE,-1,literature,na,na,na,na
phee:25417855_3,literature,phee,LITERATURE,-1,literature,na,na,na,na
phee:2554727_1,literature,phee,LITERATURE,-1,literature,na,na,na,na
phee:16097572_1,literature,phee,LITERATURE,-1,literature,na,na,na,na
phee:8053440_4,literature,phee,LITERATURE,-1,literature,na,na,na,na
phee:7781845_1,literature,phee,LITERATURE,-1,literature,na,na,na,na
phee:19226083_17,literature,phee,LITERATURE,-1,literature,na,na,na,na
phee:6245286_2,literature,phee,LITERATURE,-1,literature,na,na,na,na
phee:17655517_9,literature,phee,LITERATURE,-1,literature,na,na,na,na
phee:3941210_1,literature,phee,LITERATURE,-1,literature,na,na,na,na
phee:7249424_1,literature,phee,LITERATURE,-1,literature,na,na,na,na
phee:17509184_1,literature,phee,LITERATURE,-1,literature,na,na,na,na
phee:19892516_2,literature,phee,LITERATURE,-1,literature,na,na,na,na
phee:15028964_7,literature,phee,LITERATURE,-1,literature,na,na,na,na
phee:10367184_1,literature,phee,LITERATURE,-1,literature,na,na,na,na
phee:7668127_5,literature,phee,LITERATURE,-1,literature,na,na,na,na
phee:8360712_2,literature,phee,LITERATURE,-1,literature,na,na,na,na
phee:7776854_4,literature,phee,LITERATURE,-1,literature,na,na,na,na
phee:3579660_3,literature,phee,LITERATURE,-1,literature,na,na,na,na
phee:16889287_3,literature,phee,LITERATURE,-1,literature,na,na,na,na
phee:22233409_5,literature,phee,LITERATURE,-1,literature,na,na,na,na
phee:2309833_3,literature,phee,LITERATURE,-1,literature,na,na,na,na
phee:417679_1,literature,phee,LITERATURE,-1,literature,na,na,na,na
phee:18176653_1,literature,phee,LITERATURE,-1,literature,na,na,na,na
phee:19299370_4,literature,phee,LITERATURE,-1,literature,na,na,na,na
phee:15383642_9,literature,phee,LITERATURE,-1,literature,na,na,na,na
phee:424824_3,literature,phee,LITERATURE,-1,literature,na,na,na,na
phee:8816294_1,literature,phee,LITERATURE,-1,literature,na,na,na,na
phee:3565435_2,literature,phee,LITERATURE,-1,literature,na,na,na,na
phee:11250985_2,literature,phee,LITERATURE,-1,literature,na,na,na,na
phee:10516999_2,literature,phee,LITERATURE,-1,literature,na,na,na,na
phee:12365708_4,literature,phee,LITERATURE,-1,literature,na,na,na,na
phee:14674674_3,literature,phee,LITERATURE,-1,literature,na,na,na,na
phee:17420198_19,literature,phee,LITERATURE,-1,literature,na,na,na,na
phee:15307435_1,literature,phee,LITERATURE,-1,literature,na,na,na,na
phee:12811715_2,literature,phee,LITERATURE,-1,literature,na,na,na,na
phee:228648_1,literature,phee,LITERATURE,-1,literature,na,na,na,na
phee:20178709_2,literature,phee,LITERATURE,-1,literature,na,na,na,na
phee:21597286_6,literature,phee,LITERATURE,-1,literature,na,na,na,na
phee:18795_2,literature,phee,LITERATURE,-1,literature,na,na,na,na
phee:10679548_7,literature,phee,LITERATURE,-1,literature,na,na,na,na
phee:2369419_2,literature,phee,LITERATURE,-1,literature,na,na,na,na
phee:16116136_4,literature,phee,LITERATURE,-1,literature,na,na,na,na
phee:6498095_2,literature,phee,LITERATURE,-1,literature,na,na,na,na
phee:2931445_3,literature,phee,LITERATURE,-1,literature,na,na,na,na
phee:12126225_1,literature,phee,LITERATURE,-1,literature,na,na,na,na
phee:3143551_2,literature,phee,LITERATURE,-1,literature,na,na,na,na
phee:12086549_1,literature,phee,LITERATURE,-1,literature,na,na,na,na
phee:9399776_1,literature,phee,LITERATURE,-1,literature,na,na,na,na
phee:10907391_3,literature,phee,LITERATURE,-1,literature,na,na,na,na
phee:18957000_3,literature,phee,LITERATURE,-1,literature,na,na,na,na
phee:6405633_1,literature,phee,LITERATURE,-1,literature,na,na,na,na
phee:4044222_1,literature,phee,LITERATURE,-1,literature,na,na,na,na
phee:12962465_2,literature,phee,LITERATURE,-1,literature,na,na,na,na
phee:15112258_6,literature,phee,LITERATURE,-1,literature,na,na,na,na
phee:1893404_1,literature,phee,LITERATURE,-1,literature,na,na,na,na
phee:15827071_5,literature,phee,LITERATURE,-1,literature,na,na,na,na
phee:9819544_2,literature,phee,LITERATURE,-1,literature,na,na,na,na
phee:3159106_3,literature,phee,LITERATURE,-1,literature,na,na,na,na
phee:8452107_2,literature,phee,LITERATURE,-1,literature,na,na,na,na
phee:15944830_1,literature,phee,LITERATURE,-1,literature,na,na,na,na
phee:7986915_2,literature,phee,LITERATURE,-1,literature,na,na,na,na
phee:18159131_4,literature,phee,LITERATURE,-1,literature,na,na,na,na
phee:6430252_1,literature,phee,LITERATURE,-1,literature,na,na,na,na
phee:2690546_3,literature,phee,LITERATURE,-1,literature,na,na,na,na
phee:11720625_1,literature,phee,LITERATURE,-1,literature,na,na,na,na
phee:12053072_2,literature,phee,LITERATURE,-1,literature,na,na,na,na
phee:23006440_5,literature,phee,LITERATURE,-1,literature,na,na,na,na
phee:16181292_2,literature,phee,LITERATURE,-1,literature,na,na,na,na
phee:10715308_12,literature,phee,LITERATURE,-1,literature,na,na,na,na
phee:9619226_1,literature,phee,LITERATURE,-1,literature,na,na,na,na
phee:11807466_1,literature,phee,LITERATURE,-1,literature,na,na,na,na
phee:12053072_1,literature,phee,LITERATURE,-1,literature,na,na,na,na
phee:8305778_9,literature,phee,LITERATURE,-1,literature,na,na,na,na
phee:3513544_2,literature,phee,LITERATURE,-1,literature,na,na,na,na
phee:1827039_1,literature,phee,LITERATURE,-1,literature,na,na,na,na
phee:11672959_2,literature,phee,LITERATURE,-1,literature,na,na,na,na
phee:6405633_2,literature,phee,LITERATURE,-1,literature,na,na,na,na
phee:6344831_1,literature,phee,LITERATURE,-1,literature,na,na,na,na
phee:2154663_3,literature,phee,LITERATURE,-1,literature,na,na,na,na
phee:25540831_8,literature,phee,LITERATURE,-1,literature,na,na,na,na
phee:946400_3,literature,phee,LITERATURE,-1,literature,na,na,na,na
phee:6507240_2,literature,phee,LITERATURE,-1,literature,na,na,na,na
phee:2234880_1,literature,phee,LITERATURE,-1,literature,na,na,na,na
phee:3501467_1,literature,phee,LITERATURE,-1,literature,na,na,na,na
phee:12763355_4,literature,phee,LITERATURE,-1,literature,na,na,na,na
phee:17697264_2,literature,phee,LITERATURE,-1,literature,na,na,na,na
phee:16948177_4,literature,phee,LITERATURE,-1,literature,na,na,na,na
phee:11720625_4,literature,phee,LITERATURE,-1,literature,na,na,na,na
phee:14971874_2,literature,phee,LITERATURE,-1,literature,na,na,na,na
phee:18006091_2,literature,phee,LITERATURE,-1,literature,na,na,na,na
phee:11008259_1,literature,phee,LITERATURE,-1,literature,na,na,na,na
phee:19260037_5,literature,phee,LITERATURE,-1,literature,na,na,na,na
phee:6625005_3,literature,phee,LITERATURE,-1,literature,na,na,na,na
phee:19934385_3,literature,phee,LITERATURE,-1,literature,na,na,na,na
phee:2154663_1,literature,phee,LITERATURE,-1,literature,na,na,na,na
phee:15941649_4,literature,phee,LITERATURE,-1,literature,na,na,na,na
phee:2572964_2,literature,phee,LITERATURE,-1,literature,na,na,na,na
phee:160443_1,literature,phee,LITERATURE,-1,literature,na,na,na,na
phee:6344831_2,literature,phee,LITERATURE,-1,literature,na,na,na,na
phee:1834424_1,literature,phee,LITERATURE,-1,literature,na,na,na,na
phee:15760792_1,literature,phee,LITERATURE,-1,literature,na,na,na,na
phee:7887138_1,literature,phee,LITERATURE,-1,literature,na,na,na,na
phee:8627446_2,literature,phee,LITERATURE,-1,literature,na,na,na,na
phee:10465148_6,literature,phee,LITERATURE,-1,literature,na,na,na,na
phee:24927617_5,literature,phee,LITERATURE,-1,literature,na,na,na,na
phee:6614033_1,literature,phee,LITERATURE,-1,literature,na,na,na,na
phee:2461837_2,literature,phee,LITERATURE,-1,literature,na,na,na,na
phee:8551001_2,literature,phee,LITERATURE,-1,literature,na,na,na,na
phee:8645078_2,literature,phee,LITERATURE,-1,literature,na,na,na,na
phee:6628806_1,literature,phee,LITERATURE,-1,literature,na,na,na,na
phee:1988604_2,literature,phee,LITERATURE,-1,literature,na,na,na,na
phee:12439602_2,literature,phee,LITERATURE,-1,literature,na,na,na,na
phee:23471710_1,literature,phee,LITERATURE,-1,literature,na,na,na,na
phee:18765315_3,literature,phee,LITERATURE,-1,literature,na,na,na,na
phee:12196060_12,literature,phee,LITERATURE,-1,literature,na,na,na,na
phee:11819156_2,literature,phee,LITERATURE,-1,literature,na,na,na,na
phee:8645078_3,literature,phee,LITERATURE,-1,literature,na,na,na,na
phee:16446228_1,literature,phee,LITERATURE,-1,literature,na,na,na,na
phee:3586163_1,literature,phee,LITERATURE,-1,literature,na,na,na,na
phee:647693_1,literature,phee,LITERATURE,-1,literature,na,na,na,na
phee:12390172_3,literature,phee,LITERATURE,-1,literature,na,na,na,na
phee:11590881_1,literature,phee,LITERATURE,-1,literature,na,na,na,na
phee:17068466_2,literature,phee,LITERATURE,-1,literature,na,na,na,na
phee:8844232_2,literature,phee,LITERATURE,-1,literature,na,na,na,na
phee:14964753_7,literature,phee,LITERATURE,-1,literature,na,na,na,na
phee:11978156_6,literature,phee,LITERATURE,-1,literature,na,na,na,na
phee:1628669_1,literature,phee,LITERATURE,-1,literature,na,na,na,na
phee:10485779_2,literature,phee,LITERATURE,-1,literature,na,na,na,na
phee:10510017_3,literature,phee,LITERATURE,-1,literature,na,na,na,na
phee:8308511_1,literature,phee,LITERATURE,-1,literature,na,na,na,na
phee:14964753_6,literature,phee,LITERATURE,-1,literature,na,na,na,na
phee:10633877_2,literature,phee,LITERATURE,-1,literature,na,na,na,na
phee:15028328_4,literature,phee,LITERATURE,-1,literature,na,na,na,na
phee:15028328_1,literature,phee,LITERATURE,-1,literature,na,na,na,na
phee:16164579_2,literature,phee,LITERATURE,-1,literature,na,na,na,na
phee:15944830_2,literature,phee,LITERATURE,-1,literature,na,na,na,na
phee:16939867_3,literature,phee,LITERATURE,-1,literature,na,na,na,na
phee:9491301_2,literature,phee,LITERATURE,-1,literature,na,na,na,na
phee:3718111_1,literature,phee,LITERATURE,-1,literature,na,na,na,na
phee:11247558_1,literature,phee,LITERATURE,-1,literature,na,na,na,na
phee:17937473_2,literature,phee,LITERATURE,-1,literature,na,na,na,na
phee:11903249_1,literature,phee,LITERATURE,-1,literature,na,na,na,na
phee:7632529_2,literature,phee,LITERATURE,-1,literature,na,na,na,na
phee:18622319_4,literature,phee,LITERATURE,-1,literature,na,na,na,na
phee:7387219_3,literature,phee,LITERATURE,-1,literature,na,na,na,na
phee:17310853_1,literature,phee,LITERATURE,-1,literature,na,na,na,na
phee:19296063_2,literature,phee,LITERATURE,-1,literature,na,na,na,na
phee:7897759_2,literature,phee,LITERATURE,-1,literature,na,na,na,na
phee:24927617_11,literature,phee,LITERATURE,-1,literature,na,na,na,na
phee:11171531_3,literature,phee,LITERATURE,-1,literature,na,na,na,na
phee:9695308_4,literature,phee,LITERATURE,-1,literature,na,na,na,na
phee:12561997_1,literature,phee,LITERATURE,-1,literature,na,na,na,na
phee:15279668_2,literature,phee,LITERATURE,-1,literature,na,na,na,na
phee:7174620_2,literature,phee,LITERATURE,-1,literature,na,na,na,na
phee:21350204_10,literature,phee,LITERATURE,-1,literature,na,na,na,na
phee:16507380_11,literature,phee,LITERATURE,-1,literature,na,na,na,na
phee:11554897_5,literature,phee,LITERATURE,-1,literature,na,na,na,na
phee:2417800_2,literature,phee,LITERATURE,-1,literature,na,na,na,na
phee:9426968_2,literature,phee,LITERATURE,-1,literature,na,na,na,na
phee:16244351_2,literature,phee,LITERATURE,-1,literature,na,na,na,na
phee:17959575_16,literature,phee,LITERATURE,-1,literature,na,na,na,na
phee:2568058_1,literature,phee,LITERATURE,-1,literature,na,na,na,na
phee:18562412_4,literature,phee,LITERATURE,-1,literature,na,na,na,na
phee:9819544_1,literature,phee,LITERATURE,-1,literature,na,na,na,na
phee:15719254_3,literature,phee,LITERATURE,-1,literature,na,na,na,na
phee:15827071_13,literature,phee,LITERATURE,-1,literature,na,na,na,na
phee:10465148_2,literature,phee,LITERATURE,-1,literature,na,na,na,na
phee:15827071_10,literature,phee,LITERATURE,-1,literature,na,na,na,na
phee:9527943_1,literature,phee,LITERATURE,-1,literature,na,na,na,na
phee:7235792_1,literature,phee,LITERATURE,-1,literature,na,na,na,na
phee:16531969_4,literature,phee,LITERATURE,-1,literature,na,na,na,na
phee:14530108_2,literature,phee,LITERATURE,-1,literature,na,na,na,na
phee:11984077_2,literature,phee,LITERATURE,-1,literature,na,na,na,na
phee:16449538_5,literature,phee,LITERATURE,-1,literature,na,na,na,na
phee:16122280_3,literature,phee,LITERATURE,-1,literature,na,na,na,na
phee:2549018_2,literature,phee,LITERATURE,-1,literature,na,na,na,na
phee:14723711_6,literature,phee,LITERATURE,-1,literature,na,na,na,na
phee:12196060_1,literature,phee,LITERATURE,-1,literature,na,na,na,na
phee:3609047_3,literature,phee,LITERATURE,-1,literature,na,na,na,na
phee:14660304_2,literature,phee,LITERATURE,-1,literature,na,na,na,na
phee:15760792_3,literature,phee,LITERATURE,-1,literature,na,na,na,na
phee:9466030_1,literature,phee,LITERATURE,-1,literature,na,na,na,na
phee:7420580_2,literature,phee,LITERATURE,-1,literature,na,na,na,na
phee:8864370_4,literature,phee,LITERATURE,-1,literature,na,na,na,na
phee:17195428_2,literature,phee,LITERATURE,-1,literature,na,na,na,na
phee:12806509_1,literature,phee,LITERATURE,-1,literature,na,na,na,na
phee:2429270_5,literature,phee,LITERATURE,-1,literature,na,na,na,na
phee:12661801_3,literature,phee,LITERATURE,-1,literature,na,na,na,na
phee:16459502_1,literature,phee,LITERATURE,-1,literature,na,na,na,na
phee:19690222_2,literature,phee,LITERATURE,-1,literature,na,na,na,na
phee:23774436_2,literature,phee,LITERATURE,-1,literature,na,na,na,na
phee:9619226_2,literature,phee,LITERATURE,-1,literature,na,na,na,na
phee:12661801_1,literature,phee,LITERATURE,-1,literature,na,na,na,na
phee:8700794_5,literature,phee,LITERATURE,-1,literature,na,na,na,na
phee:15279668_1,literature,phee,LITERATURE,-1,literature,na,na,na,na
phee:19249953_1,literature,phee,LITERATURE,-1,literature,na,na,na,na
phee:8305778_3,literature,phee,LITERATURE,-1,literature,na,na,na,na
phee:8645078_1,literature,phee,LITERATURE,-1,literature,na,na,na,na
phee:14723711_3,literature,phee,LITERATURE,-1,literature,na,na,na,na
phee:18765315_4,literature,phee,LITERATURE,-1,literature,na,na,na,na
phee:12635752_1,literature,phee,LITERATURE,-1,literature,na,na,na,na
phee:9695308_2,literature,phee,LITERATURE,-1,literature,na,na,na,na
phee:12399645_2,literature,phee,LITERATURE,-1,literature,na,na,na,na
phee:10510017_1,literature,phee,LITERATURE,-1,literature,na,na,na,na
phee:18991509_1,literature,phee,LITERATURE,-1,literature,na,na,na,na
phee:18622319_2,literature,phee,LITERATURE,-1,literature,na,na,na,na
phee:7459812_2,literature,phee,LITERATURE,-1,literature,na,na,na,na
phee:19648225_2,literature,phee,LITERATURE,-1,literature,na,na,na,na
phee:19217693_2,literature,phee,LITERATURE,-1,literature,na,na,na,na
phee:15965422_1,literature,phee,LITERATURE,-1,literature,na,na,na,na
phee:3586163_3,literature,phee,LITERATURE,-1,literature,na,na,na,na
phee:18359591_1,literature,phee,LITERATURE,-1,literature,na,na,na,na
phee:9681092_5,literature,phee,LITERATURE,-1,literature,na,na,na,na
phee:20110001_4,literature,phee,LITERATURE,-1,literature,na,na,na,na
phee:17907595_6,literature,phee,LITERATURE,-1,literature,na,na,na,na
phee:11597289_14,literature,phee,LITERATURE,-1,literature,na,na,na,na
phee:968449_2,literature,phee,LITERATURE,-1,literature,na,na,na,na
phee:2429270_4,literature,phee,LITERATURE,-1,literature,na,na,na,na
phee:19249953_10,literature,phee,LITERATURE,-1,literature,na,na,na,na
phee:897744_2,literature,phee,LITERATURE,-1,literature,na,na,na,na
phee:7035691_3,literature,phee,LITERATURE,-1,literature,na,na,na,na
phee:7907218_1,literature,phee,LITERATURE,-1,literature,na,na,na,na
phee:10348150_2,literature,phee,LITERATURE,-1,literature,na,na,na,na
phee:2196696_1,literature,phee,LITERATURE,-1,literature,na,na,na,na
phee:15112258_13,literature,phee,LITERATURE,-1,literature,na,na,na,na
phee:18487000_2,literature,phee,LITERATURE,-1,literature,na,na,na,na
phee:20979526_8,literature,phee,LITERATURE,-1,literature,na,na,na,na
phee:12625995_3,literature,phee,LITERATURE,-1,literature,na,na,na,na
phee:11688826_2,literature,phee,LITERATURE,-1,literature,na,na,na,na
phee:12546343_2,literature,phee,LITERATURE,-1,literature,na,na,na,na
phee:20110001_1,literature,phee,LITERATURE,-1,literature,na,na,na,na
phee:16531969_2,literature,phee,LITERATURE,-1,literature,na,na,na,na
phee:17329303_6,literature,phee,LITERATURE,-1,literature,na,na,na,na
phee:12196060_2,literature,phee,LITERATURE,-1,literature,na,na,na,na
phee:16446228_2,literature,phee,LITERATURE,-1,literature,na,na,na,na
phee:2063999_2,literature,phee,LITERATURE,-1,literature,na,na,na,na
phee:11126885_7,literature,phee,LITERATURE,-1,literature,na,na,na,na
phee:10327035_1,literature,phee,LITERATURE,-1,literature,na,na,na,na
phee:24927617_1,literature,phee,LITERATURE,-1,literature,na,na,na,na
phee:15779196_1,literature,phee,LITERATURE,-1,literature,na,na,na,na
phee:7117795_3,literature,phee,LITERATURE,-1,literature,na,na,na,na
phee:15681911_2,literature,phee,LITERATURE,-1,literature,na,na,na,na
phee:15338554_5,literature,phee,LITERATURE,-1,literature,na,na,na,na
phee:8840640_2,literature,phee,LITERATURE,-1,literature,na,na,na,na
phee:7685228_1,literature,phee,LITERATURE,-1,literature,na,na,na,na
phee:946400_2,literature,phee,LITERATURE,-1,literature,na,na,na,na
phee:14971874_1,literature,phee,LITERATURE,-1,literature,na,na,na,na
phee:6507240_4,literature,phee,LITERATURE,-1,literature,na,na,na,na
phee:1624172_3,literature,phee,LITERATURE,-1,literature,na,na,na,na
phee:15112258_9,literature,phee,LITERATURE,-1,literature,na,na,na,na
phee:11126885_8,literature,phee,LITERATURE,-1,literature,na,na,na,na
phee:968449_4,literature,phee,LITERATURE,-1,literature,na,na,na,na
phee:1893404_2,literature,phee,LITERATURE,-1,literature,na,na,na,na
phee:25295553_3,literature,phee,LITERATURE,-1,literature,na,na,na,na
phee:8996514_2,literature,phee,LITERATURE,-1,literature,na,na,na,na
phee:18556970_2,literature,phee,LITERATURE,-1,literature,na,na,na,na
phee:16531969_1,literature,phee,LITERATURE,-1,literature,na,na,na,na
phee:9925865_1,literature,phee,LITERATURE,-1,literature,na,na,na,na
phee:21350204_12,literature,phee,LITERATURE,-1,literature,na,na,na,na
phee:17157086_4,literature,phee,LITERATURE,-1,literature,na,na,na,na
phee:2204409_1,literature,phee,LITERATURE,-1,literature,na,na,na,na
phee:11514944_1,literature,phee,LITERATURE,-1,literature,na,na,na,na
phee:12452753_5,literature,phee,LITERATURE,-1,literature,na,na,na,na
phee:7797283_1,literature,phee,LITERATURE,-1,literature,na,na,na,na
phee:11059196_2,literature,phee,LITERATURE,-1,literature,na,na,na,na
phee:22010004_8,literature,phee,LITERATURE,-1,literature,na,na,na,na
phee:16449538_6,literature,phee,LITERATURE,-1,literature,na,na,na,na
phee:24679099_8,literature,phee,LITERATURE,-1,literature,na,na,na,na
phee:14723711_2,literature,phee,LITERATURE,-1,literature,na,na,na,na
phee:25295553_2,literature,phee,LITERATURE,-1,literature,na,na,na,na
phee:16615675_4,literature,phee,LITERATURE,-1,literature,na,na,na,na
phee:17959575_18,literature,phee,LITERATURE,-1,literature,na,na,na,na
phee:15235919_3,literature,phee,LITERATURE,-1,literature,na,na,na,na
phee:12806509_2,literature,phee,LITERATURE,-1,literature,na,na,na,na
phee:9925865_6,literature,phee,LITERATURE,-1,literature,na,na,na,na
phee:17710018_3,literature,phee,LITERATURE,-1,literature,na,na,na,na
phee:11807466_2,literature,phee,LITERATURE,-1,literature,na,na,na,na
phee:1759924_1,literature,phee,LITERATURE,-1,literature,na,na,na,na
phee:19648225_1,literature,phee,LITERATURE,-1,literature,na,na,na,na
phee:1450506_3,literature,phee,LITERATURE,-1,literature,na,na,na,na
phee:2924444_8,literature,phee,LITERATURE,-1,literature,na,na,na,na
phee:17952482_1,literature,phee,LITERATURE,-1,literature,na,na,na,na
phee:3449312_1,literature,phee,LITERATURE,-1,literature,na,na,na,na
phee:15176542_1,literature,phee,LITERATURE,-1,literature,na,na,na,na
phee:6478628_1,literature,phee,LITERATURE,-1,literature,na,na,na,na
phee:9681092_8,literature,phee,LITERATURE,-1,literature,na,na,na,na
phee:15235919_2,literature,phee,LITERATURE,-1,literature,na,na,na,na
phee:9466030_3,literature,phee,LITERATURE,-1,literature,na,na,na,na
phee:11554897_3,literature,phee,LITERATURE,-1,literature,na,na,na,na
phee:16099004_1,literature,phee,LITERATURE,-1,literature,na,na,na,na
phee:11978156_1,literature,phee,LITERATURE,-1,literature,na,na,na,na
phee:3549808_1,literature,phee,LITERATURE,-1,literature,na,na,na,na
phee:12390172_1,literature,phee,LITERATURE,-1,literature,na,na,na,na
phee:6628806_2,literature,phee,LITERATURE,-1,literature,na,na,na,na
phee:19934385_2,literature,phee,LITERATURE,-1,literature,na,na,na,na
phee:11476690_1,literature,phee,LITERATURE,-1,literature,na,na,na,na
phee:12149193_3,literature,phee,LITERATURE,-1,literature,na,na,na,na
phee:2357706_3,literature,phee,LITERATURE,-1,literature,na,na,na,na
phee:7789881_4,literature,phee,LITERATURE,-1,literature,na,na,na,na
phee:2104570_1,literature,phee,LITERATURE,-1,literature,na,na,na,na
phee:15463865_1,literature,phee,LITERATURE,-1,literature,na,na,na,na
phee:15701285_3,literature,phee,LITERATURE,-1,literature,na,na,na,na
phee:11573852_5,literature,phee,LITERATURE,-1,literature,na,na,na,na
phee:12880504_2,literature,phee,LITERATURE,-1,literature,na,na,na,na
phee:15362597_1,literature,phee,LITERATURE,-1,literature,na,na,na,na
phee:18556970_1,literature,phee,LITERATURE,-1,literature,na,na,na,na
phee:21350204_1,literature,phee,LITERATURE,-1,literature,na,na,na,na
phee:10510017_2,literature,phee,LITERATURE,-1,literature,na,na,na,na
phee:17426073_4,literature,phee,LITERATURE,-1,literature,na,na,na,na
phee:946400_1,literature,phee,LITERATURE,-1,literature,na,na,na,na
phee:644545_1,literature,phee,LITERATURE,-1,literature,na,na,na,na
phee:7117795_1,literature,phee,LITERATURE,-1,literature,na,na,na,na
phee:4051280_1,literature,phee,LITERATURE,-1,literature,na,na,na,na
phee:7789881_3,literature,phee,LITERATURE,-1,literature,na,na,na,na
phee:3513544_1,literature,phee,LITERATURE,-1,literature,na,na,na,na
phee:12763355_3,literature,phee,LITERATURE,-1,literature,na,na,na,na
phee:18622319_1,literature,phee,LITERATURE,-1,literature,na,na,na,na
phee:10442258_3,literature,phee,LITERATURE,-1,literature,na,na,na,na
phee:11903249_2,literature,phee,LITERATURE,-1,literature,na,na,na,na
phee:20065266_2,literature,phee,LITERATURE,-1,literature,na,na,na,na
phee:20009973_1,literature,phee,LITERATURE,-1,literature,na,na,na,na
phee:2417800_4,literature,phee,LITERATURE,-1,literature,na,na,na,na
phee:11554897_1,literature,phee,LITERATURE,-1,literature,na,na,na,na
phee:14712320_7,literature,phee,LITERATURE,-1,literature,na,na,na,na
phee:14660304_1,literature,phee,LITERATURE,-1,literature,na,na,na,na
phee:19531696_3,literature,phee,LITERATURE,-1,literature,na,na,na,na
phee:12962465_3,literature,phee,LITERATURE,-1,literature,na,na,na,na
phee:2924444_5,literature,phee,LITERATURE,-1,literature,na,na,na,na
phee:20154441_1,literature,phee,LITERATURE,-1,literature,na,na,na,na
phee:18025525_11,literature,phee,LITERATURE,-1,literature,na,na,na,na
phee:22010004_12,literature,phee,LITERATURE,-1,literature,na,na,na,na
phee:12692521_2,literature,phee,LITERATURE,-1,literature,na,na,na,na
phee:12452753_1,literature,phee,LITERATURE,-1,literature,na,na,na,na
phee:18812562_5,literature,phee,LITERATURE,-1,literature,na,na,na,na
phee:1827039_2,literature,phee,LITERATURE,-1,literature,na,na,na,na
phee:12702914_2,literature,phee,LITERATURE,-1,literature,na,na,na,na
phee:15053046_3,literature,phee,LITERATURE,-1,literature,na,na,na,na
phee:17667887_8,literature,phee,LITERATURE,-1,literature,na,na,na,na
phee:3620420_6,literature,phee,LITERATURE,-1,literature,na,na,na,na
phee:17329303_7,literature,phee,LITERATURE,-1,literature,na,na,na,na
phee:11573852_8,literature,phee,LITERATURE,-1,literature,na,na,na,na
phee:16355099_1,literature,phee,LITERATURE,-1,literature,na,na,na,na
phee:17473920_1,literature,phee,LITERATURE,-1,literature,na,na,na,na
phee:3449312_2,literature,phee,LITERATURE,-1,literature,na,na,na,na
phee:12092878_2,literature,phee,LITERATURE,-1,literature,na,na,na,na
phee:6344831_3,literature,phee,LITERATURE,-1,literature,na,na,na,na
phee:19217693_3,literature,phee,LITERATURE,-1,literature,na,na,na,na
phee:12540009_4,literature,phee,LITERATURE,-1,literature,na,na,na,na
phee:11573852_7,literature,phee,LITERATURE,-1,literature,na,na,na,na
phee:897744_1,literature,phee,LITERATURE,-1,literature,na,na,na,na
phee:1834424_2,literature,phee,LITERATURE,-1,literature,na,na,na,na
phee:16816519_2,literature,phee,LITERATURE,-1,literature,na,na,na,na
phee:9925865_3,literature,phee,LITERATURE,-1,literature,na,na,na,na
phee:10610018_1,literature,phee,LITERATURE,-1,literature,na,na,na,na
phee:8162401_3,literature,phee,LITERATURE,-1,literature,na,na,na,na
phee:18006091_1,literature,phee,LITERATURE,-1,literature,na,na,na,na
phee:7632529_1,literature,phee,LITERATURE,-1,literature,na,na,na,na
phee:18476934_3,literature,phee,LITERATURE,-1,literature,na,na,na,na
phee:16580907_1,literature,phee,LITERATURE,-1,literature,na,na,na,na
phee:10465148_4,literature,phee,LITERATURE,-1,literature,na,na,na,na
phee:11428480_3,literature,phee,LITERATURE,-1,literature,na,na,na,na
phee:17083890_5,literature,phee,LITERATURE,-1,literature,na,na,na,na
phee:17083890_1,literature,phee,LITERATURE,-1,literature,na,na,na,na
phee:10633877_3,literature,phee,LITERATURE,-1,literature,na,na,na,na
phee:18492617_3,literature,phee,LITERATURE,-1,literature,na,na,na,na
phee:12452753_2,literature,phee,LITERATURE,-1,literature,na,na,na,na
phee:16313549_1,literature,phee,LITERATURE,-1,literature,na,na,na,na
phee:9681211_1,literature,phee,LITERATURE,-1,literature,na,na,na,na
phee:4018433_1,literature,phee,LITERATURE,-1,literature,na,na,na,na
phee:2417800_1,literature,phee,LITERATURE,-1,literature,na,na,na,na
phee:14530108_1,literature,phee,LITERATURE,-1,literature,na,na,na,na
phee:20020238_3,literature,phee,LITERATURE,-1,literature,na,na,na,na
phee:16615675_1,literature,phee,LITERATURE,-1,literature,na,na,na,na
phee:10907391_2,literature,phee,LITERATURE,-1,literature,na,na,na,na
phee:3159106_1,literature,phee,LITERATURE,-1,literature,na,na,na,na
phee:14964753_5,literature,phee,LITERATURE,-1,literature,na,na,na,na
phee:15961942_1,literature,phee,LITERATURE,-1,literature,na,na,na,na
phee:9517515_2,literature,phee,LITERATURE,-1,literature,na,na,na,na
phee:8840640_1,literature,phee,LITERATURE,-1,literature,na,na,na,na
phee:8329789_12,literature,phee,LITERATURE,-1,literature,na,na,na,na
phee:16521231_2,literature,phee,LITERATURE,-1,literature,na,na,na,na
phee:12149193_4,literature,phee,LITERATURE,-1,literature,na,na,na,na
phee:17109650_2,literature,phee,LITERATURE,-1,literature,na,na,na,na
phee:18562412_3,literature,phee,LITERATURE,-1,literature,na,na,na,na
phee:8329789_11,literature,phee,LITERATURE,-1,literature,na,na,na,na
phee:8700794_1,literature,phee,LITERATURE,-1,literature,na,na,na,na
phee:7387219_1,literature,phee,LITERATURE,-1,literature,na,na,na,na
phee:8627446_1,literature,phee,LITERATURE,-1,literature,na,na,na,na
phee:8305778_6,literature,phee,LITERATURE,-1,literature,na,na,na,na
phee:17083890_2,literature,phee,LITERATURE,-1,literature,na,na,na,na
phee:7117795_2,literature,phee,LITERATURE,-1,literature,na,na,na,na
phee:968449_1,literature,phee,LITERATURE,-1,literature,na,na,na,na
phee:15944830_6,literature,phee,LITERATURE,-1,literature,na,na,na,na
phee:16244351_1,literature,phee,LITERATURE,-1,literature,na,na,na,na
phee:16122280_19,literature,phee,LITERATURE,-1,literature,na,na,na,na
phee:11247558_4,literature,phee,LITERATURE,-1,literature,na,na,na,na
phee:3152997_1,literature,phee,LITERATURE,-1,literature,na,na,na,na
phee:2113320_2,literature,phee,LITERATURE,-1,literature,na,na,na,na
phee:18492617_2,literature,phee,LITERATURE,-1,literature,na,na,na,na
phee:12663440_12,literature,phee,LITERATURE,-1,literature,na,na,na,na
phee:14530108_4,literature,phee,LITERATURE,-1,literature,na,na,na,na
phee:17301517_2,literature,phee,LITERATURE,-1,literature,na,na,na,na
phee:18487000_1,literature,phee,LITERATURE,-1,literature,na,na,na,na
phee:15779196_2,literature,phee,LITERATURE,-1,literature,na,na,na,na
phee:12149193_9,literature,phee,LITERATURE,-1,literature,na,na,na,na
phee:19653965_1,literature,phee,LITERATURE,-1,literature,na,na,na,na
phee:11200291_1,literature,phee,LITERATURE,-1,literature,na,na,na,na
phee:17083890_4,literature,phee,LITERATURE,-1,literature,na,na,na,na
phee:15965422_4,literature,phee,LITERATURE,-1,literature,na,na,na,na
phee:21350204_9,literature,phee,LITERATURE,-1,literature,na,na,na,na
phee:7495990_1,literature,phee,LITERATURE,-1,literature,na,na,na,na
phee:8700794_3,literature,phee,LITERATURE,-1,literature,na,na,na,na
phee:2104570_4,literature,phee,LITERATURE,-1,literature,na,na,na,na
phee:17329303_9,literature,phee,LITERATURE,-1,literature,na,na,na,na
phee:897744_3,literature,phee,LITERATURE,-1,literature,na,na,na,na
phee:8864370_2,literature,phee,LITERATURE,-1,literature,na,na,na,na
phee:24679099_4,literature,phee,LITERATURE,-1,literature,na,na,na,na
phee:11978156_3,literature,phee,LITERATURE,-1,literature,na,na,na,na
phee:8207519_1,literature,phee,LITERATURE,-1,literature,na,na,na,na
phee:2357706_4,literature,phee,LITERATURE,-1,literature,na,na,na,na
phee:15827071_4,literature,phee,LITERATURE,-1,literature,na,na,na,na
phee:7448830_1,literature,phee,LITERATURE,-1,literature,na,na,na,na
phee:16237130_2,literature,phee,LITERATURE,-1,literature,na,na,na,na
phee:7545251_1,literature,phee,LITERATURE,-1,literature,na,na,na,na
phee:18562412_2,literature,phee,LITERATURE,-1,literature,na,na,na,na
phee:8329789_8,literature,phee,LITERATURE,-1,literature,na,na,na,na
phee:14530108_6,literature,phee,LITERATURE,-1,literature,na,na,na,na
phee:17959575_1,literature,phee,LITERATURE,-1,literature,na,na,na,na
phee:6614033_2,literature,phee,LITERATURE,-1,literature,na,na,na,na
phee:8638872_2,literature,phee,LITERATURE,-1,literature,na,na,na,na
phee:12885108_1,literature,phee,LITERATURE,-1,literature,na,na,na,na
phee:11388112_2,literature,phee,LITERATURE,-1,literature,na,na,na,na
phee:8104147_2,literature,phee,LITERATURE,-1,literature,na,na,na,na
phee:12702914_4,literature,phee,LITERATURE,-1,literature,na,na,na,na
phee:278642_1,literature,phee,LITERATURE,-1,literature,na,na,na,na
phee:7889679_1,literature,phee,LITERATURE,-1,literature,na,na,na,na
phee:19097599_1,literature,phee,LITERATURE,-1,literature,na,na,na,na
phee:14964753_2,literature,phee,LITERATURE,-1,literature,na,na,na,na
phee:9760614_2,literature,phee,LITERATURE,-1,literature,na,na,na,na
phee:9934637_3,literature,phee,LITERATURE,-1,literature,na,na,na,na
phee:7474364_3,literature,phee,LITERATURE,-1,literature,na,na,na,na
phee:11642488_1,literature,phee,LITERATURE,-1,literature,na,na,na,na
phee:7174620_1,literature,phee,LITERATURE,-1,literature,na,na,na,na
phee:19423476_1,literature,phee,LITERATURE,-1,literature,na,na,na,na
phee:6597713_2,literature,phee,LITERATURE,-1,literature,na,na,na,na
phee:11406880_2,literature,phee,LITERATURE,-1,literature,na,na,na,na
phee:16948177_3,literature,phee,LITERATURE,-1,literature,na,na,na,na
phee:14530108_5,literature,phee,LITERATURE,-1,literature,na,na,na,na
phee:11518127_1,literature,phee,LITERATURE,-1,literature,na,na,na,na
phee:11359026_2,literature,phee,LITERATURE,-1,literature,na,na,na,na
phee:20065266_3,literature,phee,LITERATURE,-1,literature,na,na,na,na
phee:10970989_2,literature,phee,LITERATURE,-1,literature,na,na,na,na
phee:15235919_1,literature,phee,LITERATURE,-1,literature,na,na,na,na
phee:11171531_2,literature,phee,LITERATURE,-1,literature,na,na,na,na
phee:15489872_1,literature,phee,LITERATURE,-1,literature,na,na,na,na
phee:11518127_2,literature,phee,LITERATURE,-1,literature,na,na,na,na
phee:20020238_2,literature,phee,LITERATURE,-1,literature,na,na,na,na
phee:11335880_1,literature,phee,LITERATURE,-1,literature,na,na,na,na
phee:18472517_2,literature,phee,LITERATURE,-1,literature,na,na,na,na
phee:10907391_4,literature,phee,LITERATURE,-1,literature,na,na,na,na
phee:11191005_1,literature,phee,LITERATURE,-1,literature,na,na,na,na
phee:11468878_1,literature,phee,LITERATURE,-1,literature,na,na,na,na
phee:15468380_2,literature,phee,LITERATURE,-1,literature,na,na,na,na
phee:3586163_2,literature,phee,LITERATURE,-1,literature,na,na,na,na
phee:8864370_1,literature,phee,LITERATURE,-1,literature,na,na,na,na
phee:19071894_5,literature,phee,LITERATURE,-1,literature,na,na,na,na
phee:9861579_1,literature,phee,LITERATURE,-1,literature,na,na,na,na
phee:16816519_9,literature,phee,LITERATURE,-1,literature,na,na,na,na
phee:20065266_4,literature,phee,LITERATURE,-1,literature,na,na,na,na
phee:12432978_2,literature,phee,LITERATURE,-1,literature,na,na,na,na
phee:8961730_1,literature,phee,LITERATURE,-1,literature,na,na,na,na
phee:8551001_3,literature,phee,LITERATURE,-1,literature,na,na,na,na
phee:10442258_5,literature,phee,LITERATURE,-1,literature,na,na,na,na
phee:12546343_5,literature,phee,LITERATURE,-1,literature,na,na,na,na
phee:18445989_2,literature,phee,LITERATURE,-1,literature,na,na,na,na
phee:3290702_2,literature,phee,LITERATURE,-1,literature,na,na,na,na
phee:16939867_2,literature,phee,LITERATURE,-1,literature,na,na,na,na
phee:19047493_1,literature,phee,LITERATURE,-1,literature,na,na,na,na
phee:16580907_9,literature,phee,LITERATURE,-1,literature,na,na,na,na
phee:16948177_1,literature,phee,LITERATURE,-1,literature,na,na,na,na
phee:9792602_1,literature,phee,LITERATURE,-1,literature,na,na,na,na
phee:12546343_4,literature,phee,LITERATURE,-1,literature,na,na,na,na
phee:7468565_4,literature,phee,LITERATURE,-1,literature,na,na,na,na
phee:19838099_1,literature,phee,LITERATURE,-1,literature,na,na,na,na
phee:2523364_1,literature,phee,LITERATURE,-1,literature,na,na,na,na
phee:12390172_2,literature,phee,LITERATURE,-1,literature,na,na,na,na
phee:2196696_3,literature,phee,LITERATURE,-1,literature,na,na,na,na
phee:8739289_4,literature,phee,LITERATURE,-1,literature,na,na,na,na
phee:20009973_2,literature,phee,LITERATURE,-1,literature,na,na,na,na
phee:22550162_2,literature,phee,LITERATURE,-1,literature,na,na,na,na
phee:18562412_1,literature,phee,LITERATURE,-1,literature,na,na,na,na
phee:19512997_2,literature,phee,LITERATURE,-1,literature,na,na,na,na
phee:19531696_2,literature,phee,LITERATURE,-1,literature,na,na,na,na
phee:19653965_2,literature,phee,LITERATURE,-1,literature,na,na,na,na
phee:11688826_1,literature,phee,LITERATURE,-1,literature,na,na,na,na
phee:18957000_1,literature,phee,LITERATURE,-1,literature,na,na,na,na
phee:22010004_3,literature,phee,LITERATURE,-1,literature,na,na,na,na
phee:17346586_1,literature,phee,LITERATURE,-1,literature,na,na,na,na
phee:18160579_1,literature,phee,LITERATURE,-1,literature,na,na,na,na
phee:7387219_2,literature,phee,LITERATURE,-1,literature,na,na,na,na
phee:12962465_1,literature,phee,LITERATURE,-1,literature,na,na,na,na
phee:16580907_5,literature,phee,LITERATURE,-1,literature,na,na,na,na
phee:11573852_6,literature,phee,LITERATURE,-1,literature,na,na,na,na
phee:9651465_3,literature,phee,LITERATURE,-1,literature,na,na,na,na
phee:2357706_1,literature,phee,LITERATURE,-1,literature,na,na,na,na
phee:19047493_2,literature,phee,LITERATURE,-1,literature,na,na,na,na
phee:15338554_3,literature,phee,LITERATURE,-1,literature,na,na,na,na
phee:25540831_4,literature,phee,LITERATURE,-1,literature,na,na,na,na
phee:22550162_9,literature,phee,LITERATURE,-1,literature,na,na,na,na
phee:3620420_5,literature,phee,LITERATURE,-1,literature,na,na,na,na
phee:6578007_2,literature,phee,LITERATURE,-1,literature,na,na,na,na
phee:12702914_1,literature,phee,LITERATURE,-1,literature,na,na,na,na
phee:1624172_2,literature,phee,LITERATURE,-1,literature,na,na,na,na
phee:19512997_3,literature,phee,LITERATURE,-1,literature,na,na,na,na
phee:11428480_1,literature,phee,LITERATURE,-1,literature,na,na,na,na
phee:23774436_1,literature,phee,LITERATURE,-1,literature,na,na,na,na
phee:14723711_5,literature,phee,LITERATURE,-1,literature,na,na,na,na
phee:7720517_2,literature,phee,LITERATURE,-1,literature,na,na,na,na
phee:3620420_1,literature,phee,LITERATURE,-1,literature,na,na,na,na
phee:11359026_3,literature,phee,LITERATURE,-1,literature,na,na,na,na
phee:11642488_3,literature,phee,LITERATURE,-1,literature,na,na,na,na
phee:15965422_3,literature,phee,LITERATURE,-1,literature,na,na,na,na
phee:20180933_2,literature,phee,LITERATURE,-1,literature,na,na,na,na
phee:17329303_10,literature,phee,LITERATURE,-1,literature,na,na,na,na
phee:3508194_1,literature,phee,LITERATURE,-1,literature,na,na,na,na
phee:7789881_2,literature,phee,LITERATURE,-1,literature,na,na,na,na
phee:7420580_1,literature,phee,LITERATURE,-1,literature,na,na,na,na
phee:17373180_2,literature,phee,LITERATURE,-1,literature,na,na,na,na
phee:8452107_3,literature,phee,LITERATURE,-1,literature,na,na,na,na
phee:2690546_2,literature,phee,LITERATURE,-1,literature,na,na,na,na
phee:2113320_1,literature,phee,LITERATURE,-1,literature,na,na,na,na
phee:8733532_1,literature,phee,LITERATURE,-1,literature,na,na,na,na
phee:11406880_1,literature,phee,LITERATURE,-1,literature,na,na,na,na
phee:11984077_1,literature,phee,LITERATURE,-1,literature,na,na,na,na
phee:19260037_4,literature,phee,LITERATURE,-1,literature,na,na,na,na
phee:19690222_1,literature,phee,LITERATURE,-1,literature,na,na,na,na
phee:17068466_1,literature,phee,LITERATURE,-1,literature,na,na,na,na
phee:2568058_4,literature,phee,LITERATURE,-1,literature,na,na,na,na
phee:11672959_1,literature,phee,LITERATURE,-1,literature,na,na,na,na
phee:18477279_3,literature,phee,LITERATURE,-1,literature,na,na,na,na
phee:10456689_2,literature,phee,LITERATURE,-1,literature,na,na,na,na
phee:17331261_3,literature,phee,LITERATURE,-1,literature,na,na,na,na
phee:15719254_4,literature,phee,LITERATURE,-1,literature,na,na,na,na
phee:12665232_1,literature,phee,LITERATURE,-1,literature,na,na,na,na
phee:16237130_1,literature,phee,LITERATURE,-1,literature,na,na,na,na
phee:15941649_3,literature,phee,LITERATURE,-1,literature,na,na,na,na
phee:17667887_1,literature,phee,LITERATURE,-1,literature,na,na,na,na
phee:11903249_3,literature,phee,LITERATURE,-1,literature,na,na,na,na
phee:2523364_2,literature,phee,LITERATURE,-1,literature,na,na,na,na
phee:8739289_6,literature,phee,LITERATURE,-1,literature,na,na,na,na
phee:18765315_2,literature,phee,LITERATURE,-1,literature,na,na,na,na
phee:19690222_3,literature,phee,LITERATURE,-1,literature,na,na,na,na
phee:10715308_11,literature,phee,LITERATURE,-1,literature,na,na,na,na
phee:10715308_3,literature,phee,LITERATURE,-1,literature,na,na,na,na
phee:17316160_3,literature,phee,LITERATURE,-1,literature,na,na,na,na
phee:17667887_10,literature,phee,LITERATURE,-1,literature,na,na,na,na
phee:18472517_1,literature,phee,LITERATURE,-1,literature,na,na,na,na
phee:18477279_6,literature,phee,LITERATURE,-1,literature,na,na,na,na
phee:18160579_2,literature,phee,LITERATURE,-1,literature,na,na,na,na
phee:17083890_7,literature,phee,LITERATURE,-1,literature,na,na,na,na
phee:12625995_1,literature,phee,LITERATURE,-1,literature,na,na,na,na
phee:1918672_1,literature,phee,LITERATURE,-1,literature,na,na,na,na
phee:9988365_2,literature,phee,LITERATURE,-1,literature,na,na,na,na
phee:3954165_2,literature,phee,LITERATURE,-1,literature,na,na,na,na
phee:17157086_5,literature,phee,LITERATURE,-1,literature,na,na,na,na
phee:17157086_1,literature,phee,LITERATURE,-1,literature,na,na,na,na
phee:8627446_4,literature,phee,LITERATURE,-1,literature,na,na,na,na
phee:12661801_2,literature,phee,LITERATURE,-1,literature,na,na,na,na
phee:3954165_1,literature,phee,LITERATURE,-1,literature,na,na,na,na
phee:9681092_10,literature,phee,LITERATURE,-1,literature,na,na,na,na
phee:7887138_2,literature,phee,LITERATURE,-1,literature,na,na,na,na
phee:9039216_3,literature,phee,LITERATURE,-1,literature,na,na,na,na
phee:15681911_3,literature,phee,LITERATURE,-1,literature,na,na,na,na
phee:15112258_2,literature,phee,LITERATURE,-1,literature,na,na,na,na
phee:16507211_1,literature,phee,LITERATURE,-1,literature,na,na,na,na
phee:12707728_1,literature,phee,LITERATURE,-1,literature,na,na,na,na
phee:7468565_1,literature,phee,LITERATURE,-1,literature,na,na,na,na
phee:9094821_1,literature,phee,LITERATURE,-1,literature,na,na,na,na
phee:2549018_6,literature,phee,LITERATURE,-1,literature,na,na,na,na
phee:8700794_2,literature,phee,LITERATURE,-1,literature,na,na,na,na
phee:9934637_4,literature,phee,LITERATURE,-1,literature,na,na,na,na
phee:2204409_2,literature,phee,LITERATURE,-1,literature,na,na,na,na
phee:18765315_5,literature,phee,LITERATURE,-1,literature,na,na,na,na
phee:14964753_8,literature,phee,LITERATURE,-1,literature,na,na,na,na
phee:11688826_3,literature,phee,LITERATURE,-1,literature,na,na,na,na
phee:2196696_2,literature,phee,LITERATURE,-1,literature,na,na,na,na
phee:17316160_1,literature,phee,LITERATURE,-1,literature,na,na,na,na
phee:8329789_2,literature,phee,LITERATURE,-1,literature,na,na,na,na
phee:11573852_3,literature,phee,LITERATURE,-1,literature,na,na,na,na
phee:12707728_2,literature,phee,LITERATURE,-1,literature,na,na,na,na
phee:11388112_1,literature,phee,LITERATURE,-1,literature,na,na,na,na
phee:25540831_7,literature,phee,LITERATURE,-1,literature,na,na,na,na
phee:19071894_7,literature,phee,LITERATURE,-1,literature,na,na,na,na
phee:11319599_2,literature,phee,LITERATURE,-1,literature,na,na,na,na
phee:8162401_1,literature,phee,LITERATURE,-1,literature,na,na,na,na
phee:10405480_3,literature,phee,LITERATURE,-1,literature,na,na,na,na
phee:10414481_1,literature,phee,LITERATURE,-1,literature,na,na,na,na
phee:12729371_1,literature,phee,LITERATURE,-1,literature,na,na,na,na
phee:12540009_1,literature,phee,LITERATURE,-1,literature,na,na,na,na
phee:968449_7,literature,phee,LITERATURE,-1,literature,na,na,na,na
phee:9792602_3,literature,phee,LITERATURE,-1,literature,na,na,na,na
phee:16221163_1,literature,phee,LITERATURE,-1,literature,na,na,na,na
phee:12181031_1,literature,phee,LITERATURE,-1,literature,na,na,na,na
phee:19275460_6,literature,phee,LITERATURE,-1,literature,na,na,na,na
phee:17763133_1,literature,phee,LITERATURE,-1,literature,na,na,na,na
phee:20180933_1,literature,phee,LITERATURE,-1,literature,na,na,na,na
phee:15827071_2,literature,phee,LITERATURE,-1,literature,na,na,na,na
phee:17952482_3,literature,phee,LITERATURE,-1,literature,na,na,na,na
phee:2357706_2,literature,phee,LITERATURE,-1,literature,na,na,na,na
phee:9758325_1,literature,phee,LITERATURE,-1,literature,na,na,na,na
phee:11597289_16,literature,phee,LITERATURE,-1,literature,na,na,na,na
phee:3513544_3,literature,phee,LITERATURE,-1,literature,na,na,na,na
phee:17473920_8,literature,phee,LITERATURE,-1,literature,na,na,na,na
phee:19071894_4,literature,phee,LITERATURE,-1,literature,na,na,na,na
phee:16531969_3,literature,phee,LITERATURE,-1,literature,na,na,na,na
phee:18715650_2,literature,phee,LITERATURE,-1,literature,na,na,na,na
phee:16368918_1,literature,phee,LITERATURE,-1,literature,na,na,na,na
phee:6597713_4,literature,phee,LITERATURE,-1,literature,na,na,na,na
phee:19423476_4,literature,phee,LITERATURE,-1,literature,na,na,na,na
phee:22550162_6,literature,phee,LITERATURE,-1,literature,na,na,na,na
phee:2924444_1,literature,phee,LITERATURE,-1,literature,na,na,na,na
phee:12149193_7,literature,phee,LITERATURE,-1,literature,na,na,na,na
phee:17316160_5,literature,phee,LITERATURE,-1,literature,na,na,na,na
phee:8700794_4,literature,phee,LITERATURE,-1,literature,na,na,na,na
phee:1450506_1,literature,phee,LITERATURE,-1,literature,na,na,na,na
phee:16164579_1,literature,phee,LITERATURE,-1,literature,na,na,na,na
phee:15823103_3,literature,phee,LITERATURE,-1,literature,na,na,na,na
phee:11978156_4,literature,phee,LITERATURE,-1,literature,na,na,na,na
phee:15965422_2,literature,phee,LITERATURE,-1,literature,na,na,na,na
phee:9681092_1,literature,phee,LITERATURE,-1,literature,na,na,na,na
phee:17952482_2,literature,phee,LITERATURE,-1,literature,na,na,na,na
phee:11335880_4,literature,phee,LITERATURE,-1,literature,na,na,na,na
phee:8739289_2,literature,phee,LITERATURE,-1,literature,na,na,na,na
phee:15827071_1,literature,phee,LITERATURE,-1,literature,na,na,na,na
phee:16221163_3,literature,phee,LITERATURE,-1,literature,na,na,na,na
phee:8933322_2,literature,phee,LITERATURE,-1,literature,na,na,na,na
phee:16580907_2,literature,phee,LITERATURE,-1,literature,na,na,na,na
phee:16615675_2,literature,phee,LITERATURE,-1,literature,na,na,na,na
phee:10610018_3,literature,phee,LITERATURE,-1,literature,na,na,na,na
phee:12763355_2,literature,phee,LITERATURE,-1,literature,na,na,na,na
phee:8329789_7,literature,phee,LITERATURE,-1,literature,na,na,na,na
phee:160443_2,literature,phee,LITERATURE,-1,literature,na,na,na,na
phee:12729371_2,literature,phee,LITERATURE,-1,literature,na,na,na,na
phee:16092915_2,literature,phee,LITERATURE,-1,literature,na,na,na,na
phee:9733234_1,literature,phee,LITERATURE,-1,literature,na,na,na,na
phee:12692521_1,literature,phee,LITERATURE,-1,literature,na,na,na,na
phee:16449538_2,literature,phee,LITERATURE,-1,literature,na,na,na,na
phee:10456487_3,literature,phee,LITERATURE,-1,literature,na,na,na,na
phee:20020238_1,literature,phee,LITERATURE,-1,literature,na,na,na,na
phee:12149193_1,literature,phee,LITERATURE,-1,literature,na,na,na,na
phee:15053046_2,literature,phee,LITERATURE,-1,literature,na,na,na,na
phee:8551001_4,literature,phee,LITERATURE,-1,literature,na,na,na,na
phee:3967536_1,literature,phee,LITERATURE,-1,literature,na,na,na,na
phee:9709726_1,literature,phee,LITERATURE,-1,literature,na,na,na,na
phee:8739289_1,literature,phee,LITERATURE,-1,literature,na,na,na,na
phee:8636829_1,literature,phee,LITERATURE,-1,literature,na,na,na,na
phee:6507240_1,literature,phee,LITERATURE,-1,literature,na,na,na,na
phee:8186884_2,literature,phee,LITERATURE,-1,literature,na,na,na,na
phee:9681092_2,literature,phee,LITERATURE,-1,literature,na,na,na,na
phee:6597713_3,literature,phee,LITERATURE,-1,literature,na,na,na,na
phee:8551001_1,literature,phee,LITERATURE,-1,literature,na,na,na,na
phee:7789881_1,literature,phee,LITERATURE,-1,literature,na,na,na,na
phee:12452753_4,literature,phee,LITERATURE,-1,literature,na,na,na,na
phee:10465148_1,literature,phee,LITERATURE,-1,literature,na,na,na,na
phee:19512997_1,literature,phee,LITERATURE,-1,literature,na,na,na,na
phee:10405480_1,literature,phee,LITERATURE,-1,literature,na,na,na,na
phee:11573852_1,literature,phee,LITERATURE,-1,literature,na,na,na,na
phee:2154663_2,literature,phee,LITERATURE,-1,literature,na,na,na,na
phee:8996514_1,literature,phee,LITERATURE,-1,literature,na,na,na,na
phee:12181031_3,literature,phee,LITERATURE,-1,literature,na,na,na,na
phee:17083890_8,literature,phee,LITERATURE,-1,literature,na,na,na,na
phee:24679099_7,literature,phee,LITERATURE,-1,literature,na,na,na,na
phee:3609047_2,literature,phee,LITERATURE,-1,literature,na,na,na,na
phee:9988365_1,literature,phee,LITERATURE,-1,literature,na,na,na,na
phee:17667887_3,literature,phee,LITERATURE,-1,literature,na,na,na,na
phee:6221046_2,literature,phee,LITERATURE,-1,literature,na,na,na,na
phee:10456487_15,literature,phee,LITERATURE,-1,literature,na,na,na,na
phee:3718111_3,literature,phee,LITERATURE,-1,literature,na,na,na,na
phee:9651465_2,literature,phee,LITERATURE,-1,literature,na,na,na,na
phee:15701285_2,literature,phee,LITERATURE,-1,literature,na,na,na,na
phee:15279668_4,literature,phee,LITERATURE,-1,literature,na,na,na,na
phee:15941649_2,literature,phee,LITERATURE,-1,literature,na,na,na,na
phee:19097599_2,literature,phee,LITERATURE,-1,literature,na,na,na,na
phee:9792602_2,literature,phee,LITERATURE,-1,literature,na,na,na,na
phee:23471710_2,literature,phee,LITERATURE,-1,literature,na,na,na,na
phee:14660304_4,literature,phee,LITERATURE,-1,literature,na,na,na,na
phee:6510223_4,literature,phee,LITERATURE,-1,literature,na,na,na,na
phee:10586009_1,literature,phee,LITERATURE,-1,literature,na,na,na,na
phee:9760614_1,literature,phee,LITERATURE,-1,literature,na,na,na,na
phee:1389744_2,literature,phee,LITERATURE,-1,literature,na,na,na,na
phee:14530108_3,literature,phee,LITERATURE,-1,literature,na,na,na,na
phee:6826112_2,literature,phee,LITERATURE,-1,literature,na,na,na,na
phee:19275460_3,literature,phee,LITERATURE,-1,literature,na,na,na,na
phee:2276822_1,literature,phee,LITERATURE,-1,literature,na,na,na,na
phee:15944830_4,literature,phee,LITERATURE,-1,literature,na,na,na,na
phee:18562412_6,literature,phee,LITERATURE,-1,literature,na,na,na,na
phee:6510223_1,literature,phee,LITERATURE,-1,literature,na,na,na,na
phee:16099004_3,literature,phee,LITERATURE,-1,literature,na,na,na,na
phee:15719254_2,literature,phee,LITERATURE,-1,literature,na,na,na,na
phee:6303138_1,literature,phee,LITERATURE,-1,literature,na,na,na,na
phee:17373180_1,literature,phee,LITERATURE,-1,literature,na,na,na,na
phee:14723711_1,literature,phee,LITERATURE,-1,literature,na,na,na,na
phee:9491301_3,literature,phee,LITERATURE,-1,literature,na,na,na,na
phee:2461837_1,literature,phee,LITERATURE,-1,literature,na,na,na,na
phee:6625005_1,literature,phee,LITERATURE,-1,literature,na,na,na,na
phee:21350204_2,literature,phee,LITERATURE,-1,literature,na,na,na,na
phee:7035691_1,literature,phee,LITERATURE,-1,literature,na,na,na,na
phee:9517515_1,literature,phee,LITERATURE,-1,literature,na,na,na,na
phee:12399645_1,literature,phee,LITERATURE,-1,literature,na,na,na,na
phee:15053046_4,literature,phee,LITERATURE,-1,literature,na,na,na,na
phee:11406880_3,literature,phee,LITERATURE,-1,literature,na,na,na,na
phee:9224230_1,literature,phee,LITERATURE,-1,literature,na,na,na,na
phee:16816519_5,literature,phee,LITERATURE,-1,literature,na,na,na,na
phee:19249953_7,literature,phee,LITERATURE,-1,literature,na,na,na,na
phee:278642_2,literature,phee,LITERATURE,-1,literature,na,na,na,na
phee:16816519_7,literature,phee,LITERATURE,-1,literature,na,na,na,na
phee:2429270_3,literature,phee,LITERATURE,-1,literature,na,na,na,na
phee:9527943_2,literature,phee,LITERATURE,-1,literature,na,na,na,na
phee:7685228_2,literature,phee,LITERATURE,-1,literature,na,na,na,na
phee:10907391_1,literature,phee,LITERATURE,-1,literature,na,na,na,na
phee:12702914_5,literature,phee,LITERATURE,-1,literature,na,na,na,na
phee:15463865_2,literature,phee,LITERATURE,-1,literature,na,na,na,na
phee:95811_1,literature,phee,LITERATURE,-1,literature,na,na,na,na
phee:10510017_4,literature,phee,LITERATURE,-1,literature,na,na,na,na
phee:18775393_2,literature,phee,LITERATURE,-1,literature,na,na,na,na
phee:24927617_2,literature,phee,LITERATURE,-1,literature,na,na,na,na
phee:17176478_2,literature,phee,LITERATURE,-1,literature,na,na,na,na
phee:15028328_3,literature,phee,LITERATURE,-1,literature,na,na,na,na
phee:17329303_2,literature,phee,LITERATURE,-1,literature,na,na,na,na
phee:15468380_1,literature,phee,LITERATURE,-1,literature,na,na,na,na
phee:17710018_2,literature,phee,LITERATURE,-1,literature,na,na,na,na
phee:17959575_12,literature,phee,LITERATURE,-1,literature,na,na,na,na
phee:22550162_1,literature,phee,LITERATURE,-1,literature,na,na,na,na
phee:16688722_2,literature,phee,LITERATURE,-1,literature,na,na,na,na
phee:6597713_1,literature,phee,LITERATURE,-1,literature,na,na,na,na
phee:2429270_2,literature,phee,LITERATURE,-1,literature,na,na,na,na
phee:12149193_2,literature,phee,LITERATURE,-1,literature,na,na,na,na
phee:12399645_3,literature,phee,LITERATURE,-1,literature,na,na,na,na
phee:3115809_3,literature,phee,LITERATURE,-1,literature,na,na,na,na
phee:12452753_3,literature,phee,LITERATURE,-1,literature,na,na,na,na
phee:4018433_2,literature,phee,LITERATURE,-1,literature,na,na,na,na
phee:11059196_1,literature,phee,LITERATURE,-1,literature,na,na,na,na
phee:11597289_2,literature,phee,LITERATURE,-1,literature,na,na,na,na
phee:7459812_1,literature,phee,LITERATURE,-1,literature,na,na,na,na
phee:647693_3,literature,phee,LITERATURE,-1,literature,na,na,na,na
phee:20171144_1,literature,phee,LITERATURE,-1,literature,na,na,na,na
phee:17667887_2,literature,phee,LITERATURE,-1,literature,na,na,na,na
phee:8452107_1,literature,phee,LITERATURE,-1,literature,na,na,na,na
phee:15338554_6,literature,phee,LITERATURE,-1,literature,na,na,na,na
phee:19648225_3,literature,phee,LITERATURE,-1,literature,na,na,na,na
phee:19058340_1,literature,phee,LITERATURE,-1,literature,na,na,na,na
phee:19423476_6,literature,phee,LITERATURE,-1,literature,na,na,na,na
phee:9681092_13,literature,phee,LITERATURE,-1,literature,na,na,na,na
phee:10405480_2,literature,phee,LITERATURE,-1,literature,na,na,na,na
phee:17627694_1,literature,phee,LITERATURE,-1,literature,na,na,na,na
phee:16244351_3,literature,phee,LITERATURE,-1,literature,na,na,na,na
phee:7362333_1,literature,phee,LITERATURE,-1,literature,na,na,na,na
phee:15681911_1,literature,phee,LITERATURE,-1,literature,na,na,na,na
phee:16507380_13,literature,phee,LITERATURE,-1,literature,na,na,na,na
phee:12181031_2,literature,phee,LITERATURE,-1,literature,na,na,na,na
phee:11126885_2,literature,phee,LITERATURE,-1,literature,na,na,na,na
phee:8864370_3,literature,phee,LITERATURE,-1,literature,na,na,na,na
phee:11597289_5,literature,phee,LITERATURE,-1,literature,na,na,na,na
phee:7235792_3,literature,phee,LITERATURE,-1,literature,na,na,na,na
phee:8739289_3,literature,phee,LITERATURE,-1,literature,na,na,na,na
phee:17426073_2,literature,phee,LITERATURE,-1,literature,na,na,na,na
phee:7448830_4,literature,phee,LITERATURE,-1,literature,na,na,na,na
phee:11008259_3,literature,phee,LITERATURE,-1,literature,na,na,na,na
phee:180258_2,literature,phee,LITERATURE,-1,literature,na,na,na,na
phee:15463865_3,literature,phee,LITERATURE,-1,literature,na,na,na,na
phee:15827071_8,literature,phee,LITERATURE,-1,literature,na,na,na,na
phee:11335880_3,literature,phee,LITERATURE,-1,literature,na,na,na,na
phee:9039216_2,literature,phee,LITERATURE,-1,literature,na,na,na,na
phee:16092915_1,literature,phee,LITERATURE,-1,literature,na,na,na,na
phee:11008259_2,literature,phee,LITERATURE,-1,literature,na,na,na,na
phee:17426073_1,literature,phee,LITERATURE,-1,literature,na,na,na,na
phee:19058340_2,literature,phee,LITERATURE,-1,literature,na,na,na,na
phee:22010004_9,literature,phee,LITERATURE,-1,literature,na,na,na,na
phee:8186884_3,literature,phee,LITERATURE,-1,literature,na,na,na,na
phee:15944830_5,literature,phee,LITERATURE,-1,literature,na,na,na,na
phee:11573852_4,literature,phee,LITERATURE,-1,literature,na,na,na,na
phee:11247558_3,literature,phee,LITERATURE,-1,literature,na,na,na,na
phee:7235792_2,literature,phee,LITERATURE,-1,literature,na,na,na,na
phee:3030084_1,literature,phee,LITERATURE,-1,literature,na,na,na,na
phee:15701285_1,literature,phee,LITERATURE,-1,literature,na,na,na,na
phee:8305778_4,literature,phee,LITERATURE,-1,literature,na,na,na,na
phee:15362597_2,literature,phee,LITERATURE,-1,literature,na,na,na,na
phee:12399645_4,literature,phee,LITERATURE,-1,literature,na,na,na,na
phee:16682062_2,literature,phee,LITERATURE,-1,literature,na,na,na,na
phee:10348150_3,literature,phee,LITERATURE,-1,literature,na,na,na,na
phee:17301517_1,literature,phee,LITERATURE,-1,literature,na,na,na,na
phee:16615675_3,literature,phee,LITERATURE,-1,literature,na,na,na,na
phee:3400849_1,literature,phee,LITERATURE,-1,literature,na,na,na,na
phee:6324592_2,literature,phee,LITERATURE,-1,literature,na,na,na,na
phee:22010004_2,literature,phee,LITERATURE,-1,literature,na,na,na,na
phee:19838099_2,literature,phee,LITERATURE,-1,literature,na,na,na,na
phee:9819544_3,literature,phee,LITERATURE,-1,literature,na,na,na,na
phee:9695308_1,literature,phee,LITERATURE,-1,literature,na,na,na,na
phee:18562412_5,literature,phee,LITERATURE,-1,literature,na,na,na,na
phee:11428480_2,literature,phee,LITERATURE,-1,literature,na,na,na,na
phee:19249953_5,literature,phee,LITERATURE,-1,literature,na,na,na,na
phee:9651465_1,literature,phee,LITERATURE,-1,literature,na,na,na,na
phee:25204404_2,literature,phee,LITERATURE,-1,literature,na,na,na,na
phee:12455453_2,literature,phee,LITERATURE,-1,literature,na,na,na,na
phee:17725438_1,literature,phee,LITERATURE,-1,literature,na,na,na,na
phee:14964753_9,literature,phee,LITERATURE,-1,literature,na,na,na,na
phee:8186884_1,literature,phee,LITERATURE,-1,literature,na,na,na,na
phee:11590881_2,literature,phee,LITERATURE,-1,literature,na,na,na,na
phee:15112258_14,literature,phee,LITERATURE,-1,literature,na,na,na,na
phee:10619721_1,literature,phee,LITERATURE,-1,literature,na,na,na,na
phee:8175330_2,literature,phee,LITERATURE,-1,literature,na,na,na,na
phee:3620420_4,literature,phee,LITERATURE,-1,literature,na,na,na,na
phee:12635752_2,literature,phee,LITERATURE,-1,literature,na,na,na,na
phee:8638872_1,literature,phee,LITERATURE,-1,literature,na,na,na,na
phee:16355099_4,literature,phee,LITERATURE,-1,literature,na,na,na,na
phee:3620420_8,literature,phee,LITERATURE,-1,literature,na,na,na,na
phee:8329789_9,literature,phee,LITERATURE,-1,literature,na,na,na,na
phee:369675_1,literature,phee,LITERATURE,-1,literature,na,na,na,na
phee:9681211_2,literature,phee,LITERATURE,-1,literature,na,na,na,na
phee:9426968_1,literature,phee,LITERATURE,-1,literature,na,na,na,na
phee:1759924_2,literature,phee,LITERATURE,-1,literature,na,na,na,na
phee:17331261_1,literature,phee,LITERATURE,-1,literature,na,na,na,na
phee:9491301_1,literature,phee,LITERATURE,-1,literature,na,na,na,na
phee:7468565_3,literature,phee,LITERATURE,-1,literature,na,na,na,na
phee:3967572_5,literature,phee,LITERATURE,-1,literature,na,na,na,na
phee:2549018_3,literature,phee,LITERATURE,-1,literature,na,na,na,na
phee:16001348_1,literature,phee,LITERATURE,-1,literature,na,na,na,na
phee:2863342_2,literature,phee,LITERATURE,-1,literature,na,na,na,na
phee:15961942_2,literature,phee,LITERATURE,-1,literature,na,na,na,na
phee:10715308_10,literature,phee,LITERATURE,-1,literature,na,na,na,na
phee:12665232_2,literature,phee,LITERATURE,-1,literature,na,na,na,na
phee:3259776_2,literature,phee,LITERATURE,-1,literature,na,na,na,na
phee:7986915_1,literature,phee,LITERATURE,-1,literature,na,na,na,na
phee:16521231_3,literature,phee,LITERATURE,-1,literature,na,na,na,na
phee:18715650_1,literature,phee,LITERATURE,-1,literature,na,na,na,na
phee:16221163_2,literature,phee,LITERATURE,-1,literature,na,na,na,na
phee:3744305_1,literature,phee,LITERATURE,-1,literature,na,na,na,na
phee:17937473_3,literature,phee,LITERATURE,-1,literature,na,na,na,na
phee:6102186_5,literature,phee,LITERATURE,-1,literature,na,na,na,na
phee:16939867_1,literature,phee,LITERATURE,-1,literature,na,na,na,na
phee:20065266_1,literature,phee,LITERATURE,-1,literature,na,na,na,na
phee:16352777_3,literature,phee,LITERATURE,-1,literature,na,na,na,na
phee:2863342_1,literature,phee,LITERATURE,-1,literature,na,na,na,na
phee:10348150_1,literature,phee,LITERATURE,-1,literature,na,na,na,na
phee:16001348_9,literature,phee,LITERATURE,-1,literature,na,na,na,na
phee:644545_3,literature,phee,LITERATURE,-1,literature,na,na,na,na
phee:16001348_2,literature,phee,LITERATURE,-1,literature,na,na,na,na
phee:10327035_2,literature,phee,LITERATURE,-1,literature,na,na,na,na
phee:18672645_1,literature,phee,LITERATURE,-1,literature,na,na,na,na
phee:12149193_8,literature,phee,LITERATURE,-1,literature,na,na,na,na
phee:2417800_3,literature,phee,LITERATURE,-1,literature,na,na,na,na
phee:12455453_1,literature,phee,LITERATURE,-1,literature,na,na,na,na
phee:18775393_1,literature,phee,LITERATURE,-1,literature,na,na,na,na
phee:15529178_1,literature,phee,LITERATURE,-1,literature,na,na,na,na
phee:16459502_2,literature,phee,LITERATURE,-1,literature,na,na,na,na
phee:14712320_5,literature,phee,LITERATURE,-1,literature,na,na,na,na
phee:4044222_2,literature,phee,LITERATURE,-1,literature,na,na,na,na
phee:6108450_2,literature,phee,LITERATURE,-1,literature,na,na,na,na
phee:18765315_1,literature,phee,LITERATURE,-1,literature,na,na,na,na
phee:9466030_2,literature,phee,LITERATURE,-1,literature,na,na,na,na
phee:2549018_1,literature,phee,LITERATURE,-1,literature,na,na,na,na
phee:9934637_1,literature,phee,LITERATURE,-1,literature,na,na,na,na
phee:11984077_3,literature,phee,LITERATURE,-1,literature,na,na,na,na
phee:16313549_2,literature,phee,LITERATURE,-1,literature,na,na,na,na
phee:1829999_2,literature,phee,LITERATURE,-1,literature,na,na,na,na
phee:95811_2,literature,phee,LITERATURE,-1,literature,na,na,na,na
phee:8645078_4,literature,phee,LITERATURE,-1,literature,na,na,na,na
phee:10586009_2,literature,phee,LITERATURE,-1,literature,na,na,na,na
phee:17763133_2,literature,phee,LITERATURE,-1,literature,na,na,na,na
phee:15028328_2,literature,phee,LITERATURE,-1,literature,na,na,na,na
phee:22010004_1,literature,phee,LITERATURE,-1,literature,na,na,na,na
phee:17329303_5,literature,phee,LITERATURE,-1,literature,na,na,na,na
phee:12390172_4,literature,phee,LITERATURE,-1,literature,na,na,na,na
phee:3290702_1,literature,phee,LITERATURE,-1,literature,na,na,na,na
phee:16099004_2,literature,phee,LITERATURE,-1,literature,na,na,na,na
phee:17068466_3,literature,phee,LITERATURE,-1,literature,na,na,na,na
phee:12452753_6,literature,phee,LITERATURE,-1,literature,na,na,na,na
phee:8162401_2,literature,phee,LITERATURE,-1,literature,na,na,na,na
phee:10337682_1,literature,phee,LITERATURE,-1,literature,na,na,na,na
phee:8175330_1,literature,phee,LITERATURE,-1,literature,na,na,na,na
phee:10715308_1,literature,phee,LITERATURE,-1,literature,na,na,na,na
phee:1829999_1,literature,phee,LITERATURE,-1,literature,na,na,na,na
phee:20110001_3,literature,phee,LITERATURE,-1,literature,na,na,na,na
phee:6303138_2,literature,phee,LITERATURE,-1,literature,na,na,na,na
phee:3501467_2,literature,phee,LITERATURE,-1,literature,na,na,na,na
phee:6614033_3,literature,phee,LITERATURE,-1,literature,na,na,na,na
phee:15529178_2,literature,phee,LITERATURE,-1,literature,na,na,na,na
phee:17331261_2,literature,phee,LITERATURE,-1,literature,na,na,na,na
phee:16449538_4,literature,phee,LITERATURE,-1,literature,na,na,na,na
phee:18487000_3,literature,phee,LITERATURE,-1,literature,na,na,na,na
phee:19448237_1,literature,phee,LITERATURE,-1,literature,na,na,na,na
phee:14712320_3,literature,phee,LITERATURE,-1,literature,na,na,na,na
phee:4051280_2,literature,phee,LITERATURE,-1,literature,na,na,na,na
phee:10970989_1,literature,phee,LITERATURE,-1,literature,na,na,na,na
phee:7035691_2,literature,phee,LITERATURE,-1,literature,na,na,na,na
phee:11795358_1,literature,phee,LITERATURE,-1,literature,na,na,na,na
phee:17763133_3,literature,phee,LITERATURE,-1,literature,na,na,na,na
phee:12663440_2,literature,phee,LITERATURE,-1,literature,na,na,na,na
phee:16816519_1,literature,phee,LITERATURE,-1,literature,na,na,na,na
phee:17697264_1,literature,phee,LITERATURE,-1,literature,na,na,na,na
phee:19260037_2,literature,phee,LITERATURE,-1,literature,na,na,na,na
phee:18306483_1,literature,phee,LITERATURE,-1,literature,na,na,na,na
phee:2234880_2,literature,phee,LITERATURE,-1,literature,na,na,na,na
phee:18950384_1,literature,phee,LITERATURE,-1,literature,na,na,na,na
phee:12625995_2,literature,phee,LITERATURE,-1,literature,na,na,na,na
phee:10715308_4,literature,phee,LITERATURE,-1,literature,na,na,na,na
phee:11720625_3,literature,phee,LITERATURE,-1,literature,na,na,na,na
phee:20180933_5,literature,phee,LITERATURE,-1,literature,na,na,na,na
phee:1389744_1,literature,phee,LITERATURE,-1,literature,na,na,na,na
phee:6625005_2,literature,phee,LITERATURE,-1,literature,na,na,na,na
phee:10442258_1,literature,phee,LITERATURE,-1,literature,na,na,na,na
phee:15760792_4,literature,phee,LITERATURE,-1,literature,na,na,na,na
phee:6578007_1,literature,phee,LITERATURE,-1,literature,na,na,na,na
phee:16682062_3,literature,phee,LITERATURE,-1,literature,na,na,na,na
phee:8739289_5,literature,phee,LITERATURE,-1,literature,na,na,na,na
phee:11795358_2,literature,phee,LITERATURE,-1,literature,na,na,na,na
phee:7235792_4,literature,phee,LITERATURE,-1,literature,na,na,na,na
phee:11978156_5,literature,phee,LITERATURE,-1,literature,na,na,na,na
phee:3115809_1,literature,phee,LITERATURE,-1,literature,na,na,na,na
phee:18622319_3,literature,phee,LITERATURE,-1,literature,na,na,na,na
phee:2104570_5,literature,phee,LITERATURE,-1,literature,na,na,na,na
phee:17937473_1,literature,phee,LITERATURE,-1,literature,na,na,na,na
phee:11247558_2,literature,phee,LITERATURE,-1,literature,na,na,na,na
phee:14712320_1,literature,phee,LITERATURE,-1,literature,na,na,na,na
phee:1450506_2,literature,phee,LITERATURE,-1,literature,na,na,na,na
phee:15823103_1,literature,phee,LITERATURE,-1,literature,na,na,na,na
phee:11573852_2,literature,phee,LITERATURE,-1,literature,na,na,na,na
phee:16948177_2,literature,phee,LITERATURE,-1,literature,na,na,na,na
phee:1624172_4,literature,phee,LITERATURE,-1,literature,na,na,na,na
phee:15760792_2,literature,phee,LITERATURE,-1,literature,na,na,na,na
phee:11468878_2,literature,phee,LITERATURE,-1,literature,na,na,na,na
phee:2690546_1,literature,phee,LITERATURE,-1,literature,na,na,na,na
phee:15823103_2,literature,phee,LITERATURE,-1,literature,na,na,na,na
phee:17329303_3,literature,phee,LITERATURE,-1,literature,na,na,na,na
phee:10414481_2,literature,phee,LITERATURE,-1,literature,na,na,na,na
phee:16816519_4,literature,phee,LITERATURE,-1,literature,na,na,na,na
phee:9039216_1,literature,phee,LITERATURE,-1,literature,na,na,na,na
phee:12880504_3,literature,phee,LITERATURE,-1,literature,na,na,na,na
phee:11642488_2,literature,phee,LITERATURE,-1,literature,na,na,na,na
phee:2429270_1,literature,phee,LITERATURE,-1,literature,na,na,na,na
phee:12439602_3,literature,phee,LITERATURE,-1,literature,na,na,na,na
phee:3115809_2,literature,phee,LITERATURE,-1,literature,na,na,na,na
phee:11554897_4,literature,phee,LITERATURE,-1,literature,na,na,na,na
phee:6108450_1,literature,phee,LITERATURE,-1,literature,na,na,na,na
phee:17667887_9,literature,phee,LITERATURE,-1,literature,na,na,na,na
phee:18991509_2,literature,phee,LITERATURE,-1,literature,na,na,na,na
phee:6324592_1,literature,phee,LITERATURE,-1,literature,na,na,na,na
phee:11590881_4,literature,phee,LITERATURE,-1,literature,na,na,na,na
phee:3149484_1,literature,phee,LITERATURE,-1,literature,na,na,na,na
phee:10485779_10,literature,phee,LITERATURE,-1,literature,na,na,na,na
phee:8739289_7,literature,phee,LITERATURE,-1,literature,na,na,na,na
phee:17710018_1,literature,phee,LITERATURE,-1,literature,na,na,na,na
phee:10442258_2,literature,phee,LITERATURE,-1,literature,na,na,na,na
phee:11126885_1,literature,phee,LITERATURE,-1,literature,na,na,na,na
phee:19296063_3,literature,phee,LITERATURE,-1,literature,na,na,na,na
phee:9925865_2,literature,phee,LITERATURE,-1,literature,na,na,na,na
phee:15053046_1,literature,phee,LITERATURE,-1,literature,na,na,na,na
phee:16682062_1,literature,phee,LITERATURE,-1,literature,na,na,na,na
phee:2549018_4,literature,phee,LITERATURE,-1,literature,na,na,na,na
phee:19755414_10,literature,phee,LITERATURE,-1,literature,na,na,na,na
phee:17195428_1,literature,phee,LITERATURE,-1,literature,na,na,na,na
phee:16099004_4,literature,phee,LITERATURE,-1,literature,na,na,na,na
phee:16688722_1,literature,phee,LITERATURE,-1,literature,na,na,na,na
phee:16449538_1,literature,phee,LITERATURE,-1,literature,na,na,na,na
phee:15719254_1,literature,phee,LITERATURE,-1,literature,na,na,na,na
phee:12546343_3,literature,phee,LITERATURE,-1,literature,na,na,na,na
phee:11319599_1,literature,phee,LITERATURE,-1,literature,na,na,na,na
phee:19296063_1,literature,phee,LITERATURE,-1,literature,na,na,na,na
phee:9527943_3,literature,phee,LITERATURE,-1,literature,na,na,na,na
phee:2063999_1,literature,phee,LITERATURE,-1,literature,na,na,na,na
phee:25540831_1,literature,phee,LITERATURE,-1,literature,na,na,na,na
phee:16507380_3,literature,phee,LITERATURE,-1,literature,na,na,na,na
phee:7474364_2,literature,phee,LITERATURE,-1,literature,na,na,na,na
phee:9681211_3,literature,phee,LITERATURE,-1,literature,na,na,na,na
phee:7797283_2,literature,phee,LITERATURE,-1,literature,na,na,na,na
phee:17660778_1,literature,phee,LITERATURE,-1,literature,na,na,na,na
phee:15338554_4,literature,phee,LITERATURE,-1,literature,na,na,na,na
phee:8627446_3,literature,phee,LITERATURE,-1,literature,na,na,na,na
phee:16449538_3,literature,phee,LITERATURE,-1,literature,na,na,na,na
phee:6507240_3,literature,phee,LITERATURE,-1,literature,na,na,na,na
phee:16221163_8,literature,phee,LITERATURE,-1,literature,na,na,na,na
phee:19260037_1,literature,phee,LITERATURE,-1,literature,na,na,na,na
phee:9695308_3,literature,phee,LITERATURE,-1,literature,na,na,na,na
phee:11468878_3,literature,phee,LITERATURE,-1,literature,na,na,na,na
phee:18492617_1,literature,phee,LITERATURE,-1,literature,na,na,na,na
phee:8551001_5,literature,phee,LITERATURE,-1,literature,na,na,na,na
phee:15823103_4,literature,phee,LITERATURE,-1,literature,na,na,na,na
phee:22550162_3,literature,phee,LITERATURE,-1,literature,na,na,na,na
phee:19249953_6,literature,phee,LITERATURE,-1,literature,na,na,na,na
phee:8104147_1,literature,phee,LITERATURE,-1,literature,na,na,na,na
phee:7474364_1,literature,phee,LITERATURE,-1,literature,na,na,na,na
phee:18957000_2,literature,phee,LITERATURE,-1,literature,na,na,na,na
phee:17725438_2,literature,phee,LITERATURE,-1,literature,na,na,na,na
phee:3149484_2,literature,phee,LITERATURE,-1,literature,na,na,na,na
phee:2568058_2,literature,phee,LITERATURE,-1,literature,na,na,na,na
phee:14964753_1,literature,phee,LITERATURE,-1,literature,na,na,na,na
phee:15463865_5,literature,phee,LITERATURE,-1,literature,na,na,na,na
phee:25295553_4,literature,phee,LITERATURE,-1,literature,na,na,na,na
phee:3718111_2,literature,phee,LITERATURE,-1,literature,na,na,na,na
phee:8329789_1,literature,phee,LITERATURE,-1,literature,na,na,na,na
phee:15279668_3,literature,phee,LITERATURE,-1,literature,na,na,na,na
phee:15112258_8,literature,phee,LITERATURE,-1,literature,na,na,na,na
phee:9491301_4,literature,phee,LITERATURE,-1,literature,na,na,na,na
phee:9988365_3,literature,phee,LITERATURE,-1,literature,na,na,na,na
phee:16352777_1,literature,phee,LITERATURE,-1,literature,na,na,na,na
phee:6510223_2,literature,phee,LITERATURE,-1,literature,na,na,na,na
phee:17505739_1,literature,phee,LITERATURE,-1,literature,na,na,na,na
phee:8961730_2,literature,phee,LITERATURE,-1,literature,na,na,na,na
phee:3708949_1,literature,phee,LITERATURE,-1,literature,na,na,na,na
phee:8467620_3,literature,phee,LITERATURE,-1,literature,na,na,na,na
phee:1422497_6,literature,phee,LITERATURE,-1,literature,na,na,na,na
phee:10082597_3,literature,phee,LITERATURE,-1,literature,na,na,na,na
phee:16018164_1,literature,phee,LITERATURE,-1,literature,na,na,na,na
phee:8467620_1,literature,phee,LITERATURE,-1,literature,na,na,na,na
phee:14742791_4,literature,phee,LITERATURE,-1,literature,na,na,na,na
phee:8442800_11,literature,phee,LITERATURE,-1,literature,na,na,na,na
phee:15368548_4,literature,phee,LITERATURE,-1,literature,na,na,na,na
phee:21630612_2,literature,phee,LITERATURE,-1,literature,na,na,na,na
phee:18855892_1,literature,phee,LITERATURE,-1,literature,na,na,na,na
phee:12166705_1,literature,phee,LITERATURE,-1,literature,na,na,na,na
phee:15588385_1,literature,phee,LITERATURE,-1,literature,na,na,na,na
phee:748238_1,literature,phee,LITERATURE,-1,literature,na,na,na,na
phee:3359700_3,literature,phee,LITERATURE,-1,literature,na,na,na,na
phee:9352164_2,literature,phee,LITERATURE,-1,literature,na,na,na,na
phee:3693034_1,literature,phee,LITERATURE,-1,literature,na,na,na,na
phee:16018164_4,literature,phee,LITERATURE,-1,literature,na,na,na,na
phee:18523232_1,literature,phee,LITERATURE,-1,literature,na,na,na,na
phee:9352164_4,literature,phee,LITERATURE,-1,literature,na,na,na,na
phee:16192734_1,literature,phee,LITERATURE,-1,literature,na,na,na,na
phee:536470_2,literature,phee,LITERATURE,-1,literature,na,na,na,na
phee:8912599_7,literature,phee,LITERATURE,-1,literature,na,na,na,na
phee:16728538_2,literature,phee,LITERATURE,-1,literature,na,na,na,na
phee:7978578_2,literature,phee,LITERATURE,-1,literature,na,na,na,na
phee:18425523_3,literature,phee,LITERATURE,-1,literature,na,na,na,na
phee:12022905_5,literature,phee,LITERATURE,-1,literature,na,na,na,na
phee:12488741_3,literature,phee,LITERATURE,-1,literature,na,na,na,na
phee:15857283_3,literature,phee,LITERATURE,-1,literature,na,na,na,na
phee:19318596_3,literature,phee,LITERATURE,-1,literature,na,na,na,na
phee:14684937_4,literature,phee,LITERATURE,-1,literature,na,na,na,na
phee:16341621_3,literature,phee,LITERATURE,-1,literature,na,na,na,na
phee:15595320_3,literature,phee,LITERATURE,-1,literature,na,na,na,na
phee:3868420_1,literature,phee,LITERATURE,-1,literature,na,na,na,na
phee:3174043_1,literature,phee,LITERATURE,-1,literature,na,na,na,na
phee:6854698_1,literature,phee,LITERATURE,-1,literature,na,na,na,na
phee:12022905_2,literature,phee,LITERATURE,-1,literature,na,na,na,na
phee:14766993_2,literature,phee,LITERATURE,-1,literature,na,na,na,na
phee:17167851_1,literature,phee,LITERATURE,-1,literature,na,na,na,na
phee:14561622_1,literature,phee,LITERATURE,-1,literature,na,na,na,na
phee:11804071_2,literature,phee,LITERATURE,-1,literature,na,na,na,na
phee:18523232_5,literature,phee,LITERATURE,-1,literature,na,na,na,na
phee:4066620_3,literature,phee,LITERATURE,-1,literature,na,na,na,na
phee:6572542_2,literature,phee,LITERATURE,-1,literature,na,na,na,na
phee:9007910_2,literature,phee,LITERATURE,-1,literature,na,na,na,na
phee:6697887_3,literature,phee,LITERATURE,-1,literature,na,na,na,na
phee:10212021_4,literature,phee,LITERATURE,-1,literature,na,na,na,na
phee:21515865_9,literature,phee,LITERATURE,-1,literature,na,na,na,na
phee:22677303_3,literature,phee,LITERATURE,-1,literature,na,na,na,na
phee:1703754_1,literature,phee,LITERATURE,-1,literature,na,na,na,na
phee:9352164_1,literature,phee,LITERATURE,-1,literature,na,na,na,na
phee:4066620_2,literature,phee,LITERATURE,-1,literature,na,na,na,na
phee:18523232_2,literature,phee,LITERATURE,-1,literature,na,na,na,na
phee:507889_1,literature,phee,LITERATURE,-1,literature,na,na,na,na
phee:15663666_1,literature,phee,LITERATURE,-1,literature,na,na,na,na
phee:6693840_1,literature,phee,LITERATURE,-1,literature,na,na,na,na
phee:2483959_3,literature,phee,LITERATURE,-1,literature,na,na,na,na
phee:20349794_2,literature,phee,LITERATURE,-1,literature,na,na,na,na
phee:18675768_5,literature,phee,LITERATURE,-1,literature,na,na,na,na
phee:20925534_12,literature,phee,LITERATURE,-1,literature,na,na,na,na
phee:6731466_10,literature,phee,LITERATURE,-1,literature,na,na,na,na
phee:18203308_1,literature,phee,LITERATURE,-1,literature,na,na,na,na
phee:11109149_2,literature,phee,LITERATURE,-1,literature,na,na,na,na
phee:24918555_1,literature,phee,LITERATURE,-1,literature,na,na,na,na
phee:16490518_4,literature,phee,LITERATURE,-1,literature,na,na,na,na
phee:3708949_4,literature,phee,LITERATURE,-1,literature,na,na,na,na
phee:11485141_5,literature,phee,LITERATURE,-1,literature,na,na,na,na
phee:20925534_11,literature,phee,LITERATURE,-1,literature,na,na,na,na
phee:8145359_2,literature,phee,LITERATURE,-1,literature,na,na,na,na
phee:6340463_4,literature,phee,LITERATURE,-1,literature,na,na,na,na
phee:12477460_1,literature,phee,LITERATURE,-1,literature,na,na,na,na
phee:9562211_1,literature,phee,LITERATURE,-1,literature,na,na,na,na
phee:22047557_8,literature,phee,LITERATURE,-1,literature,na,na,na,na
phee:10759907_2,literature,phee,LITERATURE,-1,literature,na,na,na,na
phee:12854039_3,literature,phee,LITERATURE,-1,literature,na,na,na,na
phee:6794018_3,literature,phee,LITERATURE,-1,literature,na,na,na,na
phee:9562211_2,literature,phee,LITERATURE,-1,literature,na,na,na,na
phee:9737132_2,literature,phee,LITERATURE,-1,literature,na,na,na,na
phee:3359700_2,literature,phee,LITERATURE,-1,literature,na,na,na,na
phee:3174043_2,literature,phee,LITERATURE,-1,literature,na,na,na,na
phee:22293514_5,literature,phee,LITERATURE,-1,literature,na,na,na,na
phee:11202801_1,literature,phee,LITERATURE,-1,literature,na,na,na,na
phee:18076602_3,literature,phee,LITERATURE,-1,literature,na,na,na,na
phee:18364401_5,literature,phee,LITERATURE,-1,literature,na,na,na,na
phee:23970584_2,literature,phee,LITERATURE,-1,literature,na,na,na,na
phee:16101941_2,literature,phee,LITERATURE,-1,literature,na,na,na,na
phee:2483959_2,literature,phee,LITERATURE,-1,literature,na,na,na,na
phee:11510798_1,literature,phee,LITERATURE,-1,literature,na,na,na,na
phee:11155197_3,literature,phee,LITERATURE,-1,literature,na,na,na,na
phee:7485371_3,literature,phee,LITERATURE,-1,literature,na,na,na,na
phee:11109149_1,literature,phee,LITERATURE,-1,literature,na,na,na,na
phee:8404753_9,literature,phee,LITERATURE,-1,literature,na,na,na,na
phee:3964363_2,literature,phee,LITERATURE,-1,literature,na,na,na,na
phee:9352164_3,literature,phee,LITERATURE,-1,literature,na,na,na,na
phee:10592946_3,literature,phee,LITERATURE,-1,literature,na,na,na,na
phee:15663666_2,literature,phee,LITERATURE,-1,literature,na,na,na,na
phee:9726762_1,literature,phee,LITERATURE,-1,literature,na,na,na,na
phee:17665812_2,literature,phee,LITERATURE,-1,literature,na,na,na,na
phee:7485371_4,literature,phee,LITERATURE,-1,literature,na,na,na,na
phee:18037876_1,literature,phee,LITERATURE,-1,literature,na,na,na,na
phee:910864_1,literature,phee,LITERATURE,-1,literature,na,na,na,na
phee:17182354_1,literature,phee,LITERATURE,-1,literature,na,na,na,na
phee:12854039_1,literature,phee,LITERATURE,-1,literature,na,na,na,na
phee:25842648_7,literature,phee,LITERATURE,-1,literature,na,na,na,na
phee:2483959_4,literature,phee,LITERATURE,-1,literature,na,na,na,na
phee:9865241_4,literature,phee,LITERATURE,-1,literature,na,na,na,na
phee:14614357_1,literature,phee,LITERATURE,-1,literature,na,na,na,na
phee:8589490_3,literature,phee,LITERATURE,-1,literature,na,na,na,na
phee:12488741_2,literature,phee,LITERATURE,-1,literature,na,na,na,na
phee:1422497_1,literature,phee,LITERATURE,-1,literature,na,na,na,na
phee:15522120_17,literature,phee,LITERATURE,-1,literature,na,na,na,na
phee:12659609_3,literature,phee,LITERATURE,-1,literature,na,na,na,na
phee:19266307_2,literature,phee,LITERATURE,-1,literature,na,na,na,na
phee:18628507_2,literature,phee,LITERATURE,-1,literature,na,na,na,na
phee:18262450_8,literature,phee,LITERATURE,-1,literature,na,na,na,na
phee:10435399_2,literature,phee,LITERATURE,-1,literature,na,na,na,na
phee:11352235_5,literature,phee,LITERATURE,-1,literature,na,na,na,na
phee:16018164_2,literature,phee,LITERATURE,-1,literature,na,na,na,na
phee:16101941_1,literature,phee,LITERATURE,-1,literature,na,na,na,na
phee:8430717_4,literature,phee,LITERATURE,-1,literature,na,na,na,na
phee:16317298_3,literature,phee,LITERATURE,-1,literature,na,na,na,na
phee:15368548_3,literature,phee,LITERATURE,-1,literature,na,na,na,na
phee:23970584_6,literature,phee,LITERATURE,-1,literature,na,na,na,na
phee:9562211_3,literature,phee,LITERATURE,-1,literature,na,na,na,na
phee:16288069_4,literature,phee,LITERATURE,-1,literature,na,na,na,na
phee:15927910_4,literature,phee,LITERATURE,-1,literature,na,na,na,na
phee:15286697_1,literature,phee,LITERATURE,-1,literature,na,na,na,na
phee:10492493_1,literature,phee,LITERATURE,-1,literature,na,na,na,na
phee:3211830_1,literature,phee,LITERATURE,-1,literature,na,na,na,na
phee:10492493_4,literature,phee,LITERATURE,-1,literature,na,na,na,na
phee:18347524_2,literature,phee,LITERATURE,-1,literature,na,na,na,na
phee:12659609_1,literature,phee,LITERATURE,-1,literature,na,na,na,na
phee:8250714_3,literature,phee,LITERATURE,-1,literature,na,na,na,na
phee:15072497_2,literature,phee,LITERATURE,-1,literature,na,na,na,na
phee:12786839_3,literature,phee,LITERATURE,-1,literature,na,na,na,na
phee:1655228_2,literature,phee,LITERATURE,-1,literature,na,na,na,na
phee:21802143_1,literature,phee,LITERATURE,-1,literature,na,na,na,na
phee:12507063_2,literature,phee,LITERATURE,-1,literature,na,na,na,na
phee:7056119_1,literature,phee,LITERATURE,-1,literature,na,na,na,na
phee:17619811_3,literature,phee,LITERATURE,-1,literature,na,na,na,na
phee:4075534_2,literature,phee,LITERATURE,-1,literature,na,na,na,na
phee:2483959_1,literature,phee,LITERATURE,-1,literature,na,na,na,na
phee:15895899_1,literature,phee,LITERATURE,-1,literature,na,na,na,na
phee:7712052_1,literature,phee,LITERATURE,-1,literature,na,na,na,na
phee:14684937_2,literature,phee,LITERATURE,-1,literature,na,na,na,na
phee:6362443_1,literature,phee,LITERATURE,-1,literature,na,na,na,na
phee:7748076_3,literature,phee,LITERATURE,-1,literature,na,na,na,na
phee:16843118_1,literature,phee,LITERATURE,-1,literature,na,na,na,na
phee:9149614_1,literature,phee,LITERATURE,-1,literature,na,na,na,na
phee:8579054_3,literature,phee,LITERATURE,-1,literature,na,na,na,na
phee:354311_2,literature,phee,LITERATURE,-1,literature,na,na,na,na
phee:1414247_1,literature,phee,LITERATURE,-1,literature,na,na,na,na
phee:8912599_5,literature,phee,LITERATURE,-1,literature,na,na,na,na
phee:9413296_2,literature,phee,LITERATURE,-1,literature,na,na,na,na
phee:11099623_1,literature,phee,LITERATURE,-1,literature,na,na,na,na
phee:53128_2,literature,phee,LITERATURE,-1,literature,na,na,na,na
phee:9671138_1,literature,phee,LITERATURE,-1,literature,na,na,na,na
phee:16288069_3,literature,phee,LITERATURE,-1,literature,na,na,na,na
phee:9550246_4,literature,phee,LITERATURE,-1,literature,na,na,na,na
phee:11315123_1,literature,phee,LITERATURE,-1,literature,na,na,na,na
phee:1557089_1,literature,phee,LITERATURE,-1,literature,na,na,na,na
phee:16288069_1,literature,phee,LITERATURE,-1,literature,na,na,na,na
phee:16490518_2,literature,phee,LITERATURE,-1,literature,na,na,na,na
phee:16537817_1,literature,phee,LITERATURE,-1,literature,na,na,na,na
phee:21330680_13,literature,phee,LITERATURE,-1,literature,na,na,na,na
phee:16515630_2,literature,phee,LITERATURE,-1,literature,na,na,na,na
phee:23970584_1,literature,phee,LITERATURE,-1,literature,na,na,na,na
phee:19131789_1,literature,phee,LITERATURE,-1,literature,na,na,na,na
phee:2012922_1,literature,phee,LITERATURE,-1,literature,na,na,na,na
phee:9886213_4,literature,phee,LITERATURE,-1,literature,na,na,na,na
phee:1888256_2,literature,phee,LITERATURE,-1,literature,na,na,na,na
phee:9443627_1,literature,phee,LITERATURE,-1,literature,na,na,na,na
phee:18076602_2,literature,phee,LITERATURE,-1,literature,na,na,na,na
phee:6199475_2,literature,phee,LITERATURE,-1,literature,na,na,na,na
phee:3410226_2,literature,phee,LITERATURE,-1,literature,na,na,na,na
phee:440873_2,literature,phee,LITERATURE,-1,literature,na,na,na,na
phee:8726608_1,literature,phee,LITERATURE,-1,literature,na,na,na,na
phee:2241449_2,literature,phee,LITERATURE,-1,literature,na,na,na,na
phee:16472339_1,literature,phee,LITERATURE,-1,literature,na,na,na,na
phee:9550246_2,literature,phee,LITERATURE,-1,literature,na,na,na,na
phee:10332990_1,literature,phee,LITERATURE,-1,literature,na,na,na,na
phee:3003260_3,literature,phee,LITERATURE,-1,literature,na,na,na,na
phee:16087771_1,literature,phee,LITERATURE,-1,literature,na,na,na,na
phee:556126_1,literature,phee,LITERATURE,-1,literature,na,na,na,na
phee:8430717_2,literature,phee,LITERATURE,-1,literature,na,na,na,na
phee:8850251_5,literature,phee,LITERATURE,-1,literature,na,na,na,na
phee:9704170_3,literature,phee,LITERATURE,-1,literature,na,na,na,na
phee:9737132_1,literature,phee,LITERATURE,-1,literature,na,na,na,na
phee:10592946_5,literature,phee,LITERATURE,-1,literature,na,na,na,na
phee:9533061_3,literature,phee,LITERATURE,-1,literature,na,na,na,na
phee:11236070_1,literature,phee,LITERATURE,-1,literature,na,na,na,na
phee:10682234_8,literature,phee,LITERATURE,-1,literature,na,na,na,na
phee:19112808_2,literature,phee,LITERATURE,-1,literature,na,na,na,na
phee:7056119_6,literature,phee,LITERATURE,-1,literature,na,na,na,na
phee:3003260_1,literature,phee,LITERATURE,-1,literature,na,na,na,na
phee:10492493_3,literature,phee,LITERATURE,-1,literature,na,na,na,na
phee:16341621_2,literature,phee,LITERATURE,-1,literature,na,na,na,na
phee:15595320_1,literature,phee,LITERATURE,-1,literature,na,na,na,na
phee:18755414_4,literature,phee,LITERATURE,-1,literature,na,na,na,na
phee:20925534_13,literature,phee,LITERATURE,-1,literature,na,na,na,na
phee:1469187_1,literature,phee,LITERATURE,-1,literature,na,na,na,na
phee:3410226_1,literature,phee,LITERATURE,-1,literature,na,na,na,na
phee:3242521_2,literature,phee,LITERATURE,-1,literature,na,na,na,na
phee:12022905_4,literature,phee,LITERATURE,-1,literature,na,na,na,na
phee:16685112_1,literature,phee,LITERATURE,-1,literature,na,na,na,na
phee:6427463_1,literature,phee,LITERATURE,-1,literature,na,na,na,na
phee:9870779_3,literature,phee,LITERATURE,-1,literature,na,na,na,na
phee:15522120_9,literature,phee,LITERATURE,-1,literature,na,na,na,na
phee:18203308_2,literature,phee,LITERATURE,-1,literature,na,na,na,na
phee:18523232_3,literature,phee,LITERATURE,-1,literature,na,na,na,na
phee:3824704_1,literature,phee,LITERATURE,-1,literature,na,na,na,na
phee:16101941_3,literature,phee,LITERATURE,-1,literature,na,na,na,na
phee:16357738_2,literature,phee,LITERATURE,-1,literature,na,na,na,na
phee:20925534_14,literature,phee,LITERATURE,-1,literature,na,na,na,na
phee:11295724_3,literature,phee,LITERATURE,-1,literature,na,na,na,na
phee:11696132_2,literature,phee,LITERATURE,-1,literature,na,na,na,na
phee:12659609_4,literature,phee,LITERATURE,-1,literature,na,na,na,na
phee:6199475_1,literature,phee,LITERATURE,-1,literature,na,na,na,na
phee:12410494_2,literature,phee,LITERATURE,-1,literature,na,na,na,na
phee:15595320_2,literature,phee,LITERATURE,-1,literature,na,na,na,na
phee:18505911_2,literature,phee,LITERATURE,-1,literature,na,na,na,na
phee:16515630_4,literature,phee,LITERATURE,-1,literature,na,na,na,na
phee:2830062_2,literature,phee,LITERATURE,-1,literature,na,na,na,na
phee:8430717_3,literature,phee,LITERATURE,-1,literature,na,na,na,na
phee:354311_1,literature,phee,LITERATURE,-1,literature,na,na,na,na
phee:1469187_3,literature,phee,LITERATURE,-1,literature,na,na,na,na
phee:7369302_1,literature,phee,LITERATURE,-1,literature,na,na,na,na
phee:1275625_4,literature,phee,LITERATURE,-1,literature,na,na,na,na
phee:8124920_1,literature,phee,LITERATURE,-1,literature,na,na,na,na
phee:15061230_3,literature,phee,LITERATURE,-1,literature,na,na,na,na
phee:16317298_5,literature,phee,LITERATURE,-1,literature,na,na,na,na
phee:12836099_2,literature,phee,LITERATURE,-1,literature,na,na,na,na
phee:6865827_1,literature,phee,LITERATURE,-1,literature,na,na,na,na
phee:3136101_3,literature,phee,LITERATURE,-1,literature,na,na,na,na
phee:6401771_1,literature,phee,LITERATURE,-1,literature,na,na,na,na
phee:25842648_6,literature,phee,LITERATURE,-1,literature,na,na,na,na
phee:6794018_1,literature,phee,LITERATURE,-1,literature,na,na,na,na
phee:22677303_10,literature,phee,LITERATURE,-1,literature,na,na,na,na
phee:7783891_2,literature,phee,LITERATURE,-1,literature,na,na,na,na
phee:1422497_4,literature,phee,LITERATURE,-1,literature,na,na,na,na
phee:6671350_5,literature,phee,LITERATURE,-1,literature,na,na,na,na
phee:8442800_10,literature,phee,LITERATURE,-1,literature,na,na,na,na
phee:10592946_6,literature,phee,LITERATURE,-1,literature,na,na,na,na
phee:18837734_2,literature,phee,LITERATURE,-1,literature,na,na,na,na
phee:11295724_1,literature,phee,LITERATURE,-1,literature,na,na,na,na
phee:3174043_3,literature,phee,LITERATURE,-1,literature,na,na,na,na
phee:14697943_2,literature,phee,LITERATURE,-1,literature,na,na,na,na
phee:17387702_2,literature,phee,LITERATURE,-1,literature,na,na,na,na
phee:11236070_3,literature,phee,LITERATURE,-1,literature,na,na,na,na
phee:17921794_2,literature,phee,LITERATURE,-1,literature,na,na,na,na
phee:4063627_1,literature,phee,LITERATURE,-1,literature,na,na,na,na
phee:15461766_1,literature,phee,LITERATURE,-1,literature,na,na,na,na
phee:8442800_4,literature,phee,LITERATURE,-1,literature,na,na,na,na
phee:15895899_3,literature,phee,LITERATURE,-1,literature,na,na,na,na
phee:12477460_4,literature,phee,LITERATURE,-1,literature,na,na,na,na
phee:17123120_1,literature,phee,LITERATURE,-1,literature,na,na,na,na
phee:17090724_2,literature,phee,LITERATURE,-1,literature,na,na,na,na
phee:3542612_2,literature,phee,LITERATURE,-1,literature,na,na,na,na
phee:2830062_4,literature,phee,LITERATURE,-1,literature,na,na,na,na
phee:16265343_1,literature,phee,LITERATURE,-1,literature,na,na,na,na
phee:8610807_1,literature,phee,LITERATURE,-1,literature,na,na,na,na
phee:17665812_1,literature,phee,LITERATURE,-1,literature,na,na,na,na
phee:18675768_1,literature,phee,LITERATURE,-1,literature,na,na,na,na
phee:7081289_2,literature,phee,LITERATURE,-1,literature,na,na,na,na
phee:16609346_3,literature,phee,LITERATURE,-1,literature,na,na,na,na
phee:15927910_1,literature,phee,LITERATURE,-1,literature,na,na,na,na
phee:7056119_2,literature,phee,LITERATURE,-1,literature,na,na,na,na
phee:18505911_9,literature,phee,LITERATURE,-1,literature,na,na,na,na
phee:8442800_2,literature,phee,LITERATURE,-1,literature,na,na,na,na
phee:15507779_2,literature,phee,LITERATURE,-1,literature,na,na,na,na
phee:8391300_2,literature,phee,LITERATURE,-1,literature,na,na,na,na
phee:3359700_1,literature,phee,LITERATURE,-1,literature,na,na,na,na
phee:21630612_4,literature,phee,LITERATURE,-1,literature,na,na,na,na
phee:23115227_3,literature,phee,LITERATURE,-1,literature,na,na,na,na
phee:10870095_7,literature,phee,LITERATURE,-1,literature,na,na,na,na
phee:18755414_6,literature,phee,LITERATURE,-1,literature,na,na,na,na
phee:18751717_3,literature,phee,LITERATURE,-1,literature,na,na,na,na
phee:9149614_3,literature,phee,LITERATURE,-1,literature,na,na,na,na
phee:21658326_4,literature,phee,LITERATURE,-1,literature,na,na,na,na
phee:3964363_1,literature,phee,LITERATURE,-1,literature,na,na,na,na
phee:4063627_2,literature,phee,LITERATURE,-1,literature,na,na,na,na
phee:10082597_2,literature,phee,LITERATURE,-1,literature,na,na,na,na
phee:10870095_2,literature,phee,LITERATURE,-1,literature,na,na,na,na
phee:18364401_3,literature,phee,LITERATURE,-1,literature,na,na,na,na
phee:10579985_1,literature,phee,LITERATURE,-1,literature,na,na,na,na
phee:7761316_2,literature,phee,LITERATURE,-1,literature,na,na,na,na
phee:10225085_3,literature,phee,LITERATURE,-1,literature,na,na,na,na
phee:19884751_1,literature,phee,LITERATURE,-1,literature,na,na,na,na
phee:15368548_2,literature,phee,LITERATURE,-1,literature,na,na,na,na
phee:4014301_4,literature,phee,LITERATURE,-1,literature,na,na,na,na
phee:11352235_4,literature,phee,LITERATURE,-1,literature,na,na,na,na
phee:11804071_1,literature,phee,LITERATURE,-1,literature,na,na,na,na
phee:19266307_1,literature,phee,LITERATURE,-1,literature,na,na,na,na
phee:11724089_5,literature,phee,LITERATURE,-1,literature,na,na,na,na
phee:16515630_1,literature,phee,LITERATURE,-1,literature,na,na,na,na
phee:9704170_1,literature,phee,LITERATURE,-1,literature,na,na,na,na
phee:20349794_1,literature,phee,LITERATURE,-1,literature,na,na,na,na
phee:6610943_1,literature,phee,LITERATURE,-1,literature,na,na,na,na
phee:18371508_2,literature,phee,LITERATURE,-1,literature,na,na,na,na
phee:681921_1,literature,phee,LITERATURE,-1,literature,na,na,na,na
phee:21658326_5,literature,phee,LITERATURE,-1,literature,na,na,na,na
phee:10492493_2,literature,phee,LITERATURE,-1,literature,na,na,na,na
phee:8850251_1,literature,phee,LITERATURE,-1,literature,na,na,na,na
phee:18262450_10,literature,phee,LITERATURE,-1,literature,na,na,na,na
phee:11147747_1,literature,phee,LITERATURE,-1,literature,na,na,na,na
phee:15286697_2,literature,phee,LITERATURE,-1,literature,na,na,na,na
phee:15286697_5,literature,phee,LITERATURE,-1,literature,na,na,na,na
phee:6865827_2,literature,phee,LITERATURE,-1,literature,na,na,na,na
phee:18675768_6,literature,phee,LITERATURE,-1,literature,na,na,na,na
phee:3171334_2,literature,phee,LITERATURE,-1,literature,na,na,na,na
phee:18042092_3,literature,phee,LITERATURE,-1,literature,na,na,na,na
phee:15522120_4,literature,phee,LITERATURE,-1,literature,na,na,na,na
phee:22552763_1,literature,phee,LITERATURE,-1,literature,na,na,na,na
phee:16393774_7,literature,phee,LITERATURE,-1,literature,na,na,na,na
phee:7056119_5,literature,phee,LITERATURE,-1,literature,na,na,na,na
phee:9865241_3,literature,phee,LITERATURE,-1,literature,na,na,na,na
phee:21729965_4,literature,phee,LITERATURE,-1,literature,na,na,na,na
phee:15595320_4,literature,phee,LITERATURE,-1,literature,na,na,na,na
phee:19212144_2,literature,phee,LITERATURE,-1,literature,na,na,na,na
phee:11485141_4,literature,phee,LITERATURE,-1,literature,na,na,na,na
phee:7949255_2,literature,phee,LITERATURE,-1,literature,na,na,na,na
phee:16685007_5,literature,phee,LITERATURE,-1,literature,na,na,na,na
phee:17090724_1,literature,phee,LITERATURE,-1,literature,na,na,na,na
phee:11510798_2,literature,phee,LITERATURE,-1,literature,na,na,na,na
phee:18580694_2,literature,phee,LITERATURE,-1,literature,na,na,na,na
phee:6873616_1,literature,phee,LITERATURE,-1,literature,na,na,na,na
phee:17182354_3,literature,phee,LITERATURE,-1,literature,na,na,na,na
phee:12410494_1,literature,phee,LITERATURE,-1,literature,na,na,na,na
phee:17955169_2,literature,phee,LITERATURE,-1,literature,na,na,na,na
phee:14697943_3,literature,phee,LITERATURE,-1,literature,na,na,na,na
phee:7949255_3,literature,phee,LITERATURE,-1,literature,na,na,na,na
phee:22372628_1,literature,phee,LITERATURE,-1,literature,na,na,na,na
phee:8404753_2,literature,phee,LITERATURE,-1,literature,na,na,na,na
phee:21515865_4,literature,phee,LITERATURE,-1,literature,na,na,na,na
phee:7056119_3,literature,phee,LITERATURE,-1,literature,na,na,na,na
phee:3720318_2,literature,phee,LITERATURE,-1,literature,na,na,na,na
phee:12166705_2,literature,phee,LITERATURE,-1,literature,na,na,na,na
phee:1414247_2,literature,phee,LITERATURE,-1,literature,na,na,na,na
phee:7355327_4,literature,phee,LITERATURE,-1,literature,na,na,na,na
phee:10573314_2,literature,phee,LITERATURE,-1,literature,na,na,na,na
phee:8850251_2,literature,phee,LITERATURE,-1,literature,na,na,na,na
phee:879939_1,literature,phee,LITERATURE,-1,literature,na,na,na,na
phee:129501_2,literature,phee,LITERATURE,-1,literature,na,na,na,na
phee:17182354_2,literature,phee,LITERATURE,-1,literature,na,na,na,na
phee:7369302_3,literature,phee,LITERATURE,-1,literature,na,na,na,na
phee:8404753_1,literature,phee,LITERATURE,-1,literature,na,na,na,na
phee:1655228_3,literature,phee,LITERATURE,-1,literature,na,na,na,na
phee:25298587_1,literature,phee,LITERATURE,-1,literature,na,na,na,na
phee:16046172_3,literature,phee,LITERATURE,-1,literature,na,na,na,na
phee:17921794_3,literature,phee,LITERATURE,-1,literature,na,na,na,na
phee:15588385_3,literature,phee,LITERATURE,-1,literature,na,na,na,na
phee:21330680_1,literature,phee,LITERATURE,-1,literature,na,na,na,na
phee:20465622_4,literature,phee,LITERATURE,-1,literature,na,na,na,na
phee:10190739_2,literature,phee,LITERATURE,-1,literature,na,na,na,na
phee:20628041_1,literature,phee,LITERATURE,-1,literature,na,na,na,na
phee:10573314_14,literature,phee,LITERATURE,-1,literature,na,na,na,na
phee:15522120_13,literature,phee,LITERATURE,-1,literature,na,na,na,na
phee:8391300_3,literature,phee,LITERATURE,-1,literature,na,na,na,na
phee:16978752_2,literature,phee,LITERATURE,-1,literature,na,na,na,na
phee:1695794_4,literature,phee,LITERATURE,-1,literature,na,na,na,na
phee:6572542_3,literature,phee,LITERATURE,-1,literature,na,na,na,na
phee:15863610_1,literature,phee,LITERATURE,-1,literature,na,na,na,na
phee:15516308_1,literature,phee,LITERATURE,-1,literature,na,na,na,na
phee:16685112_3,literature,phee,LITERATURE,-1,literature,na,na,na,na
phee:19754002_2,literature,phee,LITERATURE,-1,literature,na,na,na,na
phee:15588385_4,literature,phee,LITERATURE,-1,literature,na,na,na,na
phee:11283125_2,literature,phee,LITERATURE,-1,literature,na,na,na,na
phee:6113770_2,literature,phee,LITERATURE,-1,literature,na,na,na,na
phee:1711090_1,literature,phee,LITERATURE,-1,literature,na,na,na,na
phee:6693840_2,literature,phee,LITERATURE,-1,literature,na,na,na,na
phee:16393774_1,literature,phee,LITERATURE,-1,literature,na,na,na,na
phee:1888256_3,literature,phee,LITERATURE,-1,literature,na,na,na,na
phee:11155197_1,literature,phee,LITERATURE,-1,literature,na,na,na,na
phee:8316494_2,literature,phee,LITERATURE,-1,literature,na,na,na,na
phee:15061230_2,literature,phee,LITERATURE,-1,literature,na,na,na,na
phee:15663666_3,literature,phee,LITERATURE,-1,literature,na,na,na,na
phee:14684937_1,literature,phee,LITERATURE,-1,literature,na,na,na,na
phee:11485141_6,literature,phee,LITERATURE,-1,literature,na,na,na,na
phee:15623719_1,literature,phee,LITERATURE,-1,literature,na,na,na,na
phee:10682234_3,literature,phee,LITERATURE,-1,literature,na,na,na,na
phee:15895899_2,literature,phee,LITERATURE,-1,literature,na,na,na,na
phee:19555801_1,literature,phee,LITERATURE,-1,literature,na,na,na,na
phee:16728538_3,literature,phee,LITERATURE,-1,literature,na,na,na,na
phee:9777751_4,literature,phee,LITERATURE,-1,literature,na,na,na,na
phee:16685112_2,literature,phee,LITERATURE,-1,literature,na,na,na,na
phee:16046172_2,literature,phee,LITERATURE,-1,literature,na,na,na,na
phee:6731466_5,literature,phee,LITERATURE,-1,literature,na,na,na,na
phee:6427463_2,literature,phee,LITERATURE,-1,literature,na,na,na,na
phee:21515865_1,literature,phee,LITERATURE,-1,literature,na,na,na,na
phee:15571949_1,literature,phee,LITERATURE,-1,literature,na,na,na,na
phee:7139589_1,literature,phee,LITERATURE,-1,literature,na,na,na,na
phee:22047557_1,literature,phee,LITERATURE,-1,literature,na,na,na,na
phee:17205927_1,literature,phee,LITERATURE,-1,literature,na,na,na,na
phee:9725786_1,literature,phee,LITERATURE,-1,literature,na,na,na,na
phee:15588385_2,literature,phee,LITERATURE,-1,literature,na,na,na,na
phee:12042592_1,literature,phee,LITERATURE,-1,literature,na,na,na,na
phee:9671138_3,literature,phee,LITERATURE,-1,literature,na,na,na,na
phee:10812579_1,literature,phee,LITERATURE,-1,literature,na,na,na,na
phee:16685007_2,literature,phee,LITERATURE,-1,literature,na,na,na,na
phee:15072497_1,literature,phee,LITERATURE,-1,literature,na,na,na,na
phee:9007910_6,literature,phee,LITERATURE,-1,literature,na,na,na,na
phee:16599252_1,literature,phee,LITERATURE,-1,literature,na,na,na,na
phee:6788011_4,literature,phee,LITERATURE,-1,literature,na,na,na,na
phee:6731466_6,literature,phee,LITERATURE,-1,literature,na,na,na,na
phee:12488741_1,literature,phee,LITERATURE,-1,literature,na,na,na,na
phee:20202988_8,literature,phee,LITERATURE,-1,literature,na,na,na,na
phee:16265343_2,literature,phee,LITERATURE,-1,literature,na,na,na,na
phee:8696525_1,literature,phee,LITERATURE,-1,literature,na,na,na,na
phee:12851279_13,literature,phee,LITERATURE,-1,literature,na,na,na,na
phee:3318771_1,literature,phee,LITERATURE,-1,literature,na,na,na,na
phee:17016002_1,literature,phee,LITERATURE,-1,literature,na,na,na,na
phee:10212021_1,literature,phee,LITERATURE,-1,literature,na,na,na,na
phee:9253492_4,literature,phee,LITERATURE,-1,literature,na,na,na,na
phee:16317298_4,literature,phee,LITERATURE,-1,literature,na,na,na,na
phee:10435399_1,literature,phee,LITERATURE,-1,literature,na,na,na,na
phee:17827338_2,literature,phee,LITERATURE,-1,literature,na,na,na,na
phee:9253492_2,literature,phee,LITERATURE,-1,literature,na,na,na,na
phee:11147747_3,literature,phee,LITERATURE,-1,literature,na,na,na,na
phee:1087773_2,literature,phee,LITERATURE,-1,literature,na,na,na,na
phee:15507779_4,literature,phee,LITERATURE,-1,literature,na,na,na,na
phee:18364401_2,literature,phee,LITERATURE,-1,literature,na,na,na,na
phee:12851279_15,literature,phee,LITERATURE,-1,literature,na,na,na,na
phee:6618859_1,literature,phee,LITERATURE,-1,literature,na,na,na,na
phee:6113770_1,literature,phee,LITERATURE,-1,literature,na,na,na,na
phee:17665812_3,literature,phee,LITERATURE,-1,literature,na,na,na,na
phee:7139589_4,literature,phee,LITERATURE,-1,literature,na,na,na,na
phee:17182354_4,literature,phee,LITERATURE,-1,literature,na,na,na,na
phee:19884751_3,literature,phee,LITERATURE,-1,literature,na,na,na,na
phee:1655228_1,literature,phee,LITERATURE,-1,literature,na,na,na,na
phee:12891225_2,literature,phee,LITERATURE,-1,literature,na,na,na,na
phee:17123120_2,literature,phee,LITERATURE,-1,literature,na,na,na,na
phee:15927910_3,literature,phee,LITERATURE,-1,literature,na,na,na,na
phee:14684937_3,literature,phee,LITERATURE,-1,literature,na,na,na,na
phee:11352235_1,literature,phee,LITERATURE,-1,literature,na,na,na,na
phee:7071645_2,literature,phee,LITERATURE,-1,literature,na,na,na,na
phee:24531907_1,literature,phee,LITERATURE,-1,literature,na,na,na,na
phee:9352164_5,literature,phee,LITERATURE,-1,literature,na,na,na,na
phee:8430717_1,literature,phee,LITERATURE,-1,literature,na,na,na,na
phee:1680596_2,literature,phee,LITERATURE,-1,literature,na,na,na,na
phee:10579985_4,literature,phee,LITERATURE,-1,literature,na,na,na,na
phee:17275666_2,literature,phee,LITERATURE,-1,literature,na,na,na,na
phee:14561622_3,literature,phee,LITERATURE,-1,literature,na,na,na,na
phee:22677303_11,literature,phee,LITERATURE,-1,literature,na,na,na,na
phee:16393774_4,literature,phee,LITERATURE,-1,literature,na,na,na,na
phee:440873_1,literature,phee,LITERATURE,-1,literature,na,na,na,na
phee:20925534_10,literature,phee,LITERATURE,-1,literature,na,na,na,na
phee:9865241_1,literature,phee,LITERATURE,-1,literature,na,na,na,na
phee:20925534_1,literature,phee,LITERATURE,-1,literature,na,na,na,na
phee:11001600_1,literature,phee,LITERATURE,-1,literature,na,na,na,na
phee:18580694_1,literature,phee,LITERATURE,-1,literature,na,na,na,na
phee:10592946_2,literature,phee,LITERATURE,-1,literature,na,na,na,na
phee:16901609_1,literature,phee,LITERATURE,-1,literature,na,na,na,na
phee:8726608_3,literature,phee,LITERATURE,-1,literature,na,na,na,na
phee:15522120_12,literature,phee,LITERATURE,-1,literature,na,na,na,na
phee:8589490_2,literature,phee,LITERATURE,-1,literature,na,na,na,na
phee:7485371_1,literature,phee,LITERATURE,-1,literature,na,na,na,na
phee:10812579_2,literature,phee,LITERATURE,-1,literature,na,na,na,na
phee:7748076_1,literature,phee,LITERATURE,-1,literature,na,na,na,na
phee:6610943_4,literature,phee,LITERATURE,-1,literature,na,na,na,na
phee:6693840_4,literature,phee,LITERATURE,-1,literature,na,na,na,na
phee:3277077_1,literature,phee,LITERATURE,-1,literature,na,na,na,na
phee:2297635_1,literature,phee,LITERATURE,-1,literature,na,na,na,na
phee:1087773_1,literature,phee,LITERATURE,-1,literature,na,na,na,na
phee:16609346_1,literature,phee,LITERATURE,-1,literature,na,na,na,na
phee:21658326_2,literature,phee,LITERATURE,-1,literature,na,na,na,na
phee:6731466_1,literature,phee,LITERATURE,-1,literature,na,na,na,na
phee:8850251_6,literature,phee,LITERATURE,-1,literature,na,na,na,na
phee:20349794_4,literature,phee,LITERATURE,-1,literature,na,na,na,na
phee:16490518_3,literature,phee,LITERATURE,-1,literature,na,na,na,na
phee:16160485_1,literature,phee,LITERATURE,-1,literature,na,na,na,na
phee:10717401_2,literature,phee,LITERATURE,-1,literature,na,na,na,na
phee:16317298_1,literature,phee,LITERATURE,-1,literature,na,na,na,na
phee:8404753_7,literature,phee,LITERATURE,-1,literature,na,na,na,na
phee:16978752_4,literature,phee,LITERATURE,-1,literature,na,na,na,na
phee:18203308_4,literature,phee,LITERATURE,-1,literature,na,na,na,na
phee:11510798_5,literature,phee,LITERATURE,-1,literature,na,na,na,na
phee:17619811_2,literature,phee,LITERATURE,-1,literature,na,na,na,na
phee:7056119_4,literature,phee,LITERATURE,-1,literature,na,na,na,na
phee:17167851_2,literature,phee,LITERATURE,-1,literature,na,na,na,na
phee:172214_2,literature,phee,LITERATURE,-1,literature,na,na,na,na
phee:18347524_1,literature,phee,LITERATURE,-1,literature,na,na,na,na
phee:15836666_2,literature,phee,LITERATURE,-1,literature,na,na,na,na
phee:6440806_1,literature,phee,LITERATURE,-1,literature,na,na,na,na
phee:12786839_1,literature,phee,LITERATURE,-1,literature,na,na,na,na
phee:12659609_2,literature,phee,LITERATURE,-1,literature,na,na,na,na
phee:15857283_4,literature,phee,LITERATURE,-1,literature,na,na,na,na
phee:3136101_2,literature,phee,LITERATURE,-1,literature,na,na,na,na
phee:19318596_2,literature,phee,LITERATURE,-1,literature,na,na,na,na
phee:18751717_1,literature,phee,LITERATURE,-1,literature,na,na,na,na
phee:7139589_2,literature,phee,LITERATURE,-1,literature,na,na,na,na
phee:7783891_3,literature,phee,LITERATURE,-1,literature,na,na,na,na
phee:10332990_2,literature,phee,LITERATURE,-1,literature,na,na,na,na
phee:11724089_4,literature,phee,LITERATURE,-1,literature,na,na,na,na
phee:12869178_1,literature,phee,LITERATURE,-1,literature,na,na,na,na
phee:11283125_1,literature,phee,LITERATURE,-1,literature,na,na,na,na
phee:11450788_4,literature,phee,LITERATURE,-1,literature,na,na,na,na
phee:16537817_10,literature,phee,LITERATURE,-1,literature,na,na,na,na
phee:11105373_2,literature,phee,LITERATURE,-1,literature,na,na,na,na
phee:748238_2,literature,phee,LITERATURE,-1,literature,na,na,na,na
phee:10698143_2,literature,phee,LITERATURE,-1,literature,na,na,na,na
phee:20628041_5,literature,phee,LITERATURE,-1,literature,na,na,na,na
phee:18675768_15,literature,phee,LITERATURE,-1,literature,na,na,na,na
phee:14614357_2,literature,phee,LITERATURE,-1,literature,na,na,na,na
phee:3708949_2,literature,phee,LITERATURE,-1,literature,na,na,na,na
phee:18364401_4,literature,phee,LITERATURE,-1,literature,na,na,na,na
phee:8151270_1,literature,phee,LITERATURE,-1,literature,na,na,na,na
phee:18425523_4,literature,phee,LITERATURE,-1,literature,na,na,na,na
phee:14968106_4,literature,phee,LITERATURE,-1,literature,na,na,na,na
phee:18166746_4,literature,phee,LITERATURE,-1,literature,na,na,na,na
phee:9704170_2,literature,phee,LITERATURE,-1,literature,na,na,na,na
phee:11485141_2,literature,phee,LITERATURE,-1,literature,na,na,na,na
phee:10752888_1,literature,phee,LITERATURE,-1,literature,na,na,na,na
phee:2012922_2,literature,phee,LITERATURE,-1,literature,na,na,na,na
phee:2219619_1,literature,phee,LITERATURE,-1,literature,na,na,na,na
phee:18076602_1,literature,phee,LITERATURE,-1,literature,na,na,na,na
phee:8726608_5,literature,phee,LITERATURE,-1,literature,na,na,na,na
phee:17504225_3,literature,phee,LITERATURE,-1,literature,na,na,na,na
phee:12847760_1,literature,phee,LITERATURE,-1,literature,na,na,na,na
phee:15516308_15,literature,phee,LITERATURE,-1,literature,na,na,na,na
phee:17275666_4,literature,phee,LITERATURE,-1,literature,na,na,na,na
phee:16192734_3,literature,phee,LITERATURE,-1,literature,na,na,na,na
phee:7748076_2,literature,phee,LITERATURE,-1,literature,na,na,na,na
phee:9007910_8,literature,phee,LITERATURE,-1,literature,na,na,na,na
phee:8912599_2,literature,phee,LITERATURE,-1,literature,na,na,na,na
phee:18203308_3,literature,phee,LITERATURE,-1,literature,na,na,na,na
phee:53128_3,literature,phee,LITERATURE,-1,literature,na,na,na,na
phee:9533061_2,literature,phee,LITERATURE,-1,literature,na,na,na,na
phee:20234160_1,literature,phee,LITERATURE,-1,literature,na,na,na,na
phee:8876616_2,literature,phee,LITERATURE,-1,literature,na,na,na,na
phee:16192734_2,literature,phee,LITERATURE,-1,literature,na,na,na,na
phee:18628507_5,literature,phee,LITERATURE,-1,literature,na,na,na,na
phee:12477460_3,literature,phee,LITERATURE,-1,literature,na,na,na,na
phee:10573314_5,literature,phee,LITERATURE,-1,literature,na,na,na,na
phee:16393774_5,literature,phee,LITERATURE,-1,literature,na,na,na,na
phee:10682234_9,literature,phee,LITERATURE,-1,literature,na,na,na,na
phee:18837734_1,literature,phee,LITERATURE,-1,literature,na,na,na,na
phee:6697887_2,literature,phee,LITERATURE,-1,literature,na,na,na,na
phee:8726608_4,literature,phee,LITERATURE,-1,literature,na,na,na,na
phee:11283125_9,literature,phee,LITERATURE,-1,literature,na,na,na,na
phee:3732375_1,literature,phee,LITERATURE,-1,literature,na,na,na,na
phee:11197767_3,literature,phee,LITERATURE,-1,literature,na,na,na,na
phee:12504711_3,literature,phee,LITERATURE,-1,literature,na,na,na,na
phee:17387702_1,literature,phee,LITERATURE,-1,literature,na,na,na,na
phee:19131789_2,literature,phee,LITERATURE,-1,literature,na,na,na,na
phee:10646879_2,literature,phee,LITERATURE,-1,literature,na,na,na,na
phee:11352235_3,literature,phee,LITERATURE,-1,literature,na,na,na,na
phee:681921_3,literature,phee,LITERATURE,-1,literature,na,na,na,na
phee:11096051_2,literature,phee,LITERATURE,-1,literature,na,na,na,na
phee:18569796_4,literature,phee,LITERATURE,-1,literature,na,na,na,na
phee:16901609_2,literature,phee,LITERATURE,-1,literature,na,na,na,na
phee:15811174_2,literature,phee,LITERATURE,-1,literature,na,na,na,na
phee:18505911_13,literature,phee,LITERATURE,-1,literature,na,na,na,na
phee:18569796_3,literature,phee,LITERATURE,-1,literature,na,na,na,na
phee:12869178_2,literature,phee,LITERATURE,-1,literature,na,na,na,na
phee:7485371_2,literature,phee,LITERATURE,-1,literature,na,na,na,na
phee:16216617_2,literature,phee,LITERATURE,-1,literature,na,na,na,na
phee:18751717_4,literature,phee,LITERATURE,-1,literature,na,na,na,na
phee:1695794_5,literature,phee,LITERATURE,-1,literature,na,na,na,na
phee:10759907_1,literature,phee,LITERATURE,-1,literature,na,na,na,na
phee:19754002_3,literature,phee,LITERATURE,-1,literature,na,na,na,na
phee:7639655_2,literature,phee,LITERATURE,-1,literature,na,na,na,na
phee:14742791_2,literature,phee,LITERATURE,-1,literature,na,na,na,na
phee:9865241_5,literature,phee,LITERATURE,-1,literature,na,na,na,na
phee:11485141_1,literature,phee,LITERATURE,-1,literature,na,na,na,na
phee:18166746_3,literature,phee,LITERATURE,-1,literature,na,na,na,na
phee:7712052_3,literature,phee,LITERATURE,-1,literature,na,na,na,na
phee:15773973_2,literature,phee,LITERATURE,-1,literature,na,na,na,na
phee:2943526_1,literature,phee,LITERATURE,-1,literature,na,na,na,na
phee:3136101_1,literature,phee,LITERATURE,-1,literature,na,na,na,na
phee:10082597_1,literature,phee,LITERATURE,-1,literature,na,na,na,na
phee:18505911_4,literature,phee,LITERATURE,-1,literature,na,na,na,na
phee:9279731_1,literature,phee,LITERATURE,-1,literature,na,na,na,na
phee:3211830_2,literature,phee,LITERATURE,-1,literature,na,na,na,na
phee:9726762_2,literature,phee,LITERATURE,-1,literature,na,na,na,na
phee:15773973_3,literature,phee,LITERATURE,-1,literature,na,na,na,na
phee:16697705_2,literature,phee,LITERATURE,-1,literature,na,na,na,na
phee:7212107_2,literature,phee,LITERATURE,-1,literature,na,na,na,na
phee:10579985_2,literature,phee,LITERATURE,-1,literature,na,na,na,na
phee:15863610_7,literature,phee,LITERATURE,-1,literature,na,na,na,na
phee:19131789_3,literature,phee,LITERATURE,-1,literature,na,na,na,na
phee:8467620_2,literature,phee,LITERATURE,-1,literature,na,na,na,na
phee:14561622_2,literature,phee,LITERATURE,-1,literature,na,na,na,na
phee:16843118_2,literature,phee,LITERATURE,-1,literature,na,na,na,na
phee:20465622_1,literature,phee,LITERATURE,-1,literature,na,na,na,na
phee:17619811_1,literature,phee,LITERATURE,-1,literature,na,na,na,na
phee:17275666_6,literature,phee,LITERATURE,-1,literature,na,na,na,na
phee:18277922_1,literature,phee,LITERATURE,-1,literature,na,na,na,na
phee:15857283_1,literature,phee,LITERATURE,-1,literature,na,na,na,na
phee:7978578_1,literature,phee,LITERATURE,-1,literature,na,na,na,na
phee:16978752_1,literature,phee,LITERATURE,-1,literature,na,na,na,na
phee:8250714_2,literature,phee,LITERATURE,-1,literature,na,na,na,na
phee:1695794_3,literature,phee,LITERATURE,-1,literature,na,na,na,na
phee:6239881_1,literature,phee,LITERATURE,-1,literature,na,na,na,na
phee:8610807_3,literature,phee,LITERATURE,-1,literature,na,na,na,na
phee:23970584_4,literature,phee,LITERATURE,-1,literature,na,na,na,na
phee:11341670_2,literature,phee,LITERATURE,-1,literature,na,na,na,na
phee:18855892_5,literature,phee,LITERATURE,-1,literature,na,na,na,na
phee:17823522_5,literature,phee,LITERATURE,-1,literature,na,na,na,na
phee:18569796_1,literature,phee,LITERATURE,-1,literature,na,na,na,na
phee:1469187_2,literature,phee,LITERATURE,-1,literature,na,na,na,na
phee:6788011_3,literature,phee,LITERATURE,-1,literature,na,na,na,na
phee:20199429_1,literature,phee,LITERATURE,-1,literature,na,na,na,na
phee:16160485_2,literature,phee,LITERATURE,-1,literature,na,na,na,na
phee:10560960_1,literature,phee,LITERATURE,-1,literature,na,na,na,na
phee:10646879_1,literature,phee,LITERATURE,-1,literature,na,na,na,na
phee:15863610_4,literature,phee,LITERATURE,-1,literature,na,na,na,na
phee:22677303_12,literature,phee,LITERATURE,-1,literature,na,na,na,na
phee:11724089_2,literature,phee,LITERATURE,-1,literature,na,na,na,na
phee:879939_5,literature,phee,LITERATURE,-1,literature,na,na,na,na
phee:14697943_1,literature,phee,LITERATURE,-1,literature,na,na,na,na
phee:14742791_5,literature,phee,LITERATURE,-1,literature,na,na,na,na
phee:9726762_4,literature,phee,LITERATURE,-1,literature,na,na,na,na
phee:1966850_1,literature,phee,LITERATURE,-1,literature,na,na,na,na
phee:8145359_1,literature,phee,LITERATURE,-1,literature,na,na,na,na
phee:11762672_1,literature,phee,LITERATURE,-1,literature,na,na,na,na
phee:8523340_1,literature,phee,LITERATURE,-1,literature,na,na,na,na
phee:1868481_2,literature,phee,LITERATURE,-1,literature,na,na,na,na
phee:12836099_1,literature,phee,LITERATURE,-1,literature,na,na,na,na
phee:18628507_4,literature,phee,LITERATURE,-1,literature,na,na,na,na
phee:4014301_1,literature,phee,LITERATURE,-1,literature,na,na,na,na
phee:15522120_10,literature,phee,LITERATURE,-1,literature,na,na,na,na
phee:11724089_6,literature,phee,LITERATURE,-1,literature,na,na,na,na
phee:3917429_1,literature,phee,LITERATURE,-1,literature,na,na,na,na
phee:6738830_1,literature,phee,LITERATURE,-1,literature,na,na,na,na
phee:440873_3,literature,phee,LITERATURE,-1,literature,na,na,na,na
phee:12042592_2,literature,phee,LITERATURE,-1,literature,na,na,na,na
phee:9777751_6,literature,phee,LITERATURE,-1,literature,na,na,na,na
phee:8696525_2,literature,phee,LITERATURE,-1,literature,na,na,na,na
phee:7355327_2,literature,phee,LITERATURE,-1,literature,na,na,na,na
phee:11147747_2,literature,phee,LITERATURE,-1,literature,na,na,na,na
phee:1680596_1,literature,phee,LITERATURE,-1,literature,na,na,na,na
phee:19112808_1,literature,phee,LITERATURE,-1,literature,na,na,na,na
phee:11762672_2,literature,phee,LITERATURE,-1,literature,na,na,na,na
phee:20925534_3,literature,phee,LITERATURE,-1,literature,na,na,na,na
phee:10592946_4,literature,phee,LITERATURE,-1,literature,na,na,na,na
phee:11283125_8,literature,phee,LITERATURE,-1,literature,na,na,na,na
phee:17823522_1,literature,phee,LITERATURE,-1,literature,na,na,na,na
phee:1422497_2,literature,phee,LITERATURE,-1,literature,na,na,na,na
phee:7212107_1,literature,phee,LITERATURE,-1,literature,na,na,na,na
phee:18755414_2,literature,phee,LITERATURE,-1,literature,na,na,na,na
phee:589261_3,literature,phee,LITERATURE,-1,literature,na,na,na,na
phee:19754002_4,literature,phee,LITERATURE,-1,literature,na,na,na,na
phee:11202801_3,literature,phee,LITERATURE,-1,literature,na,na,na,na
phee:868978_2,literature,phee,LITERATURE,-1,literature,na,na,na,na
phee:1966850_2,literature,phee,LITERATURE,-1,literature,na,na,na,na
phee:17504225_2,literature,phee,LITERATURE,-1,literature,na,na,na,na
phee:16685007_12,literature,phee,LITERATURE,-1,literature,na,na,na,na
phee:14968106_1,literature,phee,LITERATURE,-1,literature,na,na,na,na
phee:12854039_5,literature,phee,LITERATURE,-1,literature,na,na,na,na
phee:17921794_4,literature,phee,LITERATURE,-1,literature,na,na,na,na
phee:16603845_1,literature,phee,LITERATURE,-1,literature,na,na,na,na
phee:20628041_2,literature,phee,LITERATURE,-1,literature,na,na,na,na
phee:16978752_3,literature,phee,LITERATURE,-1,literature,na,na,na,na
phee:21658326_3,literature,phee,LITERATURE,-1,literature,na,na,na,na
phee:6239881_2,literature,phee,LITERATURE,-1,literature,na,na,na,na
phee:8404753_3,literature,phee,LITERATURE,-1,literature,na,na,na,na
phee:11197767_2,literature,phee,LITERATURE,-1,literature,na,na,na,na
phee:18354950_3,literature,phee,LITERATURE,-1,literature,na,na,na,na
phee:11310527_2,literature,phee,LITERATURE,-1,literature,na,na,na,na
phee:19754002_1,literature,phee,LITERATURE,-1,literature,na,na,na,na
phee:1602800_1,literature,phee,LITERATURE,-1,literature,na,na,na,na
phee:15811174_1,literature,phee,LITERATURE,-1,literature,na,na,na,na
phee:7081289_3,literature,phee,LITERATURE,-1,literature,na,na,na,na
phee:3732375_2,literature,phee,LITERATURE,-1,literature,na,na,na,na
phee:7639655_1,literature,phee,LITERATURE,-1,literature,na,na,na,na
phee:12854039_6,literature,phee,LITERATURE,-1,literature,na,na,na,na
phee:12234159_2,literature,phee,LITERATURE,-1,literature,na,na,na,na
phee:16609346_2,literature,phee,LITERATURE,-1,literature,na,na,na,na
phee:4075534_3,literature,phee,LITERATURE,-1,literature,na,na,na,na
phee:3003260_2,literature,phee,LITERATURE,-1,literature,na,na,na,na
phee:879939_2,literature,phee,LITERATURE,-1,literature,na,na,na,na
phee:3969689_4,literature,phee,LITERATURE,-1,literature,na,na,na,na
phee:8912599_6,literature,phee,LITERATURE,-1,literature,na,na,na,na
phee:11696132_1,literature,phee,LITERATURE,-1,literature,na,na,na,na
phee:12851279_1,literature,phee,LITERATURE,-1,literature,na,na,na,na
phee:15863610_5,literature,phee,LITERATURE,-1,literature,na,na,na,na
phee:16728538_1,literature,phee,LITERATURE,-1,literature,na,na,na,na
phee:22372628_2,literature,phee,LITERATURE,-1,literature,na,na,na,na
phee:7071645_3,literature,phee,LITERATURE,-1,literature,na,na,na,na
phee:18364401_1,literature,phee,LITERATURE,-1,literature,na,na,na,na
phee:18661248_2,literature,phee,LITERATURE,-1,literature,na,na,na,na
phee:12022905_3,literature,phee,LITERATURE,-1,literature,na,na,na,na
phee:11202801_2,literature,phee,LITERATURE,-1,literature,na,na,na,na
phee:11283125_3,literature,phee,LITERATURE,-1,literature,na,na,na,na
phee:7756684_1,literature,phee,LITERATURE,-1,literature,na,na,na,na
phee:15773973_1,literature,phee,LITERATURE,-1,literature,na,na,na,na
phee:18855892_8,literature,phee,LITERATURE,-1,literature,na,na,na,na
phee:15286697_4,literature,phee,LITERATURE,-1,literature,na,na,na,na
phee:2241449_1,literature,phee,LITERATURE,-1,literature,na,na,na,na
phee:12504711_4,literature,phee,LITERATURE,-1,literature,na,na,na,na
phee:15507779_1,literature,phee,LITERATURE,-1,literature,na,na,na,na
phee:1711090_2,literature,phee,LITERATURE,-1,literature,na,na,na,na
phee:3806824_1,literature,phee,LITERATURE,-1,literature,na,na,na,na
phee:440873_4,literature,phee,LITERATURE,-1,literature,na,na,na,na
phee:17275666_1,literature,phee,LITERATURE,-1,literature,na,na,na,na
phee:15516308_10,literature,phee,LITERATURE,-1,literature,na,na,na,na
phee:16599252_2,literature,phee,LITERATURE,-1,literature,na,na,na,na
phee:18855892_3,literature,phee,LITERATURE,-1,literature,na,na,na,na
phee:9737132_3,literature,phee,LITERATURE,-1,literature,na,na,na,na
phee:11096051_1,literature,phee,LITERATURE,-1,literature,na,na,na,na
phee:17823522_3,literature,phee,LITERATURE,-1,literature,na,na,na,na
phee:6810714_1,literature,phee,LITERATURE,-1,literature,na,na,na,na
phee:16132305_2,literature,phee,LITERATURE,-1,literature,na,na,na,na
phee:3084231_1,literature,phee,LITERATURE,-1,literature,na,na,na,na
phee:19583682_3,literature,phee,LITERATURE,-1,literature,na,na,na,na
phee:12218252_1,literature,phee,LITERATURE,-1,literature,na,na,na,na
phee:10592946_1,literature,phee,LITERATURE,-1,literature,na,na,na,na
phee:3242521_1,literature,phee,LITERATURE,-1,literature,na,na,na,na
phee:6671350_4,literature,phee,LITERATURE,-1,literature,na,na,na,na
phee:6873616_2,literature,phee,LITERATURE,-1,literature,na,na,na,na
phee:748238_3,literature,phee,LITERATURE,-1,literature,na,na,na,na
phee:6671350_3,literature,phee,LITERATURE,-1,literature,na,na,na,na
phee:8151270_2,literature,phee,LITERATURE,-1,literature,na,na,na,na
phee:10573314_3,literature,phee,LITERATURE,-1,literature,na,na,na,na
phee:16288069_2,literature,phee,LITERATURE,-1,literature,na,na,na,na
phee:16393774_6,literature,phee,LITERATURE,-1,literature,na,na,na,na
phee:3156465_3,literature,phee,LITERATURE,-1,literature,na,na,na,na
phee:13680140_1,literature,phee,LITERATURE,-1,literature,na,na,na,na
phee:6725214_1,literature,phee,LITERATURE,-1,literature,na,na,na,na
phee:16678268_1,literature,phee,LITERATURE,-1,literature,na,na,na,na
phee:6693840_3,literature,phee,LITERATURE,-1,literature,na,na,na,na
phee:16018164_5,literature,phee,LITERATURE,-1,literature,na,na,na,na
phee:6651138_1,literature,phee,LITERATURE,-1,literature,na,na,na,na
phee:12218252_2,literature,phee,LITERATURE,-1,literature,na,na,na,na
phee:8726608_2,literature,phee,LITERATURE,-1,literature,na,na,na,na
phee:11197767_1,literature,phee,LITERATURE,-1,literature,na,na,na,na
phee:2717661_1,literature,phee,LITERATURE,-1,literature,na,na,na,na
phee:589261_5,literature,phee,LITERATURE,-1,literature,na,na,na,na
phee:15863610_3,literature,phee,LITERATURE,-1,literature,na,na,na,na
phee:6794018_2,literature,phee,LITERATURE,-1,literature,na,na,na,na
phee:18262450_1,literature,phee,LITERATURE,-1,literature,na,na,na,na
phee:14742791_3,literature,phee,LITERATURE,-1,literature,na,na,na,na
phee:19555801_2,literature,phee,LITERATURE,-1,literature,na,na,na,na
phee:10682234_2,literature,phee,LITERATURE,-1,literature,na,na,na,na
phee:21330680_2,literature,phee,LITERATURE,-1,literature,na,na,na,na
phee:4066620_1,literature,phee,LITERATURE,-1,literature,na,na,na,na
phee:19354059_1,literature,phee,LITERATURE,-1,literature,na,na,na,na
phee:18166746_2,literature,phee,LITERATURE,-1,literature,na,na,na,na
phee:15571949_2,literature,phee,LITERATURE,-1,literature,na,na,na,na
phee:11724089_3,literature,phee,LITERATURE,-1,literature,na,na,na,na
phee:21630612_1,literature,phee,LITERATURE,-1,literature,na,na,na,na
phee:9533061_10,literature,phee,LITERATURE,-1,literature,na,na,na,na
phee:8308951_2,literature,phee,LITERATURE,-1,literature,na,na,na,na
phee:3171334_3,literature,phee,LITERATURE,-1,literature,na,na,na,na
phee:10682234_5,literature,phee,LITERATURE,-1,literature,na,na,na,na
phee:7761316_1,literature,phee,LITERATURE,-1,literature,na,na,na,na
phee:8308951_1,literature,phee,LITERATURE,-1,literature,na,na,na,na
phee:16317298_2,literature,phee,LITERATURE,-1,literature,na,na,na,na
phee:12504711_1,literature,phee,LITERATURE,-1,literature,na,na,na,na
phee:12234159_1,literature,phee,LITERATURE,-1,literature,na,na,na,na
phee:9533061_8,literature,phee,LITERATURE,-1,literature,na,na,na,na
phee:14742791_1,literature,phee,LITERATURE,-1,literature,na,na,na,na
phee:16515630_3,literature,phee,LITERATURE,-1,literature,na,na,na,na
phee:1238016_1,literature,phee,LITERATURE,-1,literature,na,na,na,na
phee:3156465_2,literature,phee,LITERATURE,-1,literature,na,na,na,na
phee:7081289_1,literature,phee,LITERATURE,-1,literature,na,na,na,na
phee:10698143_4,literature,phee,LITERATURE,-1,literature,na,na,na,na
phee:17619811_5,literature,phee,LITERATURE,-1,literature,na,na,na,na
phee:7526455_1,literature,phee,LITERATURE,-1,literature,na,na,na,na
phee:15522120_11,literature,phee,LITERATURE,-1,literature,na,na,na,na
phee:8589490_1,literature,phee,LITERATURE,-1,literature,na,na,na,na
phee:11105373_1,literature,phee,LITERATURE,-1,literature,na,na,na,na
phee:2241449_3,literature,phee,LITERATURE,-1,literature,na,na,na,na
phee:17016002_2,literature,phee,LITERATURE,-1,literature,na,na,na,na
phee:11563738_1,literature,phee,LITERATURE,-1,literature,na,na,na,na
phee:2719905_1,literature,phee,LITERATURE,-1,literature,na,na,na,na
phee:623061_1,literature,phee,LITERATURE,-1,literature,na,na,na,na
phee:868978_1,literature,phee,LITERATURE,-1,literature,na,na,na,na
phee:18258513_1,literature,phee,LITERATURE,-1,literature,na,na,na,na
phee:21802143_5,literature,phee,LITERATURE,-1,literature,na,na,na,na
phee:10682234_1,literature,phee,LITERATURE,-1,literature,na,na,na,na
phee:12567347_1,literature,phee,LITERATURE,-1,literature,na,na,na,na
phee:7783891_1,literature,phee,LITERATURE,-1,literature,na,na,na,na
phee:11563738_2,literature,phee,LITERATURE,-1,literature,na,na,na,na
phee:7258204_1,literature,phee,LITERATURE,-1,literature,na,na,na,na
phee:16216617_1,literature,phee,LITERATURE,-1,literature,na,na,na,na
phee:16620273_2,literature,phee,LITERATURE,-1,literature,na,na,na,na
phee:1868481_1,literature,phee,LITERATURE,-1,literature,na,na,na,na
phee:16728538_4,literature,phee,LITERATURE,-1,literature,na,na,na,na
phee:12851279_6,literature,phee,LITERATURE,-1,literature,na,na,na,na
phee:20234160_3,literature,phee,LITERATURE,-1,literature,na,na,na,na
phee:19884751_2,literature,phee,LITERATURE,-1,literature,na,na,na,na
phee:7139589_3,literature,phee,LITERATURE,-1,literature,na,na,na,na
phee:15286697_3,literature,phee,LITERATURE,-1,literature,na,na,na,na
phee:19212144_1,literature,phee,LITERATURE,-1,literature,na,na,na,na
phee:9253492_1,literature,phee,LITERATURE,-1,literature,na,na,na,na
phee:18166746_1,literature,phee,LITERATURE,-1,literature,na,na,na,na
phee:868978_3,literature,phee,LITERATURE,-1,literature,na,na,na,na
phee:11510798_4,literature,phee,LITERATURE,-1,literature,na,na,na,na
phee:9886213_1,literature,phee,LITERATURE,-1,literature,na,na,na,na
phee:172214_1,literature,phee,LITERATURE,-1,literature,na,na,na,na
phee:11485141_3,literature,phee,LITERATURE,-1,literature,na,na,na,na
phee:10573314_12,literature,phee,LITERATURE,-1,literature,na,na,na,na
phee:15461766_2,literature,phee,LITERATURE,-1,literature,na,na,na,na
phee:19336028_1,literature,phee,LITERATURE,-1,literature,na,na,na,na
phee:10225085_1,literature,phee,LITERATURE,-1,literature,na,na,na,na
phee:6851259_1,literature,phee,LITERATURE,-1,literature,na,na,na,na
phee:19318596_4,literature,phee,LITERATURE,-1,literature,na,na,na,na
phee:15811174_3,literature,phee,LITERATURE,-1,literature,na,na,na,na
phee:8124920_2,literature,phee,LITERATURE,-1,literature,na,na,na,na
phee:11109149_3,literature,phee,LITERATURE,-1,literature,na,na,na,na
phee:2719905_2,literature,phee,LITERATURE,-1,literature,na,na,na,na
phee:18071101_1,literature,phee,LITERATURE,-1,literature,na,na,na,na
phee:3720318_1,literature,phee,LITERATURE,-1,literature,na,na,na,na
phee:589261_1,literature,phee,LITERATURE,-1,literature,na,na,na,na
phee:18262450_7,literature,phee,LITERATURE,-1,literature,na,na,na,na
phee:22552763_4,literature,phee,LITERATURE,-1,literature,na,na,na,na
phee:2532694_2,literature,phee,LITERATURE,-1,literature,na,na,na,na
phee:9870779_2,literature,phee,LITERATURE,-1,literature,na,na,na,na
phee:15516308_3,literature,phee,LITERATURE,-1,literature,na,na,na,na
phee:2830062_3,literature,phee,LITERATURE,-1,literature,na,na,na,na
phee:16046172_1,literature,phee,LITERATURE,-1,literature,na,na,na,na
phee:21729965_1,literature,phee,LITERATURE,-1,literature,na,na,na,na
phee:16341621_1,literature,phee,LITERATURE,-1,literature,na,na,na,na
phee:2532694_1,literature,phee,LITERATURE,-1,literature,na,na,na,na
phee:8912599_8,literature,phee,LITERATURE,-1,literature,na,na,na,na
phee:18755414_1,literature,phee,LITERATURE,-1,literature,na,na,na,na
phee:9671138_2,literature,phee,LITERATURE,-1,literature,na,na,na,na
phee:9149614_2,literature,phee,LITERATURE,-1,literature,na,na,na,na
phee:8316494_1,literature,phee,LITERATURE,-1,literature,na,na,na,na
phee:12908837_1,literature,phee,LITERATURE,-1,literature,na,na,na,na
phee:6671350_2,literature,phee,LITERATURE,-1,literature,na,na,na,na
phee:9865241_2,literature,phee,LITERATURE,-1,literature,na,na,na,na
phee:17090724_3,literature,phee,LITERATURE,-1,literature,na,na,na,na
phee:16132305_1,literature,phee,LITERATURE,-1,literature,na,na,na,na
phee:15836666_1,literature,phee,LITERATURE,-1,literature,na,na,na,na
phee:16132305_5,literature,phee,LITERATURE,-1,literature,na,na,na,na
phee:12927328_1,literature,phee,LITERATURE,-1,literature,na,na,na,na
phee:17016002_3,literature,phee,LITERATURE,-1,literature,na,na,na,na
phee:3343188_2,literature,phee,LITERATURE,-1,literature,na,na,na,na
phee:8151270_3,literature,phee,LITERATURE,-1,literature,na,na,na,na
phee:11352235_2,literature,phee,LITERATURE,-1,literature,na,na,na,na
phee:11450788_1,literature,phee,LITERATURE,-1,literature,na,na,na,na
phee:1756352_1,literature,phee,LITERATURE,-1,literature,na,na,na,na
phee:8308951_4,literature,phee,LITERATURE,-1,literature,na,na,na,na
phee:10752888_2,literature,phee,LITERATURE,-1,literature,na,na,na,na
phee:17619811_4,literature,phee,LITERATURE,-1,literature,na,na,na,na
phee:16678268_2,literature,phee,LITERATURE,-1,literature,na,na,na,na
phee:10573314_7,literature,phee,LITERATURE,-1,literature,na,na,na,na
phee:9007910_4,literature,phee,LITERATURE,-1,literature,na,na,na,na
phee:21515865_11,literature,phee,LITERATURE,-1,literature,na,na,na,na
phee:17921794_1,literature,phee,LITERATURE,-1,literature,na,na,na,na
phee:6671350_1,literature,phee,LITERATURE,-1,literature,na,na,na,na
phee:18042092_2,literature,phee,LITERATURE,-1,literature,na,na,na,na
phee:3084231_3,literature,phee,LITERATURE,-1,literature,na,na,na,na
phee:17316891_1,literature,phee,LITERATURE,-1,literature,na,na,na,na
phee:18628507_3,literature,phee,LITERATURE,-1,literature,na,na,na,na
phee:18037876_2,literature,phee,LITERATURE,-1,literature,na,na,na,na
phee:9413296_1,literature,phee,LITERATURE,-1,literature,na,na,na,na
phee:18569796_2,literature,phee,LITERATURE,-1,literature,na,na,na,na
phee:10573314_8,literature,phee,LITERATURE,-1,literature,na,na,na,na
phee:2022118_1,literature,phee,LITERATURE,-1,literature,na,na,na,na
phee:681921_2,literature,phee,LITERATURE,-1,literature,na,na,na,na
phee:10717401_1,literature,phee,LITERATURE,-1,literature,na,na,na,na
phee:4063627_3,literature,phee,LITERATURE,-1,literature,na,na,na,na
phee:18262450_14,literature,phee,LITERATURE,-1,literature,na,na,na,na
phee:17504225_4,literature,phee,LITERATURE,-1,literature,na,na,na,na
phee:10190739_1,literature,phee,LITERATURE,-1,literature,na,na,na,na
phee:16018164_3,literature,phee,LITERATURE,-1,literature,na,na,na,na
phee:16490518_1,literature,phee,LITERATURE,-1,literature,na,na,na,na
phee:7369302_2,literature,phee,LITERATURE,-1,literature,na,na,na,na
phee:10682234_6,literature,phee,LITERATURE,-1,literature,na,na,na,na
phee:9777751_1,literature,phee,LITERATURE,-1,literature,na,na,na,na
phee:18751717_2,literature,phee,LITERATURE,-1,literature,na,na,na,na
phee:14522628_2,literature,phee,LITERATURE,-1,literature,na,na,na,na
phee:15368548_5,literature,phee,LITERATURE,-1,literature,na,na,na,na
phee:11804071_3,literature,phee,LITERATURE,-1,literature,na,na,na,na
phee:10646879_3,literature,phee,LITERATURE,-1,literature,na,na,na,na
phee:18354950_2,literature,phee,LITERATURE,-1,literature,na,na,na,na
phee:16697705_1,literature,phee,LITERATURE,-1,literature,na,na,na,na
phee:3171334_1,literature,phee,LITERATURE,-1,literature,na,na,na,na
phee:16357738_3,literature,phee,LITERATURE,-1,literature,na,na,na,na
phee:12507063_1,literature,phee,LITERATURE,-1,literature,na,na,na,na
phee:4014301_2,literature,phee,LITERATURE,-1,literature,na,na,na,na
phee:15061230_1,literature,phee,LITERATURE,-1,literature,na,na,na,na
phee:12397859_1,literature,phee,LITERATURE,-1,literature,na,na,na,na
phee:3156465_1,literature,phee,LITERATURE,-1,literature,na,na,na,na
phee:12022905_6,literature,phee,LITERATURE,-1,literature,na,na,na,na
phee:6572542_4,literature,phee,LITERATURE,-1,literature,na,na,na,na
phee:11724089_1,literature,phee,LITERATURE,-1,literature,na,na,na,na
phee:18755414_3,literature,phee,LITERATURE,-1,literature,na,na,na,na
phee:10225085_2,literature,phee,LITERATURE,-1,literature,na,na,na,na
phee:10812579_3,literature,phee,LITERATURE,-1,literature,na,na,na,na
phee:8579054_1,literature,phee,LITERATURE,-1,literature,na,na,na,na
phee:10698143_1,literature,phee,LITERATURE,-1,literature,na,na,na,na
phee:20465622_2,literature,phee,LITERATURE,-1,literature,na,na,na,na
phee:18675768_4,literature,phee,LITERATURE,-1,literature,na,na,na,na
phee:7949255_1,literature,phee,LITERATURE,-1,literature,na,na,na,na
phee:18675768_13,literature,phee,LITERATURE,-1,literature,na,na,na,na
phee:1082426_1,literature,phee,LITERATURE,-1,literature,na,na,na,na
phee:16685007_1,literature,phee,LITERATURE,-1,literature,na,na,na,na
phee:8250714_1,literature,phee,LITERATURE,-1,literature,na,na,na,na
phee:12022905_1,literature,phee,LITERATURE,-1,literature,na,na,na,na
phee:6401771_2,literature,phee,LITERATURE,-1,literature,na,na,na,na
phee:9870779_1,literature,phee,LITERATURE,-1,literature,na,na,na,na
phee:9627209_1,literature,phee,LITERATURE,-1,literature,na,na,na,na
phee:7355327_3,literature,phee,LITERATURE,-1,literature,na,na,na,na
phee:6362443_2,literature,phee,LITERATURE,-1,literature,na,na,na,na
phee:6725214_2,literature,phee,LITERATURE,-1,literature,na,na,na,na
phee:7639655_3,literature,phee,LITERATURE,-1,literature,na,na,na,na
phee:8850251_4,literature,phee,LITERATURE,-1,literature,na,na,na,na
phee:15927910_2,literature,phee,LITERATURE,-1,literature,na,na,na,na
phee:23115227_6,literature,phee,LITERATURE,-1,literature,na,na,na,na
phee:3806824_2,literature,phee,LITERATURE,-1,literature,na,na,na,na
phee:6865827_3,literature,phee,LITERATURE,-1,literature,na,na,na,na
phee:15522120_1,literature,phee,LITERATURE,-1,literature,na,na,na,na
phee:18262450_11,literature,phee,LITERATURE,-1,literature,na,na,na,na
phee:6618859_2,literature,phee,LITERATURE,-1,literature,na,na,na,na
phee:3542612_1,literature,phee,LITERATURE,-1,literature,na,na,na,na
phee:6873616_3,literature,phee,LITERATURE,-1,literature,na,na,na,na
phee:8523340_2,literature,phee,LITERATURE,-1,literature,na,na,na,na
phee:23970584_3,literature,phee,LITERATURE,-1,literature,na,na,na,na
phee:6731466_2,literature,phee,LITERATURE,-1,literature,na,na,na,na
phee:11341670_1,literature,phee,LITERATURE,-1,literature,na,na,na,na
phee:10682234_7,literature,phee,LITERATURE,-1,literature,na,na,na,na
phee:19318596_1,literature,phee,LITERATURE,-1,literature,na,na,na,na
phee:3171334_5,literature,phee,LITERATURE,-1,literature,na,na,na,na
phee:12786839_2,literature,phee,LITERATURE,-1,literature,na,na,na,na
phee:23970584_8,literature,phee,LITERATURE,-1,literature,na,na,na,na
phee:12504711_2,literature,phee,LITERATURE,-1,literature,na,na,na,na
phee:12659609_9,literature,phee,LITERATURE,-1,literature,na,na,na,na
phee:20925534_15,literature,phee,LITERATURE,-1,literature,na,na,na,na
phee:18855892_2,literature,phee,LITERATURE,-1,literature,na,na,na,na
phee:1422497_3,literature,phee,LITERATURE,-1,literature,na,na,na,na
phee:10759907_3,literature,phee,LITERATURE,-1,literature,na,na,na,na
phee:1756352_2,literature,phee,LITERATURE,-1,literature,na,na,na,na
phee:8610807_2,literature,phee,LITERATURE,-1,literature,na,na,na,na
phee:9007910_1,literature,phee,LITERATURE,-1,literature,na,na,na,na
phee:16393774_2,literature,phee,LITERATURE,-1,literature,na,na,na,na
phee:18071101_2,literature,phee,LITERATURE,-1,literature,na,na,na,na
phee:18425523_2,literature,phee,LITERATURE,-1,literature,na,na,na,na
phee:18425523_1,literature,phee,LITERATURE,-1,literature,na,na,na,na
phee:20234160_2,literature,phee,LITERATURE,-1,literature,na,na,na,na
phee:15093850_2,literature,phee,LITERATURE,-1,literature,na,na,na,na
phee:16357738_1,literature,phee,LITERATURE,-1,literature,na,na,na,na
phee:12854039_2,literature,phee,LITERATURE,-1,literature,na,na,na,na
phee:9550246_1,literature,phee,LITERATURE,-1,literature,na,na,na,na
phee:16393774_3,literature,phee,LITERATURE,-1,literature,na,na,na,na
phee:18977778_1,literature,phee,LITERATURE,-1,literature,na,na,na,na
phee:18354950_1,literature,phee,LITERATURE,-1,literature,na,na,na,na
phee:18505911_1,literature,phee,LITERATURE,-1,literature,na,na,na,na
phee:3084231_2,literature,phee,LITERATURE,-1,literature,na,na,na,na
phee:6697887_1,literature,phee,LITERATURE,-1,literature,na,na,na,na
phee:1711090_6,literature,phee,LITERATURE,-1,literature,na,na,na,na
phee:6738830_2,literature,phee,LITERATURE,-1,literature,na,na,na,na
phee:3171334_4,literature,phee,LITERATURE,-1,literature,na,na,na,na
phee:7639655_4,literature,phee,LITERATURE,-1,literature,na,na,na,na
phee:14968106_2,literature,phee,LITERATURE,-1,literature,na,na,na,na
phee:14522628_1,literature,phee,LITERATURE,-1,literature,na,na,na,na
phee:129501_1,literature,phee,LITERATURE,-1,literature,na,na,na,na
phee:9253492_3,literature,phee,LITERATURE,-1,literature,na,na,na,na
phee:18166746_7,literature,phee,LITERATURE,-1,literature,na,na,na,na
phee:11236070_2,literature,phee,LITERATURE,-1,literature,na,na,na,na
phee:18371508_1,literature,phee,LITERATURE,-1,literature,na,na,na,na
phee:16620273_1,literature,phee,LITERATURE,-1,literature,na,na,na,na
phee:18037876_3,literature,phee,LITERATURE,-1,literature,na,na,na,na
phee:10579985_3,literature,phee,LITERATURE,-1,literature,na,na,na,na
phee:16317298_6,literature,phee,LITERATURE,-1,literature,na,na,na,na
phee:18523232_4,literature,phee,LITERATURE,-1,literature,na,na,na,na
phee:7712052_6,literature,phee,LITERATURE,-1,literature,na,na,na,na
phee:6928097_1,literature,phee,LITERATURE,-1,literature,na,na,na,na
phee:12477460_2,literature,phee,LITERATURE,-1,literature,na,na,na,na
phee:15368548_1,literature,phee,LITERATURE,-1,literature,na,na,na,na
phee:21515865_3,literature,phee,LITERATURE,-1,literature,na,na,na,na
phee:12851279_14,literature,phee,LITERATURE,-1,literature,na,na,na,na
phee:6572542_1,literature,phee,LITERATURE,-1,literature,na,na,na,na
phee:11452245_11,literature,phee,LITERATURE,-1,literature,na,na,na,na
phee:1888256_1,literature,phee,LITERATURE,-1,literature,na,na,na,na
